InvoiceNo,InvoiceDate,CustomerID,Quantity,price_total,StockCode
536365,2010-12-01,17850,40,139.12,7
536366,2010-12-01,17850,12,22.2,2
536367,2010-12-01,13047,83,278.73,12
536368,2010-12-01,13047,15,70.05,4
536369,2010-12-01,13047,3,17.85,1
536370,2010-12-01,12583,449,855.86,20
536371,2010-12-01,13748,80,204.0,1
536372,2010-12-01,17850,12,22.2,2
536373,2010-12-01,17850,88,259.86,16
536374,2010-12-01,15100,32,350.4,1
536375,2010-12-01,17850,88,259.86,16
536376,2010-12-01,15291,112,328.8,2
536377,2010-12-01,17850,12,22.2,2
536378,2010-12-01,14688,454,444.98,19
536380,2010-12-01,17809,24,34.8,1
536381,2010-12-01,15311,198,449.98,35
536382,2010-12-01,16098,134,430.6,12
536384,2010-12-01,18074,190,489.6,13
536385,2010-12-01,17420,53,130.85,7
536386,2010-12-01,16029,236,508.2,3
536387,2010-12-01,16029,1440,3193.92,5
536388,2010-12-01,16250,108,226.14,14
536389,2010-12-01,12431,107,358.25,14
536390,2010-12-01,17511,1568,1825.74,24
536392,2010-12-01,13705,103,318.14,10
536393,2010-12-01,13747,8,79.6,1
536394,2010-12-01,13408,544,1024.68,11
536395,2010-12-01,13767,260,507.88,14
536396,2010-12-01,17850,102,376.36,18
536397,2010-12-01,17924,60,279.0,2
536398,2010-12-01,13448,150,426.56,17
536399,2010-12-01,17850,12,22.2,2
536400,2010-12-01,13448,12,17.4,1
536401,2010-12-01,15862,124,354.23,64
536402,2010-12-01,15513,116,357.0,3
536403,2010-12-01,12791,97,192.6,2
536404,2010-12-01,16218,438,471.3,28
536405,2010-12-01,14045,128,326.4,1
536406,2010-12-01,17850,96,353.14,17
536407,2010-12-01,17850,12,22.2,2
536408,2010-12-01,14307,558,783.11,48
536409,2010-12-01,17908,173,243.28,58
536412,2010-12-01,17920,220,514.41,81
536415,2010-12-01,12838,228,390.79,59
536416,2010-12-01,13255,110,225.7,6
536420,2010-12-01,16583,111,233.45,14
536423,2010-12-01,18085,78,303.9,9
536425,2010-12-01,13758,137,362.45,17
536437,2010-12-01,13694,1004,842.12,6
536446,2010-12-01,15983,329,440.89,32
536460,2010-12-01,14849,158,295.54,14
536463,2010-12-01,14849,12,17.4,1
536464,2010-12-01,17968,160,277.35,85
536466,2010-12-01,14849,18,42.9,2
536477,2010-12-01,16210,1070,2474.74,14
536488,2010-12-01,17897,72,165.89,35
536500,2010-12-01,17377,102,223.9,15
536502,2010-12-01,16552,39,95.29,5
536508,2010-12-01,17181,216,155.52,2
536514,2010-12-01,17951,118,295.5,5
536520,2010-12-01,14729,197,313.49,71
536521,2010-12-01,12748,1,4.95,1
536522,2010-12-01,15012,86,191.06,54
536523,2010-12-01,12868,112,203.3,12
536524,2010-12-01,17572,24,70.8,4
536525,2010-12-01,14078,29,136.24,13
536526,2010-12-01,14001,94,301.24,9
536527,2010-12-01,12662,157,261.48,15
536528,2010-12-01,15525,124,313.93,57
536529,2010-12-01,14237,38,161.0,9
536530,2010-12-01,17905,72,201.75,23
536531,2010-12-01,15485,416,950.09,23
536532,2010-12-01,12433,1852,1919.13999999999,73
536533,2010-12-01,16955,80,156.1,6
536534,2010-12-01,15350,51,115.65,5
536535,2010-12-01,15605,71,194.85,12
536536,2010-12-01,18144,95,165.049999999999,3
536537,2010-12-01,15922,138,369.5,11
536538,2010-12-01,14594,146,255.0,31
536539,2010-12-01,15165,160,487.75,27
536540,2010-12-01,14911,231,540.38,20
536541,2010-12-01,14911,12,15.0,1
536542,2010-12-01,16456,392,787.4,16
536551,2010-12-01,17346,88,146.61,35
536556,2010-12-01,17643,71,101.55,8
536557,2010-12-01,17841,199,537.38,65
536559,2010-12-01,17873,129,215.149999999999,9
536560,2010-12-01,13093,256,799.4,13
536561,2010-12-01,12921,140,322.4,15
536562,2010-12-01,13468,99,308.65,18
536563,2010-12-01,17760,165,172.54,9
536564,2010-12-01,13468,12,51.4,2
536566,2010-12-01,16928,93,116.25,6
536567,2010-12-01,16048,132,251.4,7
536568,2010-12-01,16048,12,5.04,1
536569,2010-12-01,16274,155,357.95,67
536570,2010-12-01,14496,86,304.34,5
536571,2010-12-01,14696,284,294.62,18
536572,2010-12-01,16539,301,442.349999999999,21
536573,2010-12-01,17025,136,143.12,4
536574,2010-12-01,17025,3,17.85,1
536575,2010-12-01,13777,858,1552.98,8
536576,2010-12-01,13777,1122,2558.42,16
536577,2010-12-01,13777,388,497.0,4
536578,2010-12-01,17690,104,279.6,8
536579,2010-12-01,13777,276,315.96,2
536580,2010-12-01,17690,66,97.1999999999999,6
536581,2010-12-01,13777,200,330.0,1
536582,2010-12-01,12947,184,304.04,17
536583,2010-12-01,13777,120,198.0,1
536584,2010-12-01,13777,384,1132.8,1
536585,2010-12-01,17460,2,19.9,1
536586,2010-12-01,18229,44,344.2,7
536587,2010-12-01,14142,313,311.81,22
536588,2010-12-01,17069,103,277.05,11
536590,2010-12-01,13065,74,205.86,14
536591,2010-12-01,14606,93,198.32,40
536593,2010-12-01,16835,19,81.75,5
536594,2010-12-01,15235,34,79.5,5
536595,2010-12-01,13576,108,349.15,11
536597,2010-12-01,18011,71,102.789999999999,28
536598,2010-12-02,13090,76,160.6,4
536599,2010-12-02,15694,80,306.4,6
536600,2010-12-02,17850,56,251.62,12
536601,2010-12-02,17850,12,22.2,2
536602,2010-12-02,17850,64,163.76,12
536603,2010-12-02,17850,12,22.2,2
536604,2010-12-02,14741,114,184.5,9
536605,2010-12-02,13715,107,272.65,15
536607,2010-12-02,17732,93,303.97,18
536608,2010-12-02,12855,30,38.1,3
536609,2010-12-02,17850,88,244.46,16
536610,2010-12-02,17850,12,22.2,2
536611,2010-12-02,15752,153,259.65,14
536612,2010-12-02,17850,82,206.76,15
536613,2010-12-02,17855,197,208.97,17
536614,2010-12-02,17850,12,22.2,2
536615,2010-12-02,14047,108,286.92,12
536616,2010-12-02,17925,72,244.08,1
536617,2010-12-02,13941,644,1095.12,11
536618,2010-12-02,17017,600,780.12,21
536619,2010-12-02,17017,48,97.1999999999999,2
536620,2010-12-02,14135,741,485.25,23
536621,2010-12-02,13108,298,350.06,10
536623,2010-12-02,15601,666,768.38,48
536624,2010-12-02,13418,228,610.64,22
536626,2010-12-02,13418,6,12.6,1
536627,2010-12-02,15658,64,306.2,14
536628,2010-12-02,17850,86,230.56,16
536629,2010-12-02,17850,12,22.2,2
536630,2010-12-02,17850,88,244.46,16
536631,2010-12-02,17850,12,22.2,2
536632,2010-12-02,14388,170,312.8,21
536633,2010-12-02,14901,105,204.15,18
536634,2010-12-02,18041,159,193.78,14
536635,2010-12-02,15955,246,572.38,20
536636,2010-12-02,15070,36,106.2,1
536637,2010-12-02,18041,165,235.16,67
536638,2010-12-02,16244,619,1056.63,63
536639,2010-12-02,15111,106,288.5,16
536641,2010-12-02,12748,1,4.25,1
536643,2010-12-02,14390,74,223.7,27
536663,2010-12-02,16546,156,299.4,6
536667,2010-12-02,15260,214,362.5,16
536670,2010-12-02,15260,40,58.0,1
536671,2010-12-02,13305,132,136.2,5
536672,2010-12-02,14491,40,127.2,4
536673,2010-12-02,14060,504,339.84,8
536674,2010-12-02,15923,122,127.08,21
536676,2010-12-02,16752,54,207.5,9
536681,2010-12-02,17287,46,113.92,13
536685,2010-12-02,17850,108,380.46,17
536688,2010-12-02,17850,12,22.2,2
536690,2010-12-02,17850,92,331.26,17
536693,2010-12-02,17850,12,22.2,2
536698,2010-12-02,15363,144,326.0,16
536707,2010-12-02,12915,41,199.65,13
536732,2010-12-02,15544,274,354.54,26
536733,2010-12-02,15738,255,329.65,14
536735,2010-12-02,17381,128,211.2,1
536736,2010-12-02,17381,1296,824.88,5
536738,2010-12-02,15827,42,98.18,7
536739,2010-12-02,14180,31,201.75,12
536740,2010-12-02,15827,67,92.75,7
536741,2010-12-02,13117,130,202.12,15
536742,2010-12-02,16916,103,198.08,50
536743,2010-12-02,17964,195,261.76,35
536744,2010-12-02,14466,137,379.75,10
536745,2010-12-02,17235,126,341.9,10
536746,2010-12-02,16510,92,248.1,13
536747,2010-12-02,17802,75,100.2,12
536748,2010-12-02,15107,26,116.0,5
536749,2010-12-02,17976,106,353.19,65
536750,2010-12-02,17850,118,434.8,19
536751,2010-12-02,17850,12,22.2,2
536752,2010-12-02,17850,104,390.66,19
536753,2010-12-02,17850,12,22.2,2
536754,2010-12-02,14449,142,210.24,50
536759,2010-12-02,16781,113,311.25,17
536761,2010-12-02,13491,36,98.9,7
536762,2010-12-02,16186,231,307.68,20
536763,2010-12-02,17685,331,452.52,12
536769,2010-12-02,17581,375,668.4,31
536771,2010-12-02,17581,66,118.38,7
536777,2010-12-02,15732,97,138.1,5
536778,2010-12-02,13138,125,193.23,14
536779,2010-12-02,15823,1,15.0,1
536781,2010-12-02,17460,24,50.4,1
536782,2010-12-02,17567,244,517.95,27
536783,2010-12-02,15061,2909,4076.48,38
536784,2010-12-02,15061,1330,2170.9,25
536785,2010-12-02,15061,1008,2730.96,6
536786,2010-12-02,15061,144,324.0,2
536787,2010-12-02,17850,76,192.46,13
536788,2010-12-02,15061,60,75.0,1
536789,2010-12-02,17850,12,22.2,2
536790,2010-12-02,17850,141,532.01,17
536791,2010-12-02,17850,24,44.4,2
536792,2010-12-02,15061,24,30.0,1
536793,2010-12-02,16203,70,170.7,11
536794,2010-12-02,13767,96,322.8,4
536795,2010-12-02,15640,180,333.72,7
536796,2010-12-02,15574,176,375.65,121
536797,2010-12-02,16770,56,130.8,6
536798,2010-12-02,17838,472,717.16,31
536799,2010-12-02,17228,122,183.3,18
536800,2010-12-02,14829,190,236.97,19
536802,2010-12-02,17412,50,197.3,8
536803,2010-12-02,14911,6,22.5,1
536804,2010-12-02,14031,531,1714.25,25
536805,2010-12-02,14775,384,406.56,20
536806,2010-12-02,12971,84,45.12,5
536808,2010-12-02,17659,64,247.8,12
536809,2010-12-02,15299,1824,1003.2,1
536810,2010-12-02,15299,204,303.96,1
536811,2010-12-02,15299,69,527.85,1
536813,2010-12-02,15646,230,189.8,17
536819,2010-12-02,13402,190,308.28,17
536821,2010-12-02,17757,80,143.45,23
536823,2010-12-02,13011,13,50.55,3
536824,2010-12-02,13798,160,408.0,1
536830,2010-12-02,16754,4280,2002.4,2
536831,2010-12-02,16029,260,569.4,4
536832,2010-12-02,16634,64,164.8,8
536833,2010-12-02,18239,208,438.1,29
536834,2010-12-02,14576,12,35.4,1
536835,2010-12-02,13145,1,295.0,1
536836,2010-12-02,18168,133,263.3,27
536837,2010-12-02,14395,174,308.68,27
536838,2010-12-02,14865,96,37.2,3
536839,2010-12-02,15093,879,623.73,16
536840,2010-12-02,12738,148,155.35,11
536841,2010-12-02,16150,174,393.42,22
536842,2010-12-02,17552,130,263.62,11
536843,2010-12-02,17552,14,34.9,2
536844,2010-12-02,14236,38,189.3,3
536845,2010-12-02,17961,45,127.55,29
536846,2010-12-02,14573,134,413.1,76
536847,2010-12-03,17135,222,215.579999999999,9
536848,2010-12-03,13408,280,534.0,3
536849,2010-12-03,17396,106,397.5,3
536851,2010-12-03,12967,360,1368.4,15
536852,2010-12-03,12686,107,89.14,7
536856,2010-12-03,13370,343,754.87,39
536857,2010-12-03,16883,54,128.03,17
536858,2010-12-03,13520,110,303.4,6
536859,2010-12-03,12841,186,294.25,24
536860,2010-12-03,16905,108,254.399999999999,10
536861,2010-12-03,12427,79,303.5,10
536863,2010-12-03,17967,80,123.07,48
536874,2010-12-03,16891,92,232.26,69
536884,2010-12-03,14589,5,39.75,3
536890,2010-12-03,14156,1548,322.2,3
536938,2010-12-03,14680,464,1680.88,14
536943,2010-12-03,17884,170,187.51,28
536944,2010-12-03,12557,400,620.0,5
536945,2010-12-03,14083,179,309.54,66
536946,2010-12-03,13013,363,841.94,29
536947,2010-12-03,13013,439,686.4,38
536954,2010-12-03,17809,100,425.0,1
536956,2010-12-03,14210,93,304.95,15
536957,2010-12-03,17809,234,791.7,13
536960,2010-12-03,16477,125,225.65,14
536967,2010-12-03,12600,31,76.5,2
536968,2010-12-03,16013,168,534.0,2
536969,2010-12-03,16013,192,528.0,1
536970,2010-12-03,17949,120,1314.0,1
536971,2010-12-03,12779,140,248.16,8
536972,2010-12-03,16926,35,230.25,14
536973,2010-12-03,17787,356,736.28,31
536974,2010-12-03,12682,132,336.24,16
536975,2010-12-03,14911,827,1705.65,71
536976,2010-12-03,14723,76,149.8,19
536977,2010-12-03,17954,60,108.78,14
536980,2010-12-03,17819,239,591.47,12
536981,2010-12-03,14723,39,101.14,24
536983,2010-12-03,12712,60,175.53,9
536984,2010-12-03,17841,136,339.54,29
536985,2010-12-03,15373,42,334.3,11
536986,2010-12-03,16140,104,124.14,7
536987,2010-12-03,17198,124,272.01,53
536988,2010-12-03,17238,100,254.39,38
536989,2010-12-03,17238,26,115.7,22
536990,2010-12-03,12793,65,131.8,7
536992,2010-12-03,15769,36,91.8,1
536993,2010-12-03,14396,39,110.35,34
536994,2010-12-03,14898,18,98.5,3
537022,2010-12-03,12725,164,427.8,24
537023,2010-12-03,16725,64,122.15,25
537026,2010-12-03,12395,528,346.1,12
537030,2010-12-03,16455,142,246.3,13
537031,2010-12-03,16455,108,135.0,6
537034,2010-12-03,13081,1338,2355.18,73
537035,2010-12-03,13081,8,11.6,1
537036,2010-12-03,15545,75,135.329999999999,31
537037,2010-12-05,17243,92,256.9,11
537038,2010-12-05,15465,125,535.75,7
537040,2010-12-05,13089,192,734.399999999999,2
537041,2010-12-05,16033,52,155.64,26
537042,2010-12-05,13838,83,238.11,52
537044,2010-12-05,18055,93,431.45,19
537045,2010-12-05,15038,46,126.429999999999,35
537046,2010-12-05,18109,55,277.45,14
537047,2010-12-05,13069,181,326.6,41
537048,2010-12-05,13069,2,5.9,2
537049,2010-12-05,16241,97,277.65,14
537050,2010-12-05,14800,437,555.84,51
537051,2010-12-05,15708,158,350.68,42
537052,2010-12-05,16839,232,552.24,5
537053,2010-12-05,16168,124,275.8,3
537054,2010-12-05,16931,82,152.05,41
537055,2010-12-05,16814,107,273.29,15
537057,2010-12-05,15351,129,274.67,51
537058,2010-12-05,13269,197,351.43,12
537059,2010-12-05,14813,59,127.98,24
537065,2010-12-05,12567,611,1526.92,63
537067,2010-12-05,14813,8,27.45,6
537077,2010-12-05,17062,163,179.64,26
537081,2010-12-05,15332,442,1145.06,25
537086,2010-12-05,15332,168,438.0,8
537090,2010-12-05,15332,12,15.0,1
537111,2010-12-05,14810,84,180.44,23
537117,2010-12-05,16353,48,204.0,1
537126,2010-12-05,18118,212,475.86,118
537127,2010-12-05,13831,160,408.0,2
537128,2010-12-05,12841,135,211.74,23
537129,2010-12-05,13506,232,301.12,17
537130,2010-12-05,17796,28,114.65,19
537131,2010-12-05,15716,435,547.1,38
537133,2010-12-05,18156,73,206.23,55
537134,2010-12-05,16983,107,163.49,9
537135,2010-12-05,17059,471,722.36,117
537136,2010-12-05,12748,152,273.76,37
537137,2010-12-05,16327,392,535.6,66
537138,2010-12-05,17211,204,273.3,33
537139,2010-12-05,17026,25,33.15,3
537140,2010-12-05,12748,54,70.42,39
537141,2010-12-05,15570,165,517.65,44
537142,2010-12-05,12748,16,41.45,15
537144,2010-12-05,15880,211,343.28,105
537153,2010-12-05,16718,413,623.75,45
537154,2010-12-05,15808,355,1021.45,64
537155,2010-12-05,12748,66,75.64,33
537156,2010-12-05,17858,87,251.25,19
537158,2010-12-05,16393,86,184.8,10
537159,2010-12-05,14527,60,292.95,28
537160,2010-12-05,14161,128,283.15,26
537163,2010-12-05,17863,276,384.719999999999,21
537176,2010-12-05,16411,70,131.5,21
537179,2010-12-05,13767,284,806.28,13
537192,2010-12-05,16402,105,211.8,57
537193,2010-12-05,15023,232,460.6,37
537194,2010-12-05,17402,80,271.2,1
537195,2010-12-05,15311,310,650.64,33
537196,2010-12-05,15426,159,411.42,86
537197,2010-12-05,12647,80,286.5,17
537198,2010-12-05,12647,11,85.5,2
537199,2010-12-05,15894,115,156.74,38
537200,2010-12-05,15867,47,112.9,29
537201,2010-12-05,12472,972,1631.3,70
537202,2010-12-05,14506,112,269.7,50
537204,2010-12-05,15555,293,198.43,32
537205,2010-12-05,13034,116,165.86,11
537206,2010-12-05,15235,25,85.55,4
537207,2010-12-05,17402,40,188.77,23
537208,2010-12-05,15889,149,297.92,66
537209,2010-12-05,14606,83,192.68,42
537210,2010-12-05,15953,101,209.84,16
537211,2010-12-05,16143,145,355.75,16
537212,2010-12-05,12720,299,473.39,30
537213,2010-12-05,12748,7,8.65,6
537214,2010-12-05,16422,2048,1668.2,13
537215,2010-12-05,12747,108,358.559999999999,7
537216,2010-12-05,15502,240,569.5,18
537217,2010-12-05,15502,16,167.2,4
537218,2010-12-05,12763,196,320.08,16
537219,2010-12-05,14081,252,423.52,69
537221,2010-12-05,17965,14,37.35,7
537222,2010-12-05,14404,57,133.48,26
537223,2010-12-05,13579,46,164.7,9
537224,2010-12-05,13174,700,1415.97,169
537225,2010-12-05,12748,316,496.48,64
537226,2010-12-06,15987,86,113.48,9
537227,2010-12-06,17677,700,922.4,20
537228,2010-12-06,17677,12,25.2,1
537229,2010-12-06,17677,12,17.4,1
537231,2010-12-06,13652,112,308.8,18
537233,2010-12-06,17428,148,353.0,9
537235,2010-12-06,17381,1464,2567.64,5
537236,2010-12-06,16858,91,375.69,10
537238,2010-12-06,16161,88,164.2,15
537239,2010-12-06,18219,67,210.19,13
537241,2010-12-06,14293,172,364.92,15
537242,2010-12-06,14748,282,412.22,29
537243,2010-12-06,16638,24,50.4,2
537244,2010-12-06,17674,349,300.66,11
537245,2010-12-06,14748,48,58.2,3
537246,2010-12-06,12808,53,129.4,7
537247,2010-12-06,13094,192,223.68,3
537248,2010-12-06,15899,39,56.25,4
537249,2010-12-06,16955,20,33.0,1
537250,2010-12-06,12708,89,196.44,14
537254,2010-12-06,15898,210,382.69,59
537255,2010-12-06,14443,163,303.5,20
537256,2010-12-06,16210,796,2263.8,11
537257,2010-12-06,17691,58,142.5,9
537258,2010-12-06,17227,92,142.25,10
537262,2010-12-06,15039,266,611.51,56
537265,2010-12-06,15919,242,270.72,49
537298,2010-12-06,13497,54,153.5,9
537301,2010-12-06,15860,72,102.66,15
537312,2010-12-06,14189,254,311.24,9
537313,2010-12-06,15304,21,123.15,5
537332,2010-12-06,14344,120,322.8,12
537334,2010-12-06,16719,146,430.73,44
537335,2010-12-06,15048,32,98.7,23
537346,2010-12-06,15301,503,673.37,34
537350,2010-12-06,14708,350,419.06,12
537351,2010-12-06,16898,98,116.08,32
537354,2010-12-06,12748,85,133.07,38
537359,2010-12-06,14825,72,184.1,10
537360,2010-12-06,18113,72,76.32,1
537362,2010-12-06,17596,530,392.62,60
537365,2010-12-06,15078,201,449.95,21
537366,2010-12-06,14085,106,308.05,12
537367,2010-12-06,15078,12,25.2,1
537368,2010-12-06,14911,135,377.5,15
537369,2010-12-06,17860,104,252.8,58
537370,2010-12-06,13155,168,379.7,52
537371,2010-12-06,15028,119,185.97,14
537372,2010-12-06,16919,73,198.35,22
537374,2010-12-06,17259,275,381.64,87
537375,2010-12-06,17019,223,358.82,49
537376,2010-12-06,16722,278,480.68,16
537377,2010-12-06,15882,116,270.52,14
537378,2010-12-06,14911,476,784.15,20
537380,2010-12-06,15882,48,100.8,2
537381,2010-12-06,14667,372,511.56,24
537382,2010-12-06,16710,197,375.47,58
537384,2010-12-06,15984,56,122.7,5
537385,2010-12-06,14487,37,125.1,13
537386,2010-12-06,14911,3,20.85,1
537387,2010-12-06,13468,84,222.18,14
537388,2010-12-06,17682,210,391.5,18
537389,2010-12-06,17757,60,149.0,19
537390,2010-12-06,16658,40,123.24,8
537391,2010-12-06,16550,257,554.66,48
537392,2010-12-06,17068,80,166.15,24
537393,2010-12-06,13089,972,2415.04,34
537394,2010-12-06,13089,54,81.1799999999999,5
537395,2010-12-06,15356,80,150.22,53
537396,2010-12-06,17223,64,292.84,30
537397,2010-12-06,16817,164,244.2,10
537399,2010-12-06,13030,204,427.74,60
537400,2010-12-06,17191,261,422.81,50
537403,2010-12-06,17191,21,30.45,11
537404,2010-12-06,17191,38,56.85,11
537405,2010-12-06,17841,132,406.69,46
537407,2010-12-06,15502,34,192.7,6
537409,2010-12-06,15194,247,406.16,16
537410,2010-12-06,14409,72,151.2,1
537412,2010-12-06,14409,96,177.6,1
537415,2010-12-06,16654,63,227.4,9
537418,2010-12-06,17884,66,137.11,36
537419,2010-12-06,13495,209,510.95,14
537420,2010-12-06,17519,184,335.3,18
537421,2010-12-06,17218,131,292.54,51
537422,2010-12-06,17812,144,217.549999999999,33
537423,2010-12-06,14215,104,166.0,6
537424,2010-12-06,15602,57,92.55,3
537428,2010-12-06,17320,210,450.92,22
537429,2010-12-06,12748,119,82.12,21
537433,2010-12-06,12913,146,417.62,4
537435,2010-12-06,17920,82,221.5,14
537440,2010-12-06,17869,67,214.32,16
537441,2010-12-06,13564,256,540.0,41
537446,2010-12-07,18055,201,569.03,28
537447,2010-12-07,13963,54,151.3,7
537448,2010-12-07,17450,6,39.5999999999999,1
537456,2010-12-07,17450,780,1989.23999999999,2
537457,2010-12-07,17511,914,1644.94,19
537458,2010-12-07,17091,101,293.45,13
537459,2010-12-07,17470,112,178.4,11
537460,2010-12-07,17616,128,326.4,1
537461,2010-12-07,15649,120,510.0,1
537462,2010-12-07,17228,89,172.65,12
537463,2010-12-07,12681,585,1033.52,41
537464,2010-12-07,14907,234,618.07,28
537465,2010-12-07,17735,218,454.6,22
537467,2010-12-07,16059,51,118.25,18
537468,2010-12-07,12567,167,415.46,20
537469,2010-12-07,17720,24,102.0,1
537470,2010-12-07,15018,21,111.25,5
537471,2010-12-07,14344,3,17.85,1
537472,2010-12-07,12971,126,111.54,6
537476,2010-12-07,15838,550,957.5,3
537484,2010-12-07,14733,680,1830.02,28
537489,2010-12-07,17017,396,511.799999999999,21
537509,2010-12-07,13756,288,532.8,2
537523,2010-12-07,14176,61,159.55,9
537538,2010-12-07,15353,131,311.65,12
537567,2010-12-07,18119,125,181.12,30
537592,2010-12-07,17491,268,327.4,5
537593,2010-12-07,14282,300,571.0,13
537594,2010-12-07,12647,155,596.8,17
537595,2010-12-07,13569,44,118.32,24
537598,2010-12-07,14135,80,319.0,14
537599,2010-12-07,17954,2,19.9,1
537601,2010-12-07,17287,62,108.78,9
537603,2010-12-07,14673,213,373.49,15
537604,2010-12-07,13488,516,1381.92,45
537605,2010-12-07,16221,52,166.74,12
537606,2010-12-07,15002,279,631.65,31
537607,2010-12-07,15965,74,156.19,16
537608,2010-12-07,15024,235,444.42,47
537609,2010-12-07,17675,236,617.12,12
537612,2010-12-07,13769,122,322.3,10
537614,2010-12-07,16904,137,322.8,30
537615,2010-12-07,15898,20,139.0,5
537616,2010-12-07,16904,2,15.9,1
537617,2010-12-07,16086,76,177.26,8
537618,2010-12-07,15061,956,2022.16,16
537619,2010-12-07,13786,136,230.399999999999,7
537620,2010-12-07,13880,54,97.8,6
537622,2010-12-07,13173,114,165.94,23
537623,2010-12-07,15858,199,383.93,44
537624,2010-12-07,12748,171,306.84,59
537625,2010-12-07,15180,36,87.5,6
537626,2010-12-07,12347,319,711.79,31
537627,2010-12-07,14739,476,713.88,12
537628,2010-12-07,16293,189,378.75,16
537629,2010-12-07,17419,191,356.87,18
537631,2010-12-07,17419,12,17.4,1
537634,2010-12-07,16775,62,231.9,18
537635,2010-12-07,16306,30,68.1,2
537636,2010-12-07,16950,32,172.0,3
537646,2010-12-07,17591,133,406.6,80
537648,2010-12-07,12839,271,402.61,22
537649,2010-12-07,13807,36,112.6,7
537650,2010-12-07,16125,124,289.35,13
537653,2010-12-07,17897,84,268.73,37
537655,2010-12-07,15081,57,111.15,8
537657,2010-12-07,18102,2790,9639.12,5
537658,2010-12-07,18102,120,395.76,3
537659,2010-12-07,18102,3689,15885.49,9
537664,2010-12-07,15024,24,46.8,1
537665,2010-12-07,16365,101,139.86,6
537667,2010-12-08,17870,128,326.4,1
537668,2010-12-08,14821,20,48.8,2
537669,2010-12-08,16863,105,164.25,9
537670,2010-12-08,13078,151,514.39,10
537671,2010-12-08,13267,145,328.45,15
537672,2010-12-08,13050,182,328.01,18
537673,2010-12-08,12709,139,522.7,7
537674,2010-12-08,15628,250,319.18,19
537676,2010-12-08,12386,214,258.9,8
537678,2010-12-08,16779,133,356.91,9
537680,2010-12-08,13599,173,253.24,13
537681,2010-12-08,13329,175,304.2,7
537682,2010-12-08,13599,72,99.6,4
537683,2010-12-08,12921,240,365.4,20
537685,2010-12-08,18077,171,204.87,19
537686,2010-12-08,14744,148,225.0,3
537688,2010-12-08,17406,270,702.1,19
537689,2010-12-08,15750,288,301.52,17
537690,2010-12-08,13983,220,329.36,15
537691,2010-12-08,13842,163,310.57,20
537692,2010-12-08,14796,434,671.21,50
537693,2010-12-08,12441,121,173.55,11
537694,2010-12-08,14901,63,158.25,14
537698,2010-12-08,13199,452,468.68,4
537700,2010-12-08,18229,68,309.0,3
537707,2010-12-08,14032,176,303.86,14
537738,2010-12-08,17706,144,287.08,17
537743,2010-12-08,17706,65,151.95,9
537751,2010-12-08,17706,16,38.8,2
537754,2010-12-08,16081,53,157.6,22
537755,2010-12-08,16525,198,411.44,9
537757,2010-12-08,17975,86,314.1,8
537758,2010-12-08,16122,118,105.72,10
537759,2010-12-08,13126,108,203.64,12
537760,2010-12-08,15973,106,307.82,4
537761,2010-12-08,13126,12,19.7999999999999,1
537762,2010-12-08,16558,275,569.4,27
537764,2010-12-08,16893,62,145.93,45
537765,2010-12-08,14606,81,215.88,38
537766,2010-12-08,17677,288,651.6,4
537767,2010-12-08,15100,32,350.4,1
537768,2010-12-08,15750,20,39.0,2
537769,2010-12-08,15021,94,205.64,53
537770,2010-12-08,15529,176,295.66,15
537771,2010-12-08,15498,204,450.92,9
537772,2010-12-08,18043,172,316.46,66
537773,2010-12-08,16016,146,382.27,69
537774,2010-12-08,14060,196,281.0,4
537775,2010-12-08,17722,525,910.14,45
537780,2010-12-08,17324,51,127.05,6
537781,2010-12-08,17341,291,513.6,161
537789,2010-12-08,14051,214,623.42,14
537791,2010-12-08,16233,12,147.399999999999,2
537792,2010-12-08,16385,70,148.23,21
537793,2010-12-08,15032,1655,2746.75,29
537794,2010-12-08,16713,189,414.43,60
537795,2010-12-08,17213,92,312.9,15
537796,2010-12-08,18061,248,405.16,6
537799,2010-12-08,15916,55,142.95,11
537800,2010-12-08,12748,75,69.7899999999999,10
537801,2010-12-08,15221,43,403.25,5
537802,2010-12-08,13455,190,692.94,30
537803,2010-12-08,15916,10,89.5,2
537804,2010-12-08,12748,116,130.64,13
537806,2010-12-08,13113,105,372.969999999999,10
537808,2010-12-08,15311,145,251.09,17
537809,2010-12-08,14217,26,118.3,7
537810,2010-12-08,15032,3,23.85,1
537811,2010-12-08,17262,74,268.86,2
537813,2010-12-08,18259,116,376.3,7
537815,2010-12-08,17676,158,300.7,15
537816,2010-12-08,16679,29,129.75,3
537817,2010-12-08,18269,76,168.6,7
537818,2010-12-08,12766,424,1149.29,53
537819,2010-12-08,15298,286,397.6,17
537822,2010-12-08,13523,365,566.95,30
537825,2010-12-08,15005,118,222.5,28
537826,2010-12-08,15581,104,272.34,21
537827,2010-12-08,15332,30,63.0,1
537828,2010-12-08,15680,331,478.89,30
537829,2010-12-08,15498,260,525.8,19
537830,2010-12-08,13649,67,197.8,15
537831,2010-12-08,17894,39,106.77,11
537833,2010-12-08,13270,200,590.0,1
537836,2010-12-08,14866,144,103.679999999999,1
537837,2010-12-08,13077,303,313.72,14
537840,2010-12-08,13531,103,305.45,15
537841,2010-12-08,13848,1000,320.0,1
537842,2010-12-08,13140,75,159.51,16
537843,2010-12-08,15713,59,171.15,9
537844,2010-12-08,17999,94,190.34,38
537845,2010-12-08,17690,12,71.4,4
537846,2010-12-08,15347,130,201.6,5
537847,2010-12-08,14766,64,180.4,6
537848,2010-12-08,13777,144,180.0,1
537849,2010-12-08,13777,60,75.0,1
537850,2010-12-08,16722,316,318.84,25
537851,2010-12-08,13758,264,356.4,7
537852,2010-12-08,17340,1665,2671.27,86
537854,2010-12-08,13984,120,154.8,5
537855,2010-12-08,15996,95,263.25,32
537859,2010-12-08,14030,96,670.55,26
537861,2010-12-08,16596,47,120.65,6
537862,2010-12-08,12971,71,111.53,7
537863,2010-12-08,14030,1,5.95,1
537864,2010-12-08,16700,238,336.94,14
537865,2010-12-08,16011,125,237.95,22
537866,2010-12-08,17655,274,676.1,9
537867,2010-12-08,16717,75,307.25,15
537868,2010-12-08,12433,1730,1867.98,74
537871,2010-12-08,12748,123,167.09,25
537879,2010-12-09,14243,56,213.3,8
537880,2010-12-09,12963,172,365.8,16
537881,2010-12-09,15513,238,956.5,12
537882,2010-12-09,15079,45,141.95,4
537883,2010-12-09,14437,60,63.0,5
537884,2010-12-09,15694,111,525.93,6
537885,2010-12-09,12942,69,258.75,16
537886,2010-12-09,15660,110,209.3,10
537887,2010-12-09,18092,532,1485.72,10
537888,2010-12-09,15358,440,524.35,35
537889,2010-12-09,13319,260,670.48,27
537890,2010-12-09,15358,36,100.199999999999,6
537891,2010-12-09,13319,36,88.8,5
537892,2010-12-09,12481,85,159.38,10
537894,2010-12-09,12621,227,464.61,14
537895,2010-12-09,14299,92,429.24,5
537896,2010-12-09,18071,157,258.95,14
537897,2010-12-09,12683,107,213.88,13
537898,2010-12-09,17377,87,364.4,20
537899,2010-12-09,12755,1488,3794.39999999999,1
537900,2010-12-09,15983,231,382.66,24
537901,2010-12-09,13854,68,309.4,3
537915,2010-12-09,12797,118,254.03,13
537955,2010-12-09,16782,89,371.7,50
537963,2010-12-09,13369,149,308.28,14
537967,2010-12-09,12494,9,57.6,3
537981,2010-12-09,17857,2154,1335.2,4
537995,2010-12-09,12712,84,295.1,11
538000,2010-12-09,12748,17,101.9,2
538002,2010-12-09,14932,80,363.53,17
538003,2010-12-09,12429,454,1281.5,20
538005,2010-12-09,13090,120,832.8,3
538006,2010-12-09,14987,64,163.2,2
538007,2010-12-09,14355,92,174.4,11
538008,2010-12-09,12683,557,849.2,41
538009,2010-12-09,14911,287,945.55,32
538010,2010-12-09,17526,40,226.799999999999,5
538011,2010-12-09,14896,184,257.22,32
538012,2010-12-09,14527,48,224.38,29
538013,2010-12-09,17062,95,114.79,13
538014,2010-12-09,14440,150,656.7,13
538015,2010-12-09,13240,131,224.07,21
538032,2010-12-09,14479,58,174.4,10
538035,2010-12-09,16065,231,372.09,74
538037,2010-12-09,17430,60,112.6,5
538040,2010-12-09,16520,217,325.76,60
538048,2010-12-09,15945,52,181.0,2
538049,2010-12-09,12748,8,18.4,5
538050,2010-12-09,12748,2,15.9,1
538051,2010-12-09,18041,154,205.35,29
538053,2010-12-09,15856,675,1571.32,30
538056,2010-12-09,17198,118,249.65,24
538057,2010-12-09,13102,210,316.82,11
538063,2010-12-09,18102,96,1914.24,1
538064,2010-12-09,15271,78,111.75,24
538065,2010-12-09,13982,208,428.6,23
538067,2010-12-09,15288,66,165.65,26
538068,2010-12-09,17978,499,300.919999999999,12
538069,2010-12-09,16795,239,414.88,66
538070,2010-12-09,16519,24,103.7,5
538073,2010-12-09,17816,16,16.21,10
538076,2010-12-09,15311,141,272.36,14
538077,2010-12-09,14667,394,686.15,48
538078,2010-12-09,16255,173,374.25,26
538079,2010-12-09,17671,190,394.18,17
538080,2010-12-09,17646,110,251.0,9
538086,2010-12-09,12872,203,378.53,38
538087,2010-12-09,17339,16,60.0,4
538093,2010-12-09,12682,344,739.05,33
538094,2010-12-09,13117,85,186.03,11
538095,2010-12-09,17097,67,174.72,40
538097,2010-12-09,15192,196,315.0,15
538101,2010-12-09,15380,78,230.1,1
538104,2010-12-09,17950,129,190.35,26
538106,2010-12-09,17950,57,72.82,13
538107,2010-12-09,12826,80,155.0,9
538108,2010-12-09,17456,222,249.86,17
538113,2010-12-09,15811,95,289.85,16
538116,2010-12-09,13327,240,685.0,18
538117,2010-12-09,13327,36,60.0,3
538120,2010-12-09,17017,150,144.5,2
538125,2010-12-09,18225,16,30.0,2
538126,2010-12-09,17838,78,218.4,12
538145,2010-12-09,15211,117,383.07,23
538146,2010-12-09,15596,168,402.32,21
538147,2010-12-09,13090,1,15.0,1
538151,2010-12-09,16163,92,441.6,5
538155,2010-12-09,16907,68,182.019999999999,34
538156,2010-12-09,15555,202,620.35,37
538157,2010-12-09,17576,57,119.65,12
538163,2010-12-09,17841,116,257.95,46
538165,2010-12-09,14031,154,185.82,3
538166,2010-12-09,17965,48,119.45,17
538167,2010-12-09,14713,125,298.95,25
538168,2010-12-09,14702,167,318.7,30
538169,2010-12-09,13230,33,93.45,13
538170,2010-12-09,13969,133,317.59,25
538171,2010-12-09,17530,194,300.64,65
538172,2010-12-10,15805,212,370.8,11
538174,2010-12-10,12471,1075,1982.41,47
538175,2010-12-10,12471,21,378.0,1
538176,2010-12-10,17675,152,402.0,4
538178,2010-12-10,17696,82,157.9,6
538179,2010-12-10,17696,6,17.7,1
538180,2010-12-10,13418,178,369.099999999999,10
538181,2010-12-10,17076,58,151.5,7
538182,2010-12-10,17827,40,115.08,10
538183,2010-12-10,16265,279,651.83,32
538184,2010-12-10,17880,314,458.92,26
538185,2010-12-10,16265,90,188.98,6
538186,2010-12-10,13000,77,201.75,11
538187,2010-12-10,16499,68,218.1,10
538190,2010-12-10,17790,56,127.9,10
538191,2010-12-10,15061,1559,5375.28,16
538192,2010-12-10,15061,20,135.0,1
538193,2010-12-10,15061,10,67.5,1
538194,2010-12-10,17790,1,0.95,1
538195,2010-12-10,15061,50,337.5,2
538196,2010-12-10,12731,418,1071.9,16
538197,2010-12-10,14419,55,124.1,21
538198,2010-12-10,17827,659,919.8,87
538199,2010-12-10,14082,110,182.25,29
538200,2010-12-10,17912,57,95.25,15
538201,2010-12-10,15723,87,203.1,41
538202,2010-12-10,14667,187,274.73,19
538203,2010-12-10,13767,116,186.6,8
538204,2010-12-10,16656,396,428.76,4
538205,2010-12-10,12748,272,336.159999999999,62
538206,2010-12-10,17827,44,236.92,15
538207,2010-12-10,12748,260,271.47,55
538208,2010-12-10,14037,34,111.8,26
538209,2010-12-10,12748,104,185.06,41
538210,2010-12-10,14256,302,523.86,32
538211,2010-12-10,17690,60,239.7,8
538216,2010-12-10,14543,40,254.4,5
538240,2010-12-10,16062,124,247.56,7
538248,2010-12-10,18116,73,139.68,38
538250,2010-12-10,18118,59,132.65,33
538252,2010-12-10,16019,60,219.1,8
538255,2010-12-10,14911,379,1156.05,51
538260,2010-12-10,18178,105,300.65,16
538263,2010-12-10,18065,132,228.12,14
538268,2010-12-10,18065,52,116.899999999999,7
538279,2010-12-10,14952,472,686.16,7
538280,2010-12-10,12748,418,612.1,11
538283,2010-12-10,12748,7,10.29,4
538288,2010-12-10,12748,2,1.9,1
538296,2010-12-10,13148,178,309.4,18
538306,2010-12-10,12989,30,202.5,1
538307,2010-12-10,14667,81,213.26,39
538308,2010-12-10,14107,268,363.24,16
538309,2010-12-10,15881,55,114.45,3
538310,2010-12-10,15529,20,25.7999999999999,2
538311,2010-12-10,12785,131,311.95,14
538312,2010-12-10,16727,177,272.82,46
538313,2010-12-10,15514,322,1136.32,39
538327,2010-12-10,15514,226,401.92,22
538342,2010-12-10,15514,47,39.9499999999999,1
538343,2010-12-10,13448,170,385.58,16
538345,2010-12-10,13787,56,106.4,7
538346,2010-12-10,17865,387,756.45,36
538347,2010-12-10,17220,83,317.5,32
538352,2010-12-10,16565,46,173.7,3
538353,2010-12-10,13798,2420,3762.66,38
538354,2010-12-10,16873,1040,2157.64,68
538355,2010-12-10,17912,2,9.9,1
538356,2010-12-10,14062,712,966.62,21
538361,2010-12-10,17757,59,158.0,26
538363,2010-12-10,18016,65,156.65,19
538364,2010-12-10,14448,44,102.35,18
538365,2010-12-12,17243,102,338.6,20
538366,2010-12-12,18109,44,275.3,7
538367,2010-12-12,14800,635,664.01,43
538368,2010-12-12,15503,74,147.09,70
538369,2010-12-12,17251,110,283.28,39
538370,2010-12-12,16923,218,550.5,50
538371,2010-12-12,15570,197,350.24,41
538374,2010-12-12,14159,114,193.22,51
538378,2010-12-12,14577,131,346.9,38
538379,2010-12-12,17126,88,212.6,62
538382,2010-12-12,17218,84,214.24,37
538397,2010-12-12,12753,2409,3590.59,48
538403,2010-12-12,17211,196,324.22,22
538409,2010-12-12,17236,67,126.28,9
538417,2010-12-12,16393,51,106.75,10
538418,2010-12-12,17372,128,172.71,46
538419,2010-12-12,16367,91,170.91,37
538420,2010-12-12,12875,1728,293.76,1
538421,2010-12-12,17917,56,110.91,29
538437,2010-12-12,16010,46,110.1,24
538449,2010-12-12,17085,228,452.99,54
538453,2010-12-12,16779,195,330.92,27
538470,2010-12-12,15224,2,11.6,2
538473,2010-12-12,13668,66,177.66,14
538488,2010-12-12,13715,120,212.08,29
538497,2010-12-12,14684,70,168.36,44
538499,2010-12-12,17819,35,388.65,2
538501,2010-12-12,13715,2,11.9,1
538503,2010-12-12,17188,174,513.64,6
538504,2010-12-12,16011,103,168.15,18
538507,2010-12-12,15547,559,767.37,56
538508,2010-12-12,15998,466,863.39,118
538509,2010-12-12,14413,68,122.7,23
538510,2010-12-12,18004,78,169.47,40
538511,2010-12-12,13959,118,214.74,16
538512,2010-12-12,16665,59,135.399999999999,9
538513,2010-12-12,15454,86,179.1,25
538514,2010-12-12,15044,311,835.95,58
538515,2010-12-12,17937,564,1393.56,13
538516,2010-12-12,14608,48,204.0,1
538517,2010-12-12,17618,161,320.28,53
538518,2010-12-12,14505,511,1050.35,137
538519,2010-12-12,18037,6,31.3,6
538521,2010-12-13,14180,56,339.4,17
538522,2010-12-13,16210,552,539.2,6
538523,2010-12-13,13198,270,384.55,24
538525,2010-12-13,12540,300,881.01,20
538526,2010-12-13,13225,864,1206.72,4
538527,2010-12-13,15361,336,418.92,7
538528,2010-12-13,15689,56,103.5,6
538529,2010-12-13,14290,220,777.56,23
538532,2010-12-13,13209,117,318.85,13
538533,2010-12-13,14796,238,357.61,37
538534,2010-12-13,15881,48,40.8,1
538535,2010-12-13,17790,61,127.0,7
538537,2010-12-13,12747,105,347.71,8
538541,2010-12-13,17428,227,540.95,15
538557,2010-12-13,17790,4,27.8,2
538558,2010-12-13,13069,562,309.719999999999,34
538565,2010-12-13,13069,2,1.9,1
538567,2010-12-13,13999,265,302.1,17
538576,2010-12-13,14498,70,166.22,14
538591,2010-12-13,14741,296,310.8,10
538592,2010-12-13,15854,92,230.1,15
538593,2010-12-13,16701,366,476.76,11
538594,2010-12-13,16927,490,218.1,2
538596,2010-12-13,17990,72,168.0,7
538597,2010-12-13,15555,196,171.04,26
538625,2010-12-13,14544,843,1121.92,57
538626,2010-12-13,17338,336,767.6,56
538629,2010-12-13,17799,133,223.48,33
538630,2010-12-13,14565,640,1167.41,54
538631,2010-12-13,13408,440,689.04,9
538633,2010-12-13,16726,57,129.57,20
538634,2010-12-13,14085,242,491.24,41
538635,2010-12-13,17303,144,250.04,53
538636,2010-12-13,14639,272,676.54,41
538637,2010-12-13,17611,129,244.19,44
538638,2010-12-13,17231,116,232.01,52
538639,2010-12-13,17179,98,243.0,20
538640,2010-12-13,17524,90,145.0,6
538641,2010-12-13,15640,772,1485.78,37
538644,2010-12-13,12476,2,12.45,2
538645,2010-12-13,13269,230,310.74,16
538646,2010-12-13,17293,208,346.14,14
538648,2010-12-13,17937,240,760.32,5
538651,2010-12-13,15311,78,280.94,23
538652,2010-12-13,17890,343,476.96,64
538653,2010-12-13,13089,504,1247.64,18
538654,2010-12-13,13089,26,91.9,5
538655,2010-12-13,17375,69,109.71,21
538656,2010-12-13,17371,40,97.63,8
538657,2010-12-13,15867,63,201.4,16
538658,2010-12-13,17969,131,125.2,7
538659,2010-12-13,14625,255,585.53,34
538660,2010-12-13,15808,419,1228.4,42
538661,2010-12-13,15194,119,309.05,11
538662,2010-12-13,15159,980,1822.88,46
538663,2010-12-13,15159,8,38.1,2
538664,2010-12-13,14733,844,1695.12,33
538665,2010-12-13,17576,73,177.35,10
538667,2010-12-13,12748,2,1.9,1
538668,2010-12-13,13211,46,110.7,2
538669,2010-12-13,12748,1,0.95,1
538671,2010-12-13,15777,113,365.55,5
538679,2010-12-13,16455,52,150.68,11
538683,2010-12-13,14525,312,462.3,20
538685,2010-12-14,15694,1,15.0,1
538687,2010-12-14,13324,210,650.1,5
538688,2010-12-14,14829,100,148.36,7
538689,2010-12-14,13050,146,300.92,16
538697,2010-12-14,13948,40,102.0,3
538706,2010-12-14,14667,392,312.4,13
538707,2010-12-14,17894,77,167.859999999999,43
538708,2010-12-14,16202,191,365.27,18
538709,2010-12-14,16442,63,151.66,46
538710,2010-12-14,18075,117,198.95,12
538714,2010-12-14,14524,137,275.45,26
538715,2010-12-14,14907,118,325.22,18
538716,2010-12-14,14907,12,17.4,1
538719,2010-12-14,15602,48,60.0,1
538721,2010-12-14,17526,4,11.8,1
538722,2010-12-14,17975,104,307.39,20
538744,2010-12-14,15356,121,215.32,62
538753,2010-12-14,14901,38,134.649999999999,6
538783,2010-12-14,14961,490,976.7,30
538785,2010-12-14,14961,76,206.0,8
538795,2010-12-14,13267,109,293.85,10
538796,2010-12-14,17041,190,304.5,17
538797,2010-12-14,17685,25,10.5,1
538799,2010-12-14,15039,225,706.25,59
538800,2010-12-14,16458,86,193.9,10
538801,2010-12-14,16083,384,337.98,17
538807,2010-12-14,17194,118,252.62,28
538808,2010-12-14,14057,751,632.52,43
538809,2010-12-14,15514,208,306.52,11
538810,2010-12-14,14871,38,140.4,25
538811,2010-12-14,13178,388,710.0,32
538812,2010-12-14,18044,53,74.25,6
538814,2010-12-14,15983,140,324.72,25
538815,2010-12-14,18219,75,179.87,11
538816,2010-12-14,16812,81,479.35,15
538817,2010-12-14,16191,360,301.2,4
538826,2010-12-14,12370,917,1590.82,83
538827,2010-12-14,14298,2552,2594.75999999999,89
538828,2010-12-14,14298,300,231.84,4
538829,2010-12-14,16191,384,326.4,1
538830,2010-12-14,14298,78,146.46,5
538831,2010-12-14,18144,224,337.599999999999,4
538832,2010-12-14,17158,251,413.79,25
538836,2010-12-14,12748,111,234.859999999999,22
538839,2010-12-14,14606,109,305.79,45
538841,2010-12-14,16899,75,170.55,16
538843,2010-12-14,16033,46,154.05,19
538844,2010-12-14,14680,470,1194.52,17
538845,2010-12-14,16531,74,92.82,6
538846,2010-12-14,14606,4,11.0,2
538848,2010-12-14,17404,240,1188.0,1
538849,2010-12-14,14415,463,875.18,88
538850,2010-12-14,16499,59,147.35,9
538851,2010-12-14,16556,187,310.85,16
538852,2010-12-14,17372,107,198.07,29
538853,2010-12-14,16805,270,214.77,55
538854,2010-12-14,13102,152,357.1,12
538855,2010-12-14,16503,219,488.09,30
538856,2010-12-14,14057,220,293.4,5
538857,2010-12-14,15311,63,152.4,11
538858,2010-12-14,16553,640,951.24,11
538859,2010-12-14,16553,428,658.2,6
538860,2010-12-14,17757,52,115.35,12
538862,2010-12-14,16710,52,149.5,17
538863,2010-12-14,16919,138,341.659999999999,43
538864,2010-12-14,17739,90,360.06,5
538865,2010-12-14,13238,33,91.15,5
538866,2010-12-14,17841,318,647.99,67
538868,2010-12-14,17017,814,824.02,27
538869,2010-12-14,15107,43,61.05,3
538870,2010-12-14,12829,125,85.75,5
538871,2010-12-14,14051,186,476.7,6
538872,2010-12-14,13097,90,304.9,11
538875,2010-12-14,13756,106,307.8,9
538878,2010-12-14,13767,104,267.0,8
538879,2010-12-14,15392,402,338.98,19
538886,2010-12-14,13846,234,411.4,28
538888,2010-12-14,17912,114,125.56,14
538890,2010-12-14,12867,377,362.79,54
538892,2010-12-14,16422,12,17.4,1
538894,2010-12-14,16161,87,202.45,25
538895,2010-12-15,14401,370,247.38,15
538896,2010-12-15,16145,270,302.78,17
538899,2010-12-15,16817,58,123.1,5
538900,2010-12-15,13078,135,366.77,19
538901,2010-12-15,17629,115,238.65,11
538902,2010-12-15,14150,262,306.18,12
538903,2010-12-15,13496,229,501.01,26
538905,2010-12-15,13611,183,303.15,15
538907,2010-12-15,15373,24,202.799999999999,5
538908,2010-12-15,16954,194,346.799999999999,12
538909,2010-12-15,13491,18,97.5,5
538910,2010-12-15,17454,59,165.85,9
538917,2010-12-15,17449,264,684.26,73
538935,2010-12-15,18168,71,186.64,12
538942,2010-12-15,17346,49,101.23,12
538943,2010-12-15,14060,168,253.2,4
538944,2010-12-15,13295,82,201.2,10
538945,2010-12-15,17230,894,1761.26,22
538951,2010-12-15,16782,63,206.29,45
538967,2010-12-15,13495,168,354.48,8
538968,2010-12-15,15384,248,303.57,20
538991,2010-12-15,17511,3944,3240.4,45
538992,2010-12-15,15950,135,428.82,29
538993,2010-12-15,15512,56,101.2,6
538994,2010-12-15,17525,82,422.7,9
538995,2010-12-15,13458,506,1185.86,30
538996,2010-12-15,15465,38,332.1,5
538998,2010-12-15,15061,1101,2605.88,15
538999,2010-12-15,16003,184,1181.0,20
539000,2010-12-15,13092,31,185.45,7
539001,2010-12-15,16353,24,102.0,1
539002,2010-12-15,14527,51,269.31,29
539004,2010-12-15,13426,142,336.98,9
539005,2010-12-15,16638,24,20.4,1
539006,2010-12-15,15101,34,102.28,4
539007,2010-12-15,17894,34,105.88,17
539008,2010-12-15,17033,124,307.8,8
539009,2010-12-15,13221,153,498.16,35
539010,2010-12-15,15005,148,247.91,45
539011,2010-12-15,14201,132,67.24,4
539012,2010-12-15,17858,1536,1305.6,8
539014,2010-12-15,17692,384,343.26,25
539015,2010-12-15,15822,160,440.2,16
539016,2010-12-15,13418,198,571.48,15
539017,2010-12-15,13418,4,15.8,1
539018,2010-12-15,16134,158,283.53,16
539019,2010-12-15,17551,150,306.84,43
539030,2010-12-15,13089,390,755.3,18
539032,2010-12-15,18050,40,74.4,5
539033,2010-12-15,16365,36,228.6,1
539034,2010-12-15,16161,83,209.65,22
539036,2010-12-15,14913,423,300.87,17
539038,2010-12-15,15641,357,308.37,20
539039,2010-12-15,13124,930,1256.32,61
539040,2010-12-15,17214,43,171.05,14
539041,2010-12-15,15456,434,243.22,26
539042,2010-12-15,15062,164,209.08,11
539043,2010-12-15,12928,250,392.34,17
539044,2010-12-15,15727,537,1536.85,67
539046,2010-12-15,17980,235,295.2,15
539047,2010-12-15,15290,168,219.6,8
539048,2010-12-15,17752,192,80.64,1
539049,2010-12-15,15615,364,1048.64,23
539050,2010-12-15,12577,134,195.89,67
539051,2010-12-15,15615,3,14.85,1
539052,2010-12-15,15615,6,17.7,1
539053,2010-12-15,16725,70,203.6,49
539056,2010-12-15,16725,1,1.45,1
539064,2010-12-15,17912,8,58.7,6
539075,2010-12-15,17189,103,227.22,38
539076,2010-12-16,16525,96,391.0,5
539077,2010-12-16,13089,177,314.549999999999,3
539078,2010-12-16,13408,330,379.68,9
539079,2010-12-16,17496,79,271.05,10
539080,2010-12-16,16607,113,404.82,7
539082,2010-12-16,13317,78,205.8,12
539083,2010-12-16,13317,15,32.25,2
539084,2010-12-16,13890,93,190.35,11
539085,2010-12-16,12748,120,164.64,3
539086,2010-12-16,17001,260,397.96,12
539087,2010-12-16,13093,566,1168.2,12
539088,2010-12-16,13093,737,1827.91,24
539089,2010-12-16,15246,86,186.0,12
539091,2010-12-16,13756,50,163.8,5
539092,2010-12-16,15482,188,527.04,6
539093,2010-12-16,15482,68,196.6,2
539094,2010-12-16,13021,57,157.35,7
539095,2010-12-16,16037,160,300.46,15
539096,2010-12-16,13089,216,313.2,1
539098,2010-12-16,14841,274,395.16,19
539099,2010-12-16,16670,256,403.61,29
539101,2010-12-16,16029,4800,6930.0,11
539102,2010-12-16,16029,984,1431.6,5
539103,2010-12-16,16985,367,933.319999999999,18
539105,2010-12-16,14825,69,212.33,8
539106,2010-12-16,16705,632,920.52,12
539107,2010-12-16,16705,96,211.2,3
539108,2010-12-16,16013,48,204.0,1
539109,2010-12-16,16013,800,1491.0,2
539111,2010-12-16,14414,146,217.2,8
539112,2010-12-16,13468,119,328.77,19
539113,2010-12-16,12494,3,4.94999999999999,1
539118,2010-12-16,15563,315,270.19,22
539142,2010-12-16,14849,107,164.6,8
539143,2010-12-16,14849,11,46.45,3
539144,2010-12-16,12980,100,889.32,3
539160,2010-12-16,16746,236,311.64,11
539181,2010-12-16,12748,84,135.44,31
539185,2010-12-16,16470,99,216.34,39
539196,2010-12-16,18055,252,750.64,35
539201,2010-12-16,14878,135,322.01,13
539211,2010-12-16,16743,338,430.28,30
539212,2010-12-16,17146,91,298.25,16
539213,2010-12-16,12877,170,150.06,14
539214,2010-12-16,17062,78,141.3,13
539215,2010-12-16,15574,126,210.75,37
539216,2010-12-16,12748,3,16.15,2
539217,2010-12-16,15394,242,587.66,24
539218,2010-12-16,15574,1,3.75,1
539219,2010-12-16,17951,102,114.0,4
539222,2010-12-16,14621,130,305.7,16
539225,2010-12-16,15379,768,1491.46,61
539226,2010-12-16,14309,103,147.75,6
539240,2010-12-16,15194,902,843.78,44
539243,2010-12-16,18116,46,172.2,28
539246,2010-12-16,14606,37,104.48,19
539247,2010-12-16,15311,126,228.5,16
539248,2010-12-16,17288,156,133.56,7
539249,2010-12-16,14709,108,314.1,15
539250,2010-12-16,15157,1078,1085.46,54
539252,2010-12-16,17744,544,377.52,19
539254,2010-12-16,13199,216,243.119999999999,7
539255,2010-12-16,16316,230,308.219999999999,20
539256,2010-12-16,15601,269,468.07,28
539257,2010-12-16,16210,532,1722.9,6
539259,2010-12-16,13050,236,301.44,19
539261,2010-12-16,15620,395,424.49,31
539262,2010-12-16,15789,438,351.3,25
539263,2010-12-16,16560,173,332.18,21
539264,2010-12-16,15224,150,310.48,12
539266,2010-12-16,17068,38,131.3,7
539267,2010-12-16,13534,130,253.5,9
539268,2010-12-16,13534,6,29.7,2
539269,2010-12-16,17580,11,46.85,3
539272,2010-12-16,15759,32,97.24,4
539275,2010-12-16,13408,156,403.799999999999,6
539280,2010-12-16,14373,17,76.55,4
539281,2010-12-16,18176,283,476.35,30
539282,2010-12-16,16770,64,131.4,6
539283,2010-12-16,14092,95,250.65,13
539285,2010-12-16,15366,61,105.54,8
539286,2010-12-16,14735,68,252.2,5
539288,2010-12-16,17857,10,5.5,1
539290,2010-12-16,16271,128,133.22,16
539292,2010-12-16,16539,54,304.9,9
539293,2010-12-16,18223,195,501.69,21
539294,2010-12-16,15532,92,356.35,50
539295,2010-12-16,13767,168,348.8,10
539296,2010-12-16,16816,48,75.78,5
539297,2010-12-16,17691,76,147.9,10
539298,2010-12-16,14180,29,136.25,9
539299,2010-12-16,14180,31,218.85,11
539303,2010-12-16,16684,202,436.86,8
539304,2010-12-16,16684,144,302.4,1
539305,2010-12-16,14334,225,320.15,20
539306,2010-12-16,17659,21,112.15,5
539307,2010-12-16,13694,2856,2054.92,40
539308,2010-12-16,17412,160,250.46,13
539309,2010-12-16,16945,157,279.85,19
539310,2010-12-16,14344,4,15.0,1
539311,2010-12-16,14643,386,357.94,15
539312,2010-12-16,15197,78,556.5,3
539313,2010-12-16,14220,134,312.98,11
539314,2010-12-16,13874,180,540.45,18
539315,2010-12-16,18260,58,230.7,11
539316,2010-12-16,17848,22,97.3,5
539317,2010-12-16,17392,221,312.41,49
539318,2010-12-16,12348,1254,892.8,17
539319,2010-12-16,12967,78,292.5,4
539320,2010-12-16,14911,358,707.06,18
539321,2010-12-16,14723,91,220.06,47
539322,2010-12-16,14713,77,126.9,19
539324,2010-12-16,14985,89,124.51,50
539325,2010-12-17,13004,255,357.01,23
539326,2010-12-17,14560,69,408.169999999999,14
539327,2010-12-17,12600,43,198.3,5
539328,2010-12-17,13854,212,300.04,8
539330,2010-12-17,12370,51,277.2,8
539331,2010-12-17,16013,300,216.0,1
539332,2010-12-17,12931,200,144.0,1
539333,2010-12-17,13627,197,311.19,20
539334,2010-12-17,12748,10,25.95,10
539335,2010-12-17,15291,46,320.1,4
539336,2010-12-17,17790,58,115.9,4
539338,2010-12-17,17404,3714,2646.29999999999,25
539351,2010-12-17,12551,100,168.0,10
539353,2010-12-17,12782,193,463.5,22
539374,2010-12-17,14769,189,347.01,22
539379,2010-12-17,15780,65,177.15,12
539391,2010-12-17,12417,60,291.34,11
539395,2010-12-17,12471,444,1484.25,27
539398,2010-12-17,12471,6,29.7,1
539400,2010-12-17,12971,24,53.4,3
539401,2010-12-17,12709,133,792.99,7
539403,2010-12-17,12647,83,224.8,11
539404,2010-12-17,17315,60,108.92,27
539405,2010-12-17,12621,328,919.04,18
539406,2010-12-17,16711,36,214.2,1
539407,2010-12-17,12726,333,170.28,6
539408,2010-12-17,12720,224,183.74,15
539410,2010-12-17,16353,24,102.0,1
539411,2010-12-17,14243,114,258.7,11
539414,2010-12-17,16931,100,212.61,40
539415,2010-12-17,15204,258,316.58,9
539416,2010-12-17,17888,52,29.43,3
539417,2010-12-17,17007,32,72.0,4
539418,2010-12-17,17007,72,135.12,8
539419,2010-12-17,12431,146,415.7,10
539420,2010-12-17,15160,84,158.16,4
539421,2010-12-17,14016,374,753.74,39
539422,2010-12-17,13033,83,190.55,11
539423,2010-12-17,15811,33,148.95,7
539435,2010-12-17,12691,65,180.0,5
539439,2010-12-17,13869,156,323.62,21
539440,2010-12-17,16607,2,250.0,1
539442,2010-12-17,16558,127,311.15,15
539443,2010-12-17,14031,304,668.88,6
539444,2010-12-17,14146,551,1241.43,35
539445,2010-12-17,17865,54,323.38,6
539446,2010-12-17,12705,397,858.0,30
539447,2010-12-17,12395,225,333.82,19
539450,2010-12-17,15570,78,196.75,29
539452,2010-12-17,15856,266,741.22,9
539454,2010-12-17,17377,66,196.78,9
539455,2010-12-17,12748,87,121.02,28
539456,2010-12-17,16885,37,190.65,30
539459,2010-12-17,12839,167,334.84,15
539460,2010-12-17,12931,20,33.0,1
539461,2010-12-19,17243,101,259.55,14
539462,2010-12-19,14032,213,315.56,15
539463,2010-12-19,18077,135,191.46,17
539464,2010-12-19,17913,100,218.05,31
539465,2010-12-19,16684,876,2062.44,12
539466,2010-12-19,12668,337,469.87,24
539468,2010-12-19,15044,176,663.8,26
539469,2010-12-19,17841,152,283.52,34
539470,2010-12-19,14472,102,279.88,36
539471,2010-12-19,17358,157,246.7,42
539472,2010-12-19,15581,20,31.62,17
539473,2010-12-19,14911,155,411.1,18
539474,2010-12-19,15581,8,12.8,7
539475,2010-12-19,16686,319,364.98,86
539477,2010-12-19,18245,297,365.73,27
539478,2010-12-19,17343,56,193.64,17
539483,2010-12-19,17218,24,99.5,9
539484,2010-12-19,15640,511,947.189999999999,62
539487,2010-12-20,16153,75,215.01,10
539488,2010-12-20,12377,604,1001.52,43
539489,2010-12-20,16684,126,311.7,2
539490,2010-12-20,17069,129,306.15,15
539491,2010-12-20,14646,46,70.96,16
539496,2010-12-20,13050,185,269.5,16
539497,2010-12-20,12944,145,286.95,14
539498,2010-12-20,15279,189,290.51,19
539501,2010-12-20,17085,136,287.45,30
539502,2010-12-20,14099,411,383.52,40
539551,2010-12-20,12721,129,286.6,15
539561,2010-12-20,16422,336,339.72,8
539564,2010-12-20,18092,196,756.12,6
539567,2010-12-20,13104,96,101.76,1
539570,2010-12-20,15078,144,327.6,14
539571,2010-12-20,15078,2,15.9,1
539572,2010-12-20,14113,102,433.5,2
539578,2010-12-20,13027,3600,1440.0,6
539579,2010-12-20,16713,111,344.11,43
539580,2010-12-20,15312,177,289.74,16
539581,2010-12-20,16143,82,455.6,11
539586,2010-12-20,14298,1362,962.24,27
539587,2010-12-20,14298,684,754.16,20
539588,2010-12-20,14527,24,138.85,19
539590,2010-12-20,14733,360,832.079999999999,17
539591,2010-12-20,14062,48,237.6,1
539592,2010-12-20,13319,3,14.85,1
539593,2010-12-20,13319,325,776.95,32
539594,2010-12-20,17621,92,239.4,4
539597,2010-12-20,17090,24,61.1999999999999,2
539604,2010-12-20,16353,24,102.0,1
539607,2010-12-20,12681,604,1084.59,47
539609,2010-12-20,15527,62,221.4,18
539610,2010-12-20,14606,33,109.88,26
539628,2010-12-20,18097,256,182.52,7
539629,2010-12-20,14062,82,239.9,6
539630,2010-12-20,17230,244,751.0,12
539633,2010-12-20,17230,36,73.8,3
539634,2010-12-20,17230,150,144.5,2
539635,2010-12-20,14051,192,728.04,13
539636,2010-12-20,12481,234,631.96,12
539637,2010-12-20,14083,50,112.68,19
539639,2010-12-20,14083,15,37.67,10
539641,2010-12-20,15311,45,134.14,8
539642,2010-12-20,15867,142,242.92,43
539645,2010-12-20,17230,1,0.95,1
539646,2010-12-20,17230,30,28.5,1
539647,2010-12-20,15460,109,216.76,58
539653,2010-12-20,13564,404,658.38,41
539654,2010-12-20,17340,789,1689.12,50
539658,2010-12-21,17213,125,302.95,16
539659,2010-12-21,15034,454,842.9,39
539660,2010-12-21,15581,8,9.2,4
539662,2010-12-21,14135,24,117.6,4
539663,2010-12-21,17961,79,396.849999999999,42
539664,2010-12-21,14135,12,25.2,1
539666,2010-12-21,16029,236,479.4,4
539675,2010-12-21,12971,28,114.6,2
539676,2010-12-21,12423,188,237.93,16
539688,2010-12-21,12678,1,150.0,1
539716,2010-12-21,17990,52,148.0,5
539717,2010-12-21,15208,20,65.4,3
539720,2010-12-21,16996,40,97.84,3
539721,2010-12-21,17306,1296,324.0,1
539722,2010-12-21,14911,354,762.3,29
539723,2010-12-21,14737,150,434.0,8
539724,2010-12-21,13029,30,382.5,1
539725,2010-12-21,17211,101,182.19,20
539727,2010-12-21,12678,25,71.28,4
539728,2010-12-21,16270,688,1141.24,54
539730,2010-12-21,13487,85,193.15,11
539731,2010-12-21,14646,6668,8520.92,54
539732,2010-12-21,16996,6,29.7,1
539752,2010-12-21,12515,131,383.7,16
539754,2010-12-21,12748,20,69.29,16
539755,2010-12-21,17961,7,45.35,6
539760,2010-12-21,17400,250,424.17,37
539761,2010-12-22,17593,374,662.9,26
539762,2010-12-22,13953,400,500.0,1
539764,2010-12-22,14533,540,433.5,10
539766,2010-12-22,14092,150,351.08,28
539826,2010-12-22,15044,167,615.6,31
539828,2010-12-22,15044,4,23.8,1
539829,2010-12-22,12734,88,110.399999999999,4
539831,2010-12-22,14606,36,108.63,16
539835,2010-12-22,16477,193,318.75,19
539836,2010-12-22,17894,72,135.34,21
539837,2010-12-22,14532,28,222.6,14
539840,2010-12-22,12383,754,600.72,37
539858,2010-12-22,18092,168,610.8,3
539859,2010-12-22,17905,100,192.4,5
539864,2010-12-23,15562,39,134.55,1
539865,2010-12-23,15587,120,344.88,3
539867,2010-12-23,13922,93,172.25,7
539920,2010-12-23,14085,153,390.95,32
539921,2010-12-23,12748,5,20.3,5
539933,2010-12-23,15235,333,529.59,34
539946,2010-12-23,13817,63,128.7,9
539953,2010-12-23,12748,5,12.35,4
539954,2010-12-23,13777,66,121.62,3
539957,2010-12-23,12585,872,1262.85,65
539978,2010-12-23,13165,496,354.64,13
539981,2010-12-23,13304,238,300.42,21
539982,2010-12-23,15311,65,256.61,20
539984,2010-12-23,14911,108,289.85,15
539985,2010-12-23,15856,387,968.77,14
539987,2010-12-23,12748,1,6.95,1
539988,2010-12-23,18116,178,353.69,89
539993,2011-01-04,13313,171,307.3,17
540001,2011-01-04,18097,270,474.66,9
540002,2011-01-04,16656,188,310.28,4
540003,2011-01-04,16875,140,368.8,22
540004,2011-01-04,13094,72,76.32,1
540005,2011-01-04,17315,138,190.56,16
540013,2011-01-04,16255,183,299.6,34
540014,2011-01-04,14606,155,339.68,58
540015,2011-01-04,13319,286,510.89,28
540016,2011-01-04,16282,114,168.3,11
540017,2011-01-04,13963,265,215.41,13
540019,2011-01-04,12957,352,413.68,29
540020,2011-01-04,14462,34,109.3,3
540021,2011-01-04,17841,230,516.97,71
540022,2011-01-04,17188,270,388.72,10
540023,2011-01-04,15039,330,794.66,48
540024,2011-01-04,15039,4,23.8,1
540025,2011-01-04,17428,504,323.04,11
540027,2011-01-04,14210,238,363.66,22
540028,2011-01-04,14180,36,284.6,13
540029,2011-01-04,16029,24,90.0,1
540031,2011-01-04,17975,135,431.88,30
540032,2011-01-04,13397,88,299.92,8
540033,2011-01-04,13680,526,871.48,49
540040,2011-01-04,12483,293,547.56,13
540043,2011-01-04,15164,49,173.39,16
540059,2011-01-04,17457,264,385.8,4
540060,2011-01-04,14732,58,203.1,10
540073,2011-01-04,16814,199,644.13,22
540093,2011-01-04,16725,26,112.3,17
540094,2011-01-04,14221,169,312.95,18
540095,2011-01-04,14553,131,201.94,23
540096,2011-01-04,13253,624,476.48,16
540098,2011-01-04,16241,71,160.38,57
540099,2011-01-04,15808,322,733.92,41
540113,2011-01-05,13126,265,323.87,18
540114,2011-01-05,15498,320,243.4,9
540115,2011-01-05,15235,75,112.65,8
540120,2011-01-05,17675,408,969.36,22
540121,2011-01-05,16145,238,366.06,17
540122,2011-01-05,13694,1720,1179.6,23
540126,2011-01-05,13798,886,1209.1,10
540130,2011-01-05,13798,138,393.9,2
540146,2011-01-05,15002,138,261.5,25
540148,2011-01-05,14189,510,364.8,22
540149,2011-01-05,12921,344,481.7,24
540153,2011-01-05,15841,132,331.6,7
540157,2011-01-05,15311,591,1145.33,51
540159,2011-01-05,16112,192,72.0,2
540160,2011-01-05,15769,1032,2574.48,3
540161,2011-01-05,16719,148,152.45,16
540162,2011-01-05,13089,33,95.65,6
540163,2011-01-05,13089,1068,958.93,54
540166,2011-01-05,13629,400,660.0,3
540167,2011-01-05,16600,182,125.86,9
540168,2011-01-05,13715,239,445.22,52
540169,2011-01-05,14527,33,229.75,24
540170,2011-01-05,13767,56,170.4,5
540172,2011-01-05,18109,54,138.98,18
540173,2011-01-05,15661,80,116.0,1
540174,2011-01-05,16353,24,102.0,1
540175,2011-01-05,16532,480,1910.4,1
540176,2011-01-05,17511,1914,3862.14,34
540178,2011-01-05,12681,362,556.07,34
540179,2011-01-05,16033,137,481.14,54
540180,2011-01-05,15984,56,107.89,12
540181,2011-01-05,13199,216,199.44,2
540182,2011-01-05,14739,224,229.56,6
540183,2011-01-05,15093,628,1220.4,21
540184,2011-01-05,15266,18,119.3,6
540185,2011-01-05,14653,305,344.81,29
540187,2011-01-05,15358,717,653.86,41
540188,2011-01-05,16771,303,296.66,34
540239,2011-01-05,12682,373,835.11,40
540240,2011-01-05,17585,571,417.81,28
540242,2011-01-05,15046,275,511.95,29
540245,2011-01-05,13082,1032,379.44,7
540247,2011-01-05,15464,350,1048.85,157
540248,2011-01-05,15034,184,583.45,43
540249,2011-01-05,15298,400,305.74,15
540251,2011-01-05,12748,1,12.75,1
540253,2011-01-05,13225,444,1263.72,8
540257,2011-01-05,12748,75,238.55,13
540258,2011-01-06,14045,212,682.8,3
540259,2011-01-06,18226,366,417.3,21
540260,2011-01-06,13097,344,771.29,41
540261,2011-01-06,13089,536,730.88,13
540262,2011-01-06,14045,147,242.549999999999,1
540263,2011-01-06,18062,184,169.8,5
540264,2011-01-06,17949,600,432.0,1
540265,2011-01-06,15271,86,253.1,16
540267,2011-01-06,12415,4662,7011.38,46
540268,2011-01-06,13458,944,1489.18,53
540269,2011-01-06,14135,40,186.0,8
540273,2011-01-06,17368,711,563.15,17
540274,2011-01-06,14618,92,211.8,5
540275,2011-01-06,13680,669,1520.11,21
540276,2011-01-06,14680,669,1520.11,21
540277,2011-01-06,14258,1798,3120.22,31
540278,2011-01-06,15719,224,433.04,104
540279,2011-01-06,13368,12,35.4,1
540280,2011-01-06,12386,140,143.0,2
540288,2011-01-06,17634,165,785.65,74
540316,2011-01-06,16676,204,464.82,29
540345,2011-01-06,14299,130,621.9,9
540348,2011-01-06,12841,93,224.11,28
540349,2011-01-06,15379,569,660.15,42
540350,2011-01-06,18283,61,108.45,57
540351,2011-01-06,12735,263,319.77,22
540353,2011-01-06,13764,282,499.89,69
540354,2011-01-06,13576,288,623.68,16
540357,2011-01-06,13093,1171,1374.46,42
540358,2011-01-06,13599,262,369.14,9
540359,2011-01-06,18041,366,377.7,27
540361,2011-01-06,13408,274,304.2,6
540362,2011-01-06,13656,113,162.7,31
540363,2011-01-06,12971,618,185.1,3
540364,2011-01-06,14505,95,317.06,45
540365,2011-01-06,12413,180,479.25,24
540370,2011-01-06,13094,72,76.32,1
540371,2011-01-06,14312,71,309.55,15
540372,2011-01-06,13081,2650,3527.64,171
540373,2011-01-06,13280,109,307.35,37
540374,2011-01-06,15845,208,303.36,13
540383,2011-01-06,16422,203,406.77,6
540387,2011-01-06,16306,149,175.15,13
540395,2011-01-06,14702,55,237.65,20
540396,2011-01-06,14031,404,969.24,10
540397,2011-01-06,13187,95,236.02,37
540399,2011-01-07,14047,2,9.3,1
540401,2011-01-07,16013,112,797.599999999999,2
540402,2011-01-07,16567,476,557.56,26
540404,2011-01-07,12947,235,301.66,16
540405,2011-01-07,14828,968,582.0,5
540406,2011-01-07,13798,300,495.0,3
540407,2011-01-07,16839,329,427.47,11
540408,2011-01-07,16013,250,637.5,1
540409,2011-01-07,16019,190,504.25,17
540410,2011-01-07,12530,95,387.4,13
540411,2011-01-07,16551,281,311.07,11
540412,2011-01-07,13842,88,303.0,18
540413,2011-01-07,15194,208,331.55,20
540414,2011-01-07,12481,413,603.09,24
540415,2011-01-07,16889,365,523.05,48
540416,2011-01-07,16473,79,149.41,8
540420,2011-01-07,12829,251,207.25,6
540452,2011-01-07,13750,96,325.44,1
540453,2011-01-07,13426,341,302.45,23
540454,2011-01-07,16191,168,368.52,8
540455,2011-01-07,12583,491,730.16,22
540456,2011-01-07,13534,80,188.0,11
540457,2011-01-07,14217,22,102.5,4
540458,2011-01-07,12501,1783,2169.39,149
540459,2011-01-07,16191,186,479.1,10
540460,2011-01-07,15607,202,104.76,13
540461,2011-01-07,15139,102,122.1,8
540462,2011-01-07,16779,195,434.95,16
540463,2011-01-07,12489,105,334.93,15
540464,2011-01-07,14298,1070,1429.9,52
540465,2011-01-07,17707,78,83.7,3
540466,2011-01-07,15649,72,306.0,1
540467,2011-01-07,18198,222,300.54,19
540469,2011-01-07,12484,630,1138.67,98
540471,2011-01-07,15601,367,688.45,39
540472,2011-01-07,18179,223,335.8,18
540473,2011-01-07,17284,571,716.11,131
540475,2011-01-07,15311,70,141.48,9
540477,2011-01-07,13233,404,304.24,17
540478,2011-01-07,15769,1800,2970.0,8
540479,2011-01-07,14889,90,135.9,10
540480,2011-01-07,12480,367,816.25,42
540481,2011-01-07,16955,94,165.88,8
540482,2011-01-07,14672,147,285.28,34
540489,2011-01-07,13593,199,559.85,39
540493,2011-01-07,14867,118,300.74,15
540496,2011-01-07,15485,187,328.54,20
540498,2011-01-09,17243,68,268.8,10
540499,2011-01-09,16923,90,365.2,24
540500,2011-01-09,15465,72,390.299999999999,5
540501,2011-01-09,13162,942,753.26,37
540502,2011-01-09,13183,400,625.04,20
540504,2011-01-09,13668,67,208.56,24
540505,2011-01-09,17095,143,313.15,16
540506,2011-01-09,17796,73,282.25,35
540507,2011-01-09,12939,552,1933.2,6
540508,2011-01-09,14810,64,146.55,16
540509,2011-01-09,14800,412,537.99,52
540510,2011-01-09,15611,15,104.25,3
540511,2011-01-09,14472,187,334.26,34
540512,2011-01-09,17114,82,142.24,29
540513,2011-01-09,13758,152,422.4,9
540514,2011-01-09,15708,180,431.77,44
540515,2011-01-09,15059,72,182.78,29
540516,2011-01-09,16326,66,267.2,30
540517,2011-01-09,17128,76,157.09,14
540518,2011-01-09,14761,58,97.5,7
540519,2011-01-09,12793,230,413.68,17
540520,2011-01-09,17555,156,195.45,49
540521,2011-01-09,12651,78,114.0,9
540522,2011-01-09,13102,258,301.28,16
540523,2011-01-09,13069,250,340.94,36
540524,2011-01-09,16735,385,660.36,47
540525,2011-01-09,16833,160,309.48,18
540526,2011-01-09,14606,154,229.48,38
540528,2011-01-09,17800,98,136.05,12
540529,2011-01-09,16748,260,479.0,15
540530,2011-01-09,14755,238,488.46,27
540531,2011-01-09,16549,56,119.49,33
540532,2011-01-09,14702,37,221.7,20
540533,2011-01-09,15005,67,141.05,25
540534,2011-01-09,12971,24,25.2,2
540536,2011-01-09,17757,93,145.5,25
540537,2011-01-09,13565,78,110.179999999999,13
540538,2011-01-09,17841,99,279.02,31
540539,2011-01-09,18260,429,557.07,26
540540,2011-01-09,17218,47,169.35,22
540541,2011-01-09,15799,181,320.219999999999,22
540542,2011-01-09,15107,50,78.2,5
540543,2011-01-09,14395,171,380.68,36
540544,2011-01-09,18032,42,73.5,5
540545,2011-01-09,13451,260,401.49,48
540546,2011-01-09,12766,411,686.48,35
540547,2011-01-09,14911,85,258.0,13
540548,2011-01-09,14794,34,179.1,9
540550,2011-01-10,12539,643,1715.85,93
540552,2011-01-10,16350,196,376.7,22
540553,2011-01-10,12500,243,344.94,5
540554,2011-01-10,18171,81,240.45,15
540557,2011-01-10,12415,96,81.6,1
540561,2011-01-10,13004,260,326.78,23
540562,2011-01-10,12524,392,337.39,16
540563,2011-01-10,15100,16,175.2,1
540565,2011-01-10,16422,40,102.0,1
540566,2011-01-10,17811,83,185.97,46
540567,2011-01-10,16850,249,332.41,19
540568,2011-01-10,15039,246,646.54,42
540595,2011-01-10,14321,645,326.82,29
540604,2011-01-10,15326,386,311.71,29
540630,2011-01-10,17849,19,217.75,8
540635,2011-01-10,14229,195,456.97,20
540636,2011-01-10,17381,200,212.0,1
540639,2011-01-10,13107,468,566.84,21
540640,2011-01-10,14527,37,167.6,21
540641,2011-01-10,16497,94,279.3,15
540642,2011-01-10,12681,635,1238.06,50
540644,2011-01-10,16303,418,827.18,35
540645,2011-01-10,14060,522,402.66,13
540647,2011-01-10,17406,515,1248.32,93
540648,2011-01-10,15061,793,969.87,15
540649,2011-01-10,15061,317,404.12,8
540653,2011-01-10,17406,2,250.0,1
540662,2011-01-10,13767,136,500.48,10
540664,2011-01-10,15044,87,263.0,14
540671,2011-01-10,17739,163,322.53,7
540672,2011-01-10,15281,518,780.42,50
540680,2011-01-10,15311,365,434.039999999999,33
540682,2011-01-10,16112,150,64.14,8
540687,2011-01-10,15867,177,237.19,27
540688,2011-01-11,12736,173,234.0,4
540689,2011-01-11,17450,4510,12797.52,4
540690,2011-01-11,13473,198,241.26,12
540691,2011-01-11,17450,686,1508.65999999999,44
540692,2011-01-11,14320,235,352.51,23
540697,2011-01-11,16670,188,369.0,21
540698,2011-01-11,17450,858,4314.01999999999,23
540700,2011-01-11,12393,238,462.5,19
540701,2011-01-11,15640,348,602.44,9
540702,2011-01-11,13491,81,140.49,10
540703,2011-01-11,14135,1098,511.46,15
540704,2011-01-11,17742,71,302.57,13
540732,2011-01-11,16122,328,144.12,9
540750,2011-01-11,16351,90,153.9,8
540753,2011-01-11,14217,12,69.7,4
540768,2011-01-11,17428,624,670.8,10
540769,2011-01-11,12601,87,144.26,9
540770,2011-01-11,13468,49,145.75,7
540777,2011-01-11,13144,21,110.95,3
540779,2011-01-11,15346,144,252.42,17
540782,2011-01-11,15370,80,184.2,8
540785,2011-01-11,12557,1008,3417.12,4
540789,2011-01-11,12643,578,871.199999999999,2
540794,2011-01-11,16034,128,153.6,9
540795,2011-01-11,13078,92,355.8,13
540797,2011-01-11,15107,1,8.5,1
540798,2011-01-11,17365,706,727.36,77
540799,2011-01-11,17365,6,15.2999999999999,2
540800,2011-01-11,13798,364,302.36,6
540801,2011-01-11,12540,475,1147.17999999999,31
540802,2011-01-11,15189,208,418.48,5
540803,2011-01-11,14669,200,426.9,54
540809,2011-01-11,18095,225,374.75,16
540813,2011-01-11,14669,288,415.55,56
540815,2011-01-11,15749,7044,15160.9,3
540816,2011-01-11,15518,258,364.91,43
540817,2011-01-11,14209,97,347.95,16
540818,2011-01-11,15749,1970,7837.5,2
540819,2011-01-11,15518,3,23.85,1
540822,2011-01-11,16042,5,24.95,2
540823,2011-01-11,15569,182,288.5,7
540824,2011-01-11,12728,122,252.54,13
540825,2011-01-11,13672,19,62.13,3
540826,2011-01-11,13102,362,447.28,31
540827,2011-01-11,17569,159,344.14,29
540829,2011-01-11,13784,156,113.639999999999,4
540834,2011-01-11,14733,624,1578.31,36
540835,2011-01-11,12724,115,154.9,11
540838,2011-01-11,13862,308,425.1,27
540839,2011-01-11,16791,130,255.38,53
540840,2011-01-11,16235,45,108.67,7
540842,2011-01-11,15602,48,60.0,1
540844,2011-01-11,12971,38,71.5,4
540849,2011-01-12,14270,197,492.65,29
540851,2011-01-12,12523,43,102.95,7
540855,2011-01-12,16353,194,445.6,7
540856,2011-01-12,16655,373,812.25,39
540857,2011-01-12,16779,140,314.0,7
540858,2011-01-12,16359,44,92.4,4
540859,2011-01-12,17965,181,438.67,52
540862,2011-01-12,15953,143,202.349999999999,9
540866,2011-01-12,17324,555,575.18,11
540900,2011-01-12,12712,97,250.65,11
540906,2011-01-12,16701,332,366.12,9
540907,2011-01-12,13488,766,1358.29,71
540908,2011-01-12,12980,64,721.92,2
540915,2011-01-12,13267,131,311.67,16
540939,2011-01-12,15061,2,2.46,2
540940,2011-01-12,18109,33,214.18,13
540943,2011-01-12,17841,107,220.33,34
540945,2011-01-12,16554,1,0.85,1
540946,2011-01-12,12359,144,547.5,16
540947,2011-01-12,15939,490,747.06,11
540951,2011-01-12,13113,132,676.599999999999,11
540953,2011-01-12,14587,155,220.85,88
540954,2011-01-12,14606,47,174.15,26
540955,2011-01-12,14715,82,137.95,13
540957,2011-01-12,15311,193,342.46,35
540968,2011-01-12,17338,316,770.75,66
540970,2011-01-12,14185,6,197.65,3
540971,2011-01-12,12383,590,651.16,31
540972,2011-01-12,12437,134,392.7,7
540974,2011-01-12,12971,64,112.08,2
540975,2011-01-12,14040,91,289.7,24
540976,2011-01-12,12652,505,919.98,48
540979,2011-01-12,15727,273,554.75,32
540980,2011-01-12,14514,121,255.25,26
540981,2011-01-12,12868,168,287.46,22
540983,2011-01-12,15171,290,1289.5,5
540984,2011-01-12,14167,39,148.35,18
540985,2011-01-12,17389,24,105.54,3
540986,2011-01-12,15291,113,408.29,22
540990,2011-01-12,17048,143,258.41,15
540991,2011-01-12,16525,73,307.05,6
540992,2011-01-12,17364,303,436.23,49
540993,2011-01-13,13284,91,201.19,13
540994,2011-01-13,13089,560,704.59,47
540996,2011-01-13,17068,34,104.0,6
540997,2011-01-13,17368,155,130.85,8
540998,2011-01-13,15290,194,289.5,9
540999,2011-01-13,13694,1128,1431.28,18
541001,2011-01-13,16500,1,165.0,1
541002,2011-01-13,12951,135,188.69,14
541003,2011-01-13,15835,155,301.11,15
541004,2011-01-13,18190,102,171.46,9
541005,2011-01-13,16161,94,200.25,29
541006,2011-01-13,13993,120,323.15,18
541008,2011-01-13,17848,68,72.26,5
541010,2011-01-13,14114,89,195.13,11
541011,2011-01-13,15447,85,155.17,9
541012,2011-01-13,17019,244,271.09,41
541013,2011-01-13,15694,109,397.79,10
541014,2011-01-13,14085,104,222.97,27
541015,2011-01-13,16315,75,226.37,14
541018,2011-01-13,14978,99,310.26,38
541021,2011-01-13,13093,429,898.5,19
541038,2011-01-13,16395,246,301.14,41
541043,2011-01-13,15510,2,250.0,1
541086,2011-01-13,16503,118,353.7,21
541087,2011-01-13,13614,25,205.75,9
541088,2011-01-13,15513,505,692.82,19
541091,2011-01-13,16814,159,342.15,15
541093,2011-01-13,12471,100,753.449999999999,7
541094,2011-01-13,13246,294,336.07,36
541103,2011-01-13,14215,286,596.06,37
541105,2011-01-13,16029,400,660.0,2
541106,2011-01-13,18092,384,259.2,2
541107,2011-01-13,17744,294,328.92,15
541108,2011-01-13,13199,72,76.32,1
541109,2011-01-13,15107,2,14.95,2
541110,2011-01-13,15916,201,342.61,33
541111,2011-01-13,15687,176,353.5,22
541112,2011-01-13,18085,187,386.05,20
541113,2011-01-13,16775,27,174.149999999999,12
541114,2011-01-13,14299,16,175.2,1
541115,2011-01-13,12578,748,1608.66,70
541119,2011-01-14,16493,76,127.8,6
541120,2011-01-14,12490,548,864.22,43
541121,2011-01-14,12672,78,225.899999999999,10
541122,2011-01-14,12708,166,284.62,19
541123,2011-01-14,13385,281,534.57,35
541124,2011-01-14,17389,12,131.399999999999,1
541125,2011-01-14,12474,11,47.5,2
541126,2011-01-14,15626,312,281.88,20
541134,2011-01-14,15615,368,643.6,25
541135,2011-01-14,16233,78,179.1,7
541136,2011-01-14,18229,98,359.9,7
541137,2011-01-14,13777,156,332.64,4
541138,2011-01-14,12553,446,700.31,38
541139,2011-01-14,15213,262,313.2,22
541149,2011-01-14,12393,60,177.0,3
541172,2011-01-14,13854,103,345.849999999999,8
541181,2011-01-14,12877,36,100.2,3
541202,2011-01-14,17581,230,448.95,22
541203,2011-01-14,13090,44,302.76,3
541204,2011-01-14,14175,146,322.58,16
541205,2011-01-14,18106,128,430.7,39
541206,2011-01-14,14646,8210,10389.06,79
541207,2011-01-14,17685,210,361.5,16
541208,2011-01-14,15159,296,272.64,11
541213,2011-01-14,15033,361,570.07,64
541214,2011-01-14,15570,198,487.7,30
541215,2011-01-14,14329,740,1547.58,76
541216,2011-01-14,15311,507,416.54,27
541217,2011-01-14,17402,24,111.9,3
541218,2011-01-14,16638,178,142.82,9
541220,2011-01-14,14156,6198,16774.72,41
541223,2011-01-14,17954,177,254.54,67
541224,2011-01-14,12474,71,201.9,11
541225,2011-01-14,14099,146,234.62,19
541226,2011-01-14,15854,36,214.2,5
541227,2011-01-14,16839,80,349.2,6
541228,2011-01-14,15290,36,45.0,2
541236,2011-01-14,17961,1,3.35,1
541238,2011-01-16,16746,118,391.1,36
541239,2011-01-16,16401,492,487.9,14
541240,2011-01-16,16206,83,161.3,25
541241,2011-01-16,13782,108,191.94,36
541242,2011-01-16,12924,17,58.19,2
541243,2011-01-16,16593,48,69.6,1
541244,2011-01-16,15535,78,270.34,37
541246,2011-01-16,15535,12,22.2,1
541247,2011-01-16,12989,648,810.0,1
541248,2011-01-16,12748,7,8.52,7
541249,2011-01-16,13700,190,120.729999999999,19
541250,2011-01-16,13700,84,35.28,7
541251,2011-01-16,15046,107,258.25,11
541252,2011-01-16,13064,60,203.3,9
541253,2011-01-16,17841,108,277.39,36
541255,2011-01-16,17841,1,4.25,1
541256,2011-01-16,13048,347,477.61,40
541258,2011-01-16,13634,127,362.0,38
541259,2011-01-16,14404,102,282.6,19
541260,2011-01-16,16059,74,145.0,31
541262,2011-01-16,18069,162,297.66,76
541263,2011-01-16,16843,534,759.06,19
541264,2011-01-16,17064,74,147.85,23
541265,2011-01-16,17609,225,430.04,100
541266,2011-01-16,15673,398,969.95,53
541267,2011-01-17,12779,288,613.22,25
541268,2011-01-17,12872,116,221.44,28
541269,2011-01-17,12626,412,1096.0,53
541270,2011-01-17,14976,27,155.95,16
541271,2011-01-17,12388,204,431.3,19
541272,2011-01-17,13527,31,110.45,5
541273,2011-01-17,13155,94,189.5,11
541274,2011-01-17,15696,249,493.45,31
541275,2011-01-17,14176,48,121.2,4
541276,2011-01-17,15316,100,165.0,1
541277,2011-01-17,12673,171,220.9,23
541278,2011-01-17,14135,52,167.4,5
541279,2011-01-17,18223,356,635.8,32
541280,2011-01-17,15296,679,1199.33,61
541281,2011-01-17,17988,14,64.99,13
541282,2011-01-17,17690,305,895.5,50
541283,2011-01-17,12820,146,170.46,11
541285,2011-01-17,13001,447,805.45,31
541286,2011-01-17,13982,304,475.2,29
541287,2011-01-17,14101,664,751.599999999999,3
541288,2011-01-17,14525,135,264.65,7
541289,2011-01-17,14606,76,208.32,40
541290,2011-01-17,17288,132,103.56,5
541291,2011-01-17,14667,217,305.81,25
541292,2011-01-17,15596,133,375.15,21
541293,2011-01-17,15311,145,394.57,35
541294,2011-01-17,14898,96,157.2,6
541302,2011-01-17,13769,166,304.02,19
541316,2011-01-17,13209,43,111.35,6
541357,2011-01-17,14238,111,146.85,8
541362,2011-01-17,17730,262,311.48,17
541370,2011-01-17,18179,156,287.1,17
541371,2011-01-17,13983,177,322.78,34
541391,2011-01-17,13983,12,7.8,1
541400,2011-01-17,13929,43,412.85,2
541405,2011-01-17,12683,268,732.14,21
541406,2011-01-17,14657,209,416.08,62
541407,2011-01-17,13199,144,152.64,1
541408,2011-01-17,15738,186,316.5,12
541409,2011-01-17,13246,340,347.039999999999,4
541410,2011-01-17,13089,617,1207.13,51
541411,2011-01-17,17961,5,9.75,1
541413,2011-01-17,13859,129,201.16,28
541414,2011-01-17,18212,101,248.42,43
541417,2011-01-17,16033,102,262.96,42
541420,2011-01-17,16670,2,5.9,1
541425,2011-01-18,15513,144,79.2,1
541426,2011-01-18,18233,4,440.0,1
541427,2011-01-18,17018,60,405.0,6
541428,2011-01-18,14242,53,138.35,8
541429,2011-01-18,14688,278,302.22,19
541430,2011-01-18,12356,1216,2271.62,36
541431,2011-01-18,12346,74215,77183.6,1
541432,2011-01-18,12748,49,158.95,4
541434,2011-01-18,14911,287,465.58,10
541435,2011-01-18,13898,133,155.93,12
541436,2011-01-18,15291,76,315.0,5
541439,2011-01-18,16948,96,69.6,5
541473,2011-01-18,17491,240,305.52,8
541474,2011-01-18,16997,200,390.0,4
541479,2011-01-18,16422,1108,707.88,7
541480,2011-01-18,12527,113,132.52,10
541481,2011-01-18,14696,147,293.63,16
541483,2011-01-18,15395,17,107.45,7
541484,2011-01-18,16814,117,193.09,12
541485,2011-01-18,18118,242,290.8,99
541486,2011-01-18,18109,99,129.51,17
541488,2011-01-18,15061,518,780.5,13
541489,2011-01-18,15023,357,577.3,68
541490,2011-01-18,13984,61,129.95,4
541491,2011-01-18,12510,294,681.05,29
541500,2011-01-18,18041,191,145.23,14
541504,2011-01-18,14415,74,235.6,27
541505,2011-01-18,15939,1,15.0,1
541509,2011-01-18,13263,106,141.66,39
541510,2011-01-18,14428,56,203.55,24
541511,2011-01-18,17576,54,128.82,20
541513,2011-01-18,17576,12,15.0,1
541517,2011-01-19,12665,37,63.0,3
541518,2011-01-19,12451,2334,2919.50999999999,101
541520,2011-01-19,12422,113,238.5,13
541521,2011-01-19,15298,117,169.74,7
541522,2011-01-19,17419,102,330.2,18
541523,2011-01-19,17708,33,110.6,26
541524,2011-01-19,17091,240,594.7,37
541525,2011-01-19,14090,72,76.32,1
541530,2011-01-19,14769,403,523.98,35
541552,2011-01-19,15039,758,740.39,41
541564,2011-01-19,16904,133,192.26,45
541565,2011-01-19,14527,45,172.15,19
541566,2011-01-19,17722,808,833.44,30
541567,2011-01-19,12681,386,752.75,31
541568,2011-01-19,15606,66,305.6,10
541569,2011-01-19,13520,319,685.12,25
541570,2011-01-19,14646,6072,7722.04,33
541571,2011-01-19,12841,133,169.68,24
541574,2011-01-19,12826,266,212.72,16
541575,2011-01-19,15311,541,577.02,33
541576,2011-01-19,17097,48,112.92,23
541585,2011-01-19,14180,38,275.5,14
541587,2011-01-19,17841,54,202.93,14
541588,2011-01-19,14307,310,487.45,31
541590,2011-01-19,13310,234,410.18,27
541591,2011-01-19,15831,308,309.94,17
541593,2011-01-19,17611,235,321.4,46
541594,2011-01-19,14916,243,295.05,15
541595,2011-01-19,14606,62,116.06,20
541596,2011-01-19,17602,799,767.05,103
541597,2011-01-19,14031,323,456.27,6
541602,2011-01-19,17231,88,166.68,31
541604,2011-01-19,14572,182,335.63,57
541605,2011-01-20,13502,60,114.6,4
541606,2011-01-20,14784,56,114.68,4
541608,2011-01-20,14646,288,305.28,2
541609,2011-01-20,15938,32,74.9,5
541610,2011-01-20,16029,165,429.15,3
541611,2011-01-20,16029,144,528.48,2
541615,2011-01-20,16395,132,149.42,19
541631,2011-01-20,12637,708,1516.68,72
541648,2011-01-20,17811,166,337.7,32
541649,2011-01-20,17418,139,167.39,12
541655,2011-01-20,14779,56,262.55,31
541657,2011-01-20,16321,21,87.75,4
541658,2011-01-20,15529,210,249.43,59
541659,2011-01-20,15262,73,178.95,10
541660,2011-01-20,17787,263,529.91,48
541664,2011-01-20,17862,100,330.9,11
541669,2011-01-20,17315,172,331.76,19
541670,2011-01-20,14911,1332,2756.84,21
541671,2011-01-20,14735,112,398.6,15
541672,2011-01-20,14735,36,135.0,5
541673,2011-01-20,14735,60,120.6,3
541675,2011-01-20,12402,94,225.6,11
541676,2011-01-20,15379,351,530.48,33
541677,2011-01-20,12747,88,303.039999999999,5
541678,2011-01-20,17771,110,115.8,22
541679,2011-01-20,15422,18,55.5,3
541680,2011-01-20,14062,1059,1652.27,16
541681,2011-01-20,13008,175,229.469999999999,14
541682,2011-01-20,14770,180,278.6,17
541683,2011-01-20,14085,376,330.48,31
541684,2011-01-20,15498,1126,1761.18,106
541686,2011-01-20,16912,117,377.3,13
541690,2011-01-20,15422,20,42.2,3
541698,2011-01-20,14713,146,222.24,36
541699,2011-01-21,17744,484,301.96,16
541700,2011-01-21,15174,145,135.75,11
541703,2011-01-21,12594,145,341.0,12
541706,2011-01-21,18061,334,304.02,5
541708,2011-01-21,18223,10,19.5,1
541709,2011-01-21,17504,233,441.15,27
541711,2011-01-21,14646,5730,8060.3,106
541712,2011-01-21,17890,73,125.13,30
541732,2011-01-21,16387,44,94.36,4
541756,2011-01-21,12664,164,661.58,5
541782,2011-01-21,13102,10,8.5,1
541783,2011-01-21,16618,396,728.16,35
541784,2011-01-21,17277,362,717.02,52
541785,2011-01-21,14779,14,85.6,4
541788,2011-01-21,13999,160,307.6,15
541789,2011-01-21,14088,1927,7544.91,93
541791,2011-01-21,16928,81,101.25,5
541792,2011-01-21,17094,152,302.0,14
541793,2011-01-21,13969,212,345.24,19
541794,2011-01-21,17238,56,138.55,26
541795,2011-01-21,14692,131,259.6,27
541796,2011-01-21,14092,205,318.5,19
541797,2011-01-21,12970,6,17.2,6
541798,2011-01-21,15311,197,387.87,16
541799,2011-01-21,12970,2,6.6,2
541800,2011-01-21,15235,53,169.75,10
541801,2011-01-21,15235,150,91.8,9
541808,2011-01-21,16210,1,10.0,1
541812,2011-01-21,16839,152,357.12,3
541813,2011-01-21,18239,226,424.32,21
541814,2011-01-21,17306,430,748.94,6
541815,2011-01-21,18037,3,8.25,2
541816,2011-01-21,17799,365,614.38,73
541832,2011-01-21,17889,44,101.85,12
541835,2011-01-23,17243,56,161.8,9
541836,2011-01-23,15465,45,394.049999999999,4
541837,2011-01-23,17714,92,153.0,10
541838,2011-01-23,12916,325,847.85,40
541839,2011-01-23,17769,200,376.31,34
541840,2011-01-23,15059,1,2.95,1
541841,2011-01-23,14450,81,161.03,11
541842,2011-01-23,16085,95,181.35,28
541843,2011-01-23,13659,572,1045.4,62
541844,2011-01-23,16931,128,215.16,48
541845,2011-01-23,15167,67,163.0,41
541846,2011-01-23,13050,191,323.09,17
541847,2011-01-23,15443,182,437.71,51
541848,2011-01-23,17611,367,497.48,103
541849,2011-01-23,13230,79,155.64,49
541850,2011-01-23,14224,99,244.3,40
541851,2011-01-23,17841,52,105.34,17
541853,2011-01-23,17858,53,224.75,8
541854,2011-01-23,18283,67,106.55,45
541855,2011-01-23,13742,278,469.18,95
541856,2011-01-23,17673,453,402.419999999999,44
541857,2011-01-23,12727,126,514.5,12
541858,2011-01-23,16983,154,195.26,14
541859,2011-01-23,14606,177,265.18,28
541860,2011-01-23,13963,54,115.679999999999,6
541862,2011-01-23,14068,73,265.85,24
541864,2011-01-23,13798,1174,2375.42,19
541865,2011-01-24,13068,100,165.0,1
541866,2011-01-24,16477,223,417.31,26
541867,2011-01-24,14744,109,163.5,5
541872,2011-01-24,14796,219,293.74,49
541873,2011-01-24,14368,36,155.0,8
541874,2011-01-24,15497,528,970.6,10
541875,2011-01-24,16558,272,301.28,19
541876,2011-01-24,12951,38,117.4,6
541877,2011-01-24,12559,247,486.11,20
541880,2011-01-24,13819,546,408.3,13
541881,2011-01-24,14501,45,66.93,4
541883,2011-01-24,13408,558,904.66,20
541884,2011-01-24,14782,114,200.1,6
541886,2011-01-24,15039,181,481.41,27
541903,2011-01-24,15039,12,91.8,1
541916,2011-01-24,17861,102,241.859999999999,8
541919,2011-01-24,14334,318,352.42,22
541932,2011-01-24,14439,526,2661.24,32
541946,2011-01-24,17591,151,309.43,18
541947,2011-01-24,18161,208,301.53,15
541948,2011-01-24,15820,128,206.98,17
541949,2011-01-24,18136,177,288.99,18
541950,2011-01-24,15498,182,523.34,19
541960,2011-01-24,16660,132,282.599999999999,4
541962,2011-01-24,12693,47,162.05,9
541963,2011-01-24,17799,33,172.85,11
541965,2011-01-24,12625,909,1716.62,53
541966,2011-01-24,13854,142,304.1,8
541968,2011-01-24,13396,139,387.27,15
541970,2011-01-24,15179,1244,1285.62,44
541972,2011-01-24,12935,325,431.63,27
541973,2011-01-24,16730,445,187.019999999999,14
541974,2011-01-24,14541,78,163.04,25
541976,2011-01-24,16168,38,127.7,5
541977,2011-01-24,15078,170,379.7,18
541978,2011-01-24,13551,12,91.8,4
541979,2011-01-24,14911,47,282.44,15
541980,2011-01-24,12421,104,157.45,11
541981,2011-01-24,12691,84,190.2,9
541983,2011-01-24,15797,1,15.0,1
541984,2011-01-24,13117,102,111.78,8
541985,2011-01-24,15052,82,215.78,30
541986,2011-01-24,17001,189,374.93,20
541987,2011-01-24,14130,258,483.86,67
541988,2011-01-25,15222,440,585.0,5
541989,2011-01-25,13615,189,417.69,23
541990,2011-01-25,13901,64,214.4,11
541991,2011-01-25,12417,108,323.44,16
541992,2011-01-25,16029,296,431.76,3
541995,2011-01-25,13158,135,256.409999999999,19
541996,2011-01-25,18075,188,333.08,17
541997,2011-01-25,18077,243,315.13,27
541998,2011-01-25,12348,601,227.44,6
542000,2011-01-25,14257,424,620.14,39
542001,2011-01-25,14298,1056,723.6,25
542002,2011-01-25,14298,450,621.6,18
542003,2011-01-25,15311,602,1368.38,25
542004,2011-01-25,12971,72,88.8,4
542005,2011-01-25,14409,253,337.3,11
542006,2011-01-25,15218,296,581.66,28
542025,2011-01-25,14543,76,303.8,6
542026,2011-01-25,15110,69,169.65,9
542057,2011-01-25,15967,62,173.8,35
542058,2011-01-25,15601,740,461.64,23
542059,2011-01-25,16757,81,106.83,7
542065,2011-01-25,14527,14,90.9,11
542079,2011-01-25,18144,52,157.4,3
542080,2011-01-25,13815,608,1012.01,53
542081,2011-01-25,15213,10,15.1499999999999,2
542083,2011-01-25,18008,355,130.81,12
542084,2011-01-25,14680,470,1081.3,21
542085,2011-01-25,14534,153,355.12,28
542087,2011-01-25,14849,316,459.84,23
542090,2011-01-25,15518,159,241.89,21
542093,2011-01-25,17677,196,500.099999999999,16
542096,2011-01-25,17236,141,199.329999999999,24
542098,2011-01-25,16531,86,146.1,8
542099,2011-01-25,13703,10,99.5,1
542100,2011-01-25,15339,159,257.9,41
542102,2011-01-25,12744,1091,2053.07,56
542103,2011-01-25,13198,575,800.19,52
542105,2011-01-25,12854,162,389.9,34
542106,2011-01-25,12709,314,1116.9,11
542107,2011-01-25,16222,365,846.72,137
542108,2011-01-25,17460,42,133.5,6
542110,2011-01-25,14189,136,274.74,16
542111,2011-01-25,14341,170,224.48,16
542112,2011-01-25,13168,365,632.18,76
542113,2011-01-25,14341,33,111.15,7
542114,2011-01-25,16943,97,451.03,21
542121,2011-01-25,17515,93,231.48,31
542122,2011-01-25,17082,316,636.94,24
542123,2011-01-25,14299,104,339.599999999999,9
542124,2011-01-25,14248,102,302.58,8
542125,2011-01-25,16497,110,233.08,12
542126,2011-01-25,13001,461,564.39,5
542128,2011-01-25,12609,223,287.93,16
542129,2011-01-25,13002,73,120.949999999999,7
542130,2011-01-25,13468,66,146.1,10
542131,2011-01-25,16133,327,323.71,11
542132,2011-01-25,12691,2,36.0,1
542133,2011-01-25,13049,78,153.78,7
542134,2011-01-25,15189,40,300.0,3
542141,2011-01-26,14548,128,326.4,2
542142,2011-01-26,12971,60,174.6,4
542143,2011-01-26,15061,158,561.3,6
542145,2011-01-26,13089,12,419.4,1
542146,2011-01-26,13405,37,160.05,6
542147,2011-01-26,12782,237,683.93,30
542148,2011-01-26,14060,225,252.1,11
542149,2011-01-26,17811,120,108.55,10
542151,2011-01-26,13491,71,187.85,12
542152,2011-01-26,13534,121,182.45,11
542153,2011-01-26,13534,66,164.7,8
542154,2011-01-26,15777,24,102.0,1
542155,2011-01-26,15777,112,285.599999999999,1
542174,2011-01-26,16043,155,307.85,17
542192,2011-01-26,14049,767,1031.83,110
542207,2011-01-26,16422,1248,396.719999999999,3
542208,2011-01-26,16422,1326,944.34,10
542212,2011-01-26,15812,64,244.8,2
542213,2011-01-26,13837,62,113.7,9
542214,2011-01-26,17118,154,157.02,10
542215,2011-01-26,12472,485,825.36,42
542216,2011-01-26,14911,690,802.56,52
542217,2011-01-26,14606,120,166.3,18
542219,2011-01-26,17735,314,594.04,35
542220,2011-01-26,15373,33,211.35,3
542221,2011-01-26,14978,90,379.28,36
542222,2011-01-26,14616,48,237.6,1
542223,2011-01-26,14233,47,100.85,6
542224,2011-01-26,17888,112,92.7,15
542226,2011-01-26,17075,76,188.86,18
542227,2011-01-26,14243,150,328.4,21
542228,2011-01-26,13113,163,372.29,19
542229,2011-01-26,12474,207,350.4,22
542230,2011-01-26,17389,54,227.399999999999,7
542231,2011-01-26,16714,608,1136.58,91
542233,2011-01-26,13098,211,648.8,12
542234,2011-01-26,16714,1,9.95,1
542235,2011-01-26,15661,156,193.799999999999,4
542236,2011-01-26,17027,100,191.55,43
542237,2011-01-26,12347,315,475.39,29
542238,2011-01-26,12591,228,452.849999999999,26
542239,2011-01-26,17786,56,114.85,28
542240,2011-01-26,16124,48,249.0,11
542241,2011-01-26,16409,135,271.56,48
542242,2011-01-26,13754,82,156.0,8
542243,2011-01-26,17841,72,181.65,17
542246,2011-01-26,15227,173,318.23,16
542247,2011-01-26,12997,115,305.55,15
542254,2011-01-26,14733,133,511.69,10
542258,2011-01-26,17372,58,162.4,20
542265,2011-01-26,15867,53,142.71,23
542266,2011-01-26,16918,173,275.78,31
542267,2011-01-26,16882,2,9.9,1
542268,2011-01-27,15358,420,490.88,36
542269,2011-01-27,14442,259,675.58,30
542272,2011-01-27,16496,450,736.7,41
542274,2011-01-27,16782,129,339.6,21
542275,2011-01-27,13089,480,702.4,34
542276,2011-01-27,12764,386,1693.88,45
542277,2011-01-27,14440,191,529.01,18
542278,2011-01-27,14911,155,564.05,21
542284,2011-01-27,17311,410,556.46,24
542303,2011-01-27,12539,643,1715.85,93
542320,2011-01-27,14040,71,203.25,5
542345,2011-01-27,15910,93,149.49,42
542347,2011-01-27,12826,267,329.38,24
542349,2011-01-27,15513,109,328.74,11
542350,2011-01-27,16949,46,74.42,5
542351,2011-01-27,14560,39,152.25,4
542353,2011-01-27,16700,463,508.36,38
542354,2011-01-27,14709,135,407.95,21
542355,2011-01-27,14970,50,337.5,5
542360,2011-01-27,14701,143,396.45,57
542369,2011-01-27,12645,235,369.299999999999,16
542370,2011-01-27,13004,296,318.599999999999,26
542371,2011-01-27,12468,127,220.59,12
542372,2011-01-27,13078,94,408.78,9
542373,2011-01-27,16767,1223,1866.02,50
542374,2011-01-27,15696,126,264.26,16
542375,2011-01-27,12626,48,178.1,6
542377,2011-01-27,13506,92,157.4,9
542381,2011-01-27,17213,106,321.1,18
542382,2011-01-27,14738,83,204.77,11
542384,2011-01-27,15827,95,177.35,12
542386,2011-01-27,17540,64,268.8,8
542388,2011-01-27,14239,48,159.6,9
542389,2011-01-27,12868,119,182.45,12
542390,2011-01-27,16814,116,317.15,17
542393,2011-01-27,18125,392,556.46,83
542397,2011-01-27,13328,680,1308.48,17
542398,2011-01-27,13174,270,692.3,73
542399,2011-01-27,15549,398,942.1,61
542401,2011-01-27,14541,231,316.21,50
542405,2011-01-27,13534,4,31.7999999999999,2
542406,2011-01-27,17757,51,133.45,18
542407,2011-01-27,15601,210,283.74,19
542408,2011-01-27,13280,343,392.01,41
542409,2011-01-27,15311,127,305.25,16
542411,2011-01-27,15864,110,242.42,6
542412,2011-01-27,16725,26,116.4,17
542419,2011-01-27,14662,67,101.05,24
542420,2011-01-27,17180,171,247.54,54
542422,2011-01-27,14702,59,181.35,21
542423,2011-01-28,15057,614,1131.0,22
542425,2011-01-28,12574,61,218.45,11
542428,2011-01-28,17404,2804,2938.75999999999,21
542429,2011-01-28,13330,198,335.82,13
542430,2011-01-28,13552,74,313.7,8
542431,2011-01-28,12853,138,427.4,20
542432,2011-01-28,13538,24,166.8,3
542433,2011-01-28,12726,408,401.58,19
542434,2011-01-28,16755,193,316.06,16
542470,2011-01-28,14133,152,318.0,16
542503,2011-01-28,16327,465,622.62,35
542506,2011-01-28,16523,164,743.9,26
542511,2011-01-28,15527,117,358.9,9
542517,2011-01-28,13694,462,1521.1,8
542519,2011-01-28,15159,224,564.5,21
542520,2011-01-28,15547,167,238.67,34
542521,2011-01-28,17965,63,150.88,16
542526,2011-01-28,14659,323,593.17,50
542527,2011-01-28,17188,266,522.08,20
542528,2011-01-28,13141,178,215.519999999999,15
542530,2011-01-28,15365,85,208.61,12
542533,2011-01-28,16019,16,100.8,2
542534,2011-01-28,13707,231,583.41,32
542535,2011-01-28,12735,105,459.8,21
542538,2011-01-28,15079,235,367.29,23
542542,2011-01-28,12431,110,384.68,20
542543,2011-01-28,13141,123,309.05,16
542549,2011-01-28,15696,4,19.8,1
542568,2011-01-28,14215,67,160.05,8
542578,2011-01-28,13709,303,474.7,31
542583,2011-01-28,14051,154,483.9,8
542584,2011-01-28,18016,55,168.1,21
542585,2011-01-28,17329,67,243.36,16
542586,2011-01-28,12377,340,626.6,34
542587,2011-01-28,14401,98,304.74,5
542590,2011-01-28,17920,83,159.85,10
542591,2011-01-28,13089,3,119.85,1
542595,2011-01-30,14040,174,421.1,38
542596,2011-01-30,14532,24,182.8,9
542597,2011-01-30,16326,21,159.43,13
542598,2011-01-30,14805,29,109.25,19
542599,2011-01-30,17062,94,102.64,18
542600,2011-01-30,16923,139,310.61,33
542601,2011-01-30,16897,58,213.03,30
542602,2011-01-30,15579,56,199.6,26
542603,2011-01-30,16985,202,340.24,14
542605,2011-01-30,17796,59,225.1,24
542606,2011-01-30,14595,76,163.8,5
542607,2011-01-30,13148,145,411.75,65
542608,2011-01-30,16770,185,269.3,54
542609,2011-01-30,13161,29,112.75,8
542610,2011-01-30,13148,240,351.56,32
542611,2011-01-30,15415,575,572.81,48
542612,2011-01-30,17841,82,165.9,25
542613,2011-01-30,17431,292,403.3,43
542614,2011-01-30,15708,63,197.25,7
542615,2011-01-30,13148,1,14.95,1
542616,2011-01-30,16816,143,249.67,15
542617,2011-01-30,17463,417,709.51,94
542618,2011-01-30,14502,66,155.21,43
542619,2011-01-30,13869,261,574.19,50
542620,2011-01-31,13089,204,343.55,19
542621,2011-01-31,12528,281,493.53,31
542623,2011-01-31,17239,150,382.5,15
542626,2011-01-31,12720,182,279.3,19
542627,2011-01-31,14426,454,568.82,40
542628,2011-01-31,14426,9,132.35,3
542629,2011-01-31,12731,1617,3174.43,46
542630,2011-01-31,13784,144,60.48,1
542631,2011-01-31,12841,50,123.95,11
542632,2011-01-31,13324,390,460.5,5
542634,2011-01-31,15448,232,494.64,28
542636,2011-01-31,18239,42,56.0999999999999,2
542641,2011-01-31,17314,36,203.8,5
542646,2011-01-31,17220,142,320.0,37
542647,2011-01-31,18245,320,439.18,28
542648,2011-01-31,12476,131,549.58,21
542649,2011-01-31,17373,89,145.25,17
542659,2011-01-31,15738,215,305.07,10
542662,2011-01-31,18145,567,609.01,42
542667,2011-01-31,17068,252,453.7,32
542673,2011-01-31,14527,22,101.8,14
542678,2011-01-31,14688,122,205.6,17
542690,2011-01-31,14298,900,378.0,1
542691,2011-01-31,13408,472,631.36,10
542692,2011-01-31,14467,37,131.7,15
542694,2011-01-31,12908,600,318.0,1
542707,2011-01-31,18095,194,205.3,5
542708,2011-01-31,17621,218,662.38,11
542709,2011-01-31,15144,264,378.32,19
542710,2011-01-31,14776,684,558.36,22
542711,2011-01-31,17894,35,93.6,23
542712,2011-01-31,14744,230,327.98,5
542713,2011-01-31,12668,475,1009.8,50
542715,2011-01-31,16403,114,177.5,10
542716,2011-01-31,16407,108,263.24,20
542717,2011-01-31,17580,71,121.17,41
542718,2011-01-31,15602,108,192.2,7
542719,2011-01-31,17619,127,218.52,77
542720,2011-01-31,12778,117,134.48,9
542722,2011-01-31,13089,144,261.599999999999,3
542723,2011-01-31,17256,68,127.899999999999,12
542724,2011-01-31,16779,151,265.05,13
542725,2011-01-31,16191,5,14.75,2
542727,2011-01-31,17604,54,136.24,27
542728,2011-01-31,14006,236,304.44,7
542729,2011-01-31,15194,260,315.57,16
542731,2011-01-31,13600,324,219.52,19
542733,2011-01-31,15058,28,120.52,26
542735,2011-01-31,12681,205,417.54,18
542736,2011-01-31,14744,1,0.55,1
542737,2011-01-31,15058,103,178.799999999999,35
542739,2011-01-31,17389,30,212.999999999999,3
542741,2011-01-31,17375,250,176.66,22
542743,2011-01-31,16191,5,14.75,2
542745,2011-01-31,15881,154,339.29,23
542746,2011-01-31,15881,2,1.9,1
542759,2011-01-31,15881,1,4.95,1
542776,2011-02-01,15240,306,312.9,14
542777,2011-02-01,14911,463,797.77,45
542778,2011-02-01,14496,73,234.47,14
542779,2011-02-01,17147,250,409.5,18
542780,2011-02-01,17675,270,698.6,22
542782,2011-02-01,12712,61,314.15,11
542785,2011-02-01,13881,706,1025.34,13
542786,2011-02-01,17314,256,362.4,21
542788,2011-02-01,16570,342,450.06,15
542789,2011-02-01,17511,2945,4446.88,58
542790,2011-02-01,16612,135,280.05,18
542791,2011-02-01,15039,164,439.3,39
542795,2011-02-01,18055,105,336.91,14
542796,2011-02-01,17356,166,178.22,19
542797,2011-02-01,17884,319,278.219999999999,29
542800,2011-02-01,14606,2,3.67,2
542806,2011-02-01,12836,260,846.69,39
542812,2011-02-01,14850,293,325.75,21
542835,2011-02-01,13939,202,184.5,12
542836,2011-02-01,16745,172,239.299999999999,47
542858,2011-02-01,17228,175,123.429999999999,18
542859,2011-02-01,13606,114,70.02,3
542862,2011-02-01,14606,77,161.2,49
542863,2011-02-01,13494,162,316.26,18
542864,2011-02-01,13802,690,969.74,20
542865,2011-02-01,12929,37,117.85,8
542868,2011-02-01,16419,98,252.66,17
542869,2011-02-01,17035,143,259.51,18
542870,2011-02-01,15203,224,211.94,20
542872,2011-02-01,15939,240,354.24,5
542881,2011-02-01,14587,58,150.2,30
542886,2011-02-01,16515,199,320.51,31
542887,2011-02-01,12373,197,364.6,14
542888,2011-02-01,15687,132,379.1,23
542889,2011-02-01,16422,136,241.2,2
542890,2011-02-01,15311,778,1003.23,79
542891,2011-02-01,16705,1184,2489.11,43
542892,2011-02-01,13784,432,155.519999999999,1
542893,2011-02-01,18202,197,485.73,23
542894,2011-02-01,12775,113,214.45,12
542895,2011-02-01,14549,136,289.24,56
542896,2011-02-01,15981,40,270.0,4
542897,2011-02-01,15854,60,303.0,5
542898,2011-02-01,16110,210,409.7,115
542899,2011-02-01,17376,35,105.85,13
542900,2011-02-01,14180,16,134.1,8
542901,2011-02-01,14217,12,88.3,6
542902,2011-02-01,16011,180,231.0,10
542903,2011-02-01,15107,48,40.8,1
542904,2011-02-01,12682,200,510.849999999999,19
542905,2011-02-01,12540,193,288.98,12
542907,2011-02-01,13854,75,313.85,4
542908,2011-02-01,13110,70,271.55,20
542909,2011-02-01,16716,96,734.4,1
542911,2011-02-01,12676,250,509.5,12
542914,2011-02-01,16161,142,272.4,29
542915,2011-02-01,15940,4,35.8,1
542919,2011-02-01,15971,370,762.0,4
542920,2011-02-02,13629,450,765.0,5
542921,2011-02-02,15838,150,277.5,2
542922,2011-02-02,12682,161,490.89,19
542923,2011-02-02,14665,150,394.4,26
542925,2011-02-02,14457,88,113.64,4
542926,2011-02-02,12559,36,75.6,1
542927,2011-02-02,18198,180,303.56,8
542928,2011-02-02,17863,426,505.98,27
542929,2011-02-02,17811,105,289.3,33
542930,2011-02-02,14233,266,530.1,9
542931,2011-02-02,15589,125,184.95,12
542932,2011-02-02,13089,712,1341.96,46
542933,2011-02-02,14411,196,1063.0,14
542934,2011-02-02,13093,395,991.98,27
542944,2011-02-02,17560,142,162.1,4
542989,2011-02-02,15226,71,154.41,8
542990,2011-02-02,13468,44,141.3,9
542992,2011-02-02,14460,24,30.0,1
542993,2011-02-02,16156,136,303.84,18
542994,2011-02-02,17230,198,675.0,16
542995,2011-02-02,13728,38,158.579999999999,9
542996,2011-02-02,15046,95,227.71,9
543001,2011-02-02,14127,161,314.63,20
543002,2011-02-02,13491,97,117.09,8
543003,2011-02-02,14312,78,126.82,8
543005,2011-02-02,16378,116,144.2,10
543006,2011-02-02,17975,87,326.36,31
543007,2011-02-02,13894,105,160.85,10
543008,2011-02-02,13824,292,442.88,11
543009,2011-02-02,18041,122,128.68,10
543010,2011-02-02,18250,199,349.27,21
543011,2011-02-02,15270,188,375.4,9
543012,2011-02-02,17961,2,7.2,2
543015,2011-02-02,14188,223,398.0,12
543016,2011-02-02,18017,100,165.0,1
543017,2011-02-02,13199,1,15.0,1
543019,2011-02-02,17912,4,21.6,2
543020,2011-02-02,15005,85,203.58,34
543021,2011-02-02,15421,174,295.06,16
543022,2011-02-02,16771,396,654.96,71
543023,2011-02-02,15270,174,307.3,9
543024,2011-02-02,13777,188,345.02,12
543025,2011-02-02,17446,102,68.1,5
543027,2011-02-02,12414,145,153.76,7
543028,2011-02-02,14443,184,304.9,19
543029,2011-02-02,13576,111,349.89,4
543030,2011-02-02,12437,207,150.5,10
543031,2011-02-02,14798,76,75.68,6
543032,2011-02-02,12990,50,97.5,3
543033,2011-02-02,17841,69,208.48,31
543036,2011-02-02,17223,48,133.95,19
543037,2011-02-02,12350,197,334.4,17
543038,2011-02-02,14735,43,110.45,5
543040,2011-02-02,17337,703,1026.72,259
543041,2011-02-02,16405,3,6.85,3
543043,2011-02-02,17848,13,44.35,3
543044,2011-02-03,17071,150,308.55,17
543045,2011-02-03,14309,86,207.22,10
543046,2011-02-03,13873,29,121.45,7
543047,2011-02-03,16210,586,1866.3,4
543048,2011-02-03,12600,105,427.94,8
543053,2011-02-03,17362,76,150.0,12
543054,2011-02-03,13394,212,313.76,16
543055,2011-02-03,12502,171,617.25,31
543056,2011-02-03,12471,180,947.4,16
543057,2011-02-03,16333,3012,989.52,2
543094,2011-02-03,16030,283,331.24,29
543095,2011-02-03,16814,59,170.7,11
543096,2011-02-03,14044,75,173.74,55
543098,2011-02-03,13102,152,255.76,10
543099,2011-02-03,16684,5880,6549.12,34
543106,2011-02-03,15658,59,270.2,10
543107,2011-02-03,13800,331,558.32,33
543108,2011-02-03,14085,124,244.22,27
543111,2011-02-03,15719,202,428.11,71
543113,2011-02-03,13047,211,458.9,26
543114,2011-02-03,14156,270,788.06,40
543115,2011-02-03,14606,72,120.75,19
543116,2011-02-03,17672,643,1177.84,41
543117,2011-02-03,12464,21,213.899999999999,6
543118,2011-02-03,13842,122,293.96,17
543120,2011-02-03,13668,90,231.4,20
543121,2011-02-03,12662,184,336.7,19
543122,2011-02-03,13819,224,307.0,11
543123,2011-02-03,18178,182,333.3,19
543124,2011-02-03,15311,369,610.16,29
543125,2011-02-03,17214,22,132.5,13
543126,2011-02-03,13581,30,118.0,10
543127,2011-02-03,16748,72,130.8,4
543128,2011-02-03,12971,28,64.0,3
543129,2011-02-03,14540,122,195.9,11
543130,2011-02-03,16997,40,78.0,4
543131,2011-02-03,13539,134,164.1,11
543132,2011-02-03,15235,122,172.3,14
543133,2011-02-03,15235,18,71.9,4
543134,2011-02-03,15885,1,15.0,1
543161,2011-02-03,14497,235,475.37,29
543162,2011-02-03,17507,222,340.56,45
543163,2011-02-03,16353,24,118.8,1
543164,2011-02-03,13208,157,168.45,26
543165,2011-02-03,13230,47,135.55,23
543166,2011-02-04,13488,229,655.55,32
543167,2011-02-04,17457,150,331.26,4
543168,2011-02-04,13694,1306,693.48,5
543169,2011-02-04,13694,224,376.32,3
543170,2011-02-04,17334,290,296.52,10
543173,2011-02-04,13871,217,456.05,23
543174,2011-02-04,16938,120,267.6,14
543177,2011-02-04,14466,70,323.5,7
543178,2011-02-04,14911,75,229.6,13
543179,2011-02-04,12754,37,45.57,37
543180,2011-02-04,12410,203,625.329999999999,22
543181,2011-02-04,12410,8,68.0,4
543183,2011-02-04,14560,8,46.7,3
543184,2011-02-04,16525,134,303.58,7
543186,2011-02-04,17929,36,196.2,2
543187,2011-02-04,14778,141,334.05,18
543188,2011-02-04,12567,617,1236.73,63
543189,2011-02-04,17517,102,153.94,11
543190,2011-02-04,17226,406,393.49,21
543191,2011-02-04,13137,141,217.93,48
543192,2011-02-04,17381,2910,1987.62,7
543193,2011-02-04,13725,177,947.65,41
543196,2011-02-04,13309,467,390.71,34
543197,2011-02-04,12842,157,310.73,14
543198,2011-02-04,16109,84,314.999999999999,3
543199,2011-02-04,13102,118,195.06,9
543202,2011-02-04,17291,72,550.8,1
543214,2011-02-04,12779,98,337.2,9
543232,2011-02-04,13113,185,755.05,14
543235,2011-02-04,14462,155,331.42,51
543240,2011-02-04,14462,4,15.8,2
543242,2011-02-04,15090,208,381.32,23
543243,2011-02-04,15199,118,353.099999999999,3
543245,2011-02-04,16725,47,123.78,23
543246,2011-02-04,17315,80,103.25,16
543247,2011-02-04,16029,324,585.0,4
543248,2011-02-04,16029,432,791.52,4
543249,2011-02-04,13963,87,182.15,9
543250,2011-02-04,13911,283,335.53,25
543251,2011-02-04,14194,217,516.95,30
543252,2011-02-04,17685,126,361.7,12
543253,2011-02-04,14842,5,310.0,2
543255,2011-02-04,13050,115,303.33,13
543256,2011-02-04,17293,95,123.21,11
543264,2011-02-04,13069,186,255.03,24
543272,2011-02-06,14810,61,136.65,16
543273,2011-02-06,16456,247,449.28,46
543274,2011-02-06,17392,99,145.5,13
543275,2011-02-06,13584,37,142.4,24
543276,2011-02-06,16525,430,974.62,12
543277,2011-02-06,15808,247,751.2,61
543278,2011-02-06,16745,406,203.82,11
543279,2011-02-06,17105,359,319.4,38
543280,2011-02-06,14438,82,131.9,9
543281,2011-02-06,14606,46,94.27,30
543282,2011-02-06,12956,34,108.07,19
543283,2011-02-07,15781,29,83.35,5
543284,2011-02-07,14410,71,137.65,8
543285,2011-02-07,14600,125,393.33,25
543286,2011-02-07,14952,444,972.72,18
543287,2011-02-07,16422,319,620.37,6
543288,2011-02-07,17302,99,182.85,11
543291,2011-02-07,14180,16,143.92,7
543292,2011-02-07,14534,166,295.45,26
543293,2011-02-07,17613,332,586.8,41
543294,2011-02-07,17849,15,127.35,7
543300,2011-02-07,13334,836,1660.44,131
543306,2011-02-07,16686,224,340.77,103
543309,2011-02-07,18118,105,245.64,57
543325,2011-02-07,17692,66,110.7,7
543332,2011-02-07,13955,110,205.1,11
543342,2011-02-07,17162,294,424.41,29
543348,2011-02-07,13983,2,290.0,1
543349,2011-02-07,17774,89,219.989999999999,26
543350,2011-02-07,13809,29,155.05,12
543351,2011-02-07,15407,132,165.0,11
543352,2011-02-07,15577,7,29.65,4
543354,2011-02-07,13458,522,818.86,39
543355,2011-02-07,16033,115,208.76,38
543357,2011-02-07,12388,37,124.05,6
543359,2011-02-07,16332,40,122.3,11
543367,2011-02-07,18225,269,438.82,22
543369,2011-02-07,16255,92,219.36,29
543370,2011-02-07,12359,465,1838.90999999999,80
543371,2011-02-07,14048,288,409.93,85
543372,2011-02-07,16321,21,67.95,2
543373,2011-02-07,16945,104,181.44,10
543374,2011-02-07,16945,163,319.35,17
543376,2011-02-07,16321,21,67.95,2
543377,2011-02-07,13725,192,220.98,15
543378,2011-02-07,18102,1008,4379.76,2
543379,2011-02-07,18102,1420,6155.71999999999,4
543380,2011-02-07,14293,90,143.1,7
543382,2011-02-07,14030,225,307.23,39
543387,2011-02-08,14646,1126,1306.28,14
543389,2011-02-08,17841,57,150.26,19
543391,2011-02-08,14475,131,306.55,16
543392,2011-02-08,16839,416,602.72,9
543393,2011-02-08,13534,86,163.7,10
543394,2011-02-08,15797,528,1495.2,5
543395,2011-02-08,13534,2,15.9,1
543396,2011-02-08,15189,242,313.66,3
543397,2011-02-08,17859,127,148.21,25
543398,2011-02-08,16458,128,199.8,10
543400,2011-02-08,14688,148,213.15,15
543411,2011-02-08,12576,199,266.85,19
543413,2011-02-08,13098,96,244.799999999999,3
543428,2011-02-08,17787,224,449.98,40
543446,2011-02-08,15827,40,146.2,8
543447,2011-02-08,16265,440,802.65,48
543449,2011-02-08,16553,160,336.0,7
543452,2011-02-08,16037,80,303.0,9
543454,2011-02-08,14527,24,140.55,15
543455,2011-02-08,17858,384,326.4,2
543456,2011-02-08,15753,144,79.2,1
543457,2011-02-08,17428,340,603.439999999999,9
543458,2011-02-08,14587,79,152.87,33
543459,2011-02-08,12599,216,201.86,14
543462,2011-02-08,17655,130,313.9,13
543463,2011-02-08,15311,518,694.27,33
543464,2011-02-08,16779,308,364.32,10
543466,2011-02-08,16713,228,459.36,20
543468,2011-02-08,14562,87,262.85,28
543470,2011-02-08,16951,1066,1053.79,70
543474,2011-02-08,14415,195,504.23,52
543476,2011-02-08,13050,205,303.24,17
543477,2011-02-08,17315,12,15.0,1
543478,2011-02-08,13798,392,849.04,7
543479,2011-02-08,16998,24,90.0,1
543480,2011-02-08,13133,11,52.35,3
543481,2011-02-08,14606,68,103.1,19
543482,2011-02-08,17881,32,133.35,8
543483,2011-02-09,18075,36,78.62,5
543484,2011-02-09,12721,301,455.02,27
543485,2011-02-09,15843,27,118.95,8
543486,2011-02-09,13319,185,510.07,27
543487,2011-02-09,13319,84,197.0,11
543492,2011-02-09,12720,160,168.9,13
543507,2011-02-09,15039,172,371.6,25
543518,2011-02-09,12753,2962,5735.24,48
543519,2011-02-09,17083,372,691.36,20
543520,2011-02-09,15827,6,29.7,1
543523,2011-02-09,12971,30,38.1,3
543527,2011-02-09,15970,116,314.1,11
543529,2011-02-09,18109,35,178.15,9
543534,2011-02-09,13590,266,309.06,13
543535,2011-02-09,17537,370,630.7,61
543537,2011-02-09,12401,11,84.3,5
543538,2011-02-09,16143,158,401.5,25
543539,2011-02-09,17757,61,148.4,11
543540,2011-02-09,17412,92,141.36,8
543541,2011-02-09,12462,287,762.11,40
543542,2011-02-09,16607,256,231.91,14
543543,2011-02-09,17843,113,205.48,37
543547,2011-02-09,17358,45,119.15,17
543548,2011-02-10,13706,189,330.79,20
543549,2011-02-10,17940,4752,1045.44,5
543550,2011-02-10,12601,51,113.1,6
543553,2011-02-10,16359,295,209.25,14
543554,2011-02-10,14733,168,493.5,12
543555,2011-02-10,17686,616,1592.61,68
543565,2011-02-10,14431,130,470.36,17
543586,2011-02-10,15809,112,198.8,13
543587,2011-02-10,12561,177,238.85,16
543588,2011-02-10,17381,780,1127.52,5
543589,2011-02-10,17381,200,191.0,2
543590,2011-02-10,17377,144,216.579999999999,19
543591,2011-02-10,13854,64,310.5,5
543592,2011-02-10,17243,106,263.8,14
543593,2011-02-10,14465,186,597.3,7
543594,2011-02-10,18093,496,852.92,19
543595,2011-02-10,16027,217,320.52,3
543596,2011-02-10,14898,59,168.35,9
543597,2011-02-10,12857,274,801.6,34
543598,2011-02-10,18230,212,464.82,18
543599,2011-02-10,17560,16,0.0,1
543600,2011-02-10,18168,95,194.35,27
543601,2011-02-10,14560,14,62.6,4
543602,2011-02-10,15570,34,116.85,14
543604,2011-02-10,16558,147,264.03,18
543610,2011-02-10,16425,199,302.7,21
543612,2011-02-10,16711,68,384.6,2
543618,2011-02-10,13468,53,160.15,8
543619,2011-02-10,16842,370,520.569999999999,30
543622,2011-02-10,17334,25,10.5,1
543623,2011-02-10,16405,184,160.4,2
543625,2011-02-10,12583,454,321.56,13
543626,2011-02-10,15796,124,343.92,19
543630,2011-02-10,15046,71,121.28,11
543631,2011-02-10,14081,344,511.0,84
543639,2011-02-10,16725,60,101.34,19
543641,2011-02-10,14555,98,197.94,16
543642,2011-02-10,16161,50,85.86,19
543645,2011-02-10,17609,46,107.65,19
543646,2011-02-10,17790,54,116.8,11
543647,2011-02-10,12841,66,106.8,17
543648,2011-02-11,15114,179,259.05,17
543649,2011-02-11,17809,84,610.2,2
543650,2011-02-11,12980,56,790.8,2
543651,2011-02-11,16306,272,335.3,19
543652,2011-02-11,15544,405,479.48,34
543653,2011-02-11,14796,188,354.11,64
543657,2011-02-11,15133,106,333.2,10
543658,2011-02-11,13819,339,425.05,12
543664,2011-02-11,17705,88,136.3,10
543668,2011-02-11,18118,24,133.0,16
543669,2011-02-11,16029,2400,2256.0,1
543670,2011-02-11,16013,144,468.0,2
543672,2011-02-11,16013,72,306.0,1
543673,2011-02-11,16013,80,554.4,2
543674,2011-02-11,16013,316,1252.2,3
543675,2011-02-11,16013,150,382.5,1
543688,2011-02-11,15270,50,330.8,2
543691,2011-02-11,17924,48,223.2,1
543693,2011-02-11,12897,64,128.8,2
543730,2011-02-11,16928,90,112.5,4
543731,2011-02-11,17677,422,612.25,15
543733,2011-02-11,12395,262,231.51,14
543734,2011-02-11,17512,373,494.51,23
543735,2011-02-11,16191,228,514.56,10
543736,2011-02-11,15044,264,610.55,30
543737,2011-02-11,12477,639,2355.95,52
543738,2011-02-11,13094,72,76.32,1
543739,2011-02-11,15550,96,137.899999999999,12
543740,2011-02-11,15311,278,350.82,23
543746,2011-02-11,17675,85,324.25,11
543747,2011-02-11,13672,38,124.26,3
543748,2011-02-11,12913,112,313.8,7
543754,2011-02-11,18159,139,530.15,23
543759,2011-02-11,12921,252,377.48,12
543770,2011-02-11,13875,302,340.65,24
543774,2011-02-11,15856,730,1078.9,20
543777,2011-02-11,15406,130,252.29,43
543788,2011-02-11,15061,2,2.42,2
543797,2011-02-13,15465,56,278.65,9
543798,2011-02-13,15058,86,178.75,16
543799,2011-02-13,17236,40,119.76,5
543800,2011-02-13,17282,617,741.85,84
543801,2011-02-13,17811,52,210.7,9
543802,2011-02-13,13742,155,526.1,71
543803,2011-02-13,17126,184,302.67,62
543804,2011-02-13,16434,211,401.0,26
543805,2011-02-13,17050,69,131.4,19
543806,2011-02-13,17085,114,233.96,31
543807,2011-02-13,14692,61,121.25,12
543808,2011-02-13,17454,77,132.25,29
543809,2011-02-13,17095,91,230.81,18
543810,2011-02-13,13171,53,140.35,23
543812,2011-02-13,17472,147,252.51,65
543813,2011-02-13,16897,15,76.75,7
543814,2011-02-13,15640,382,981.9,25
543815,2011-02-13,17255,75,112.46,38
543816,2011-02-13,17841,55,104.33,22
543820,2011-02-13,16084,216,436.18,38
543821,2011-02-14,17667,483,928.05,53
543822,2011-02-14,12507,219,446.16,13
543823,2011-02-14,17937,192,540.0,4
543824,2011-02-14,14631,160,309.5,12
543825,2011-02-14,16098,68,421.8,7
543828,2011-02-14,14156,939,2024.57,76
543829,2011-02-14,12939,1536,3376.08,15
543831,2011-02-14,15769,1948,3257.4,10
543832,2011-02-14,13381,267,416.11,24
543833,2011-02-14,12476,47,160.2,8
543836,2011-02-14,15236,269,321.05,15
543839,2011-02-14,17811,30,103.7,3
543842,2011-02-14,16333,1056,1119.36,1
543852,2011-02-14,14258,724,1165.96,9
543900,2011-02-14,12621,412,642.29,30
543901,2011-02-14,17659,28,115.0,6
543907,2011-02-14,17346,62,105.57,20
543908,2011-02-14,16422,114,405.3,3
543910,2011-02-14,13475,222,317.12,23
543911,2011-02-14,17829,496,889.24,30
543912,2011-02-14,16701,178,379.74,5
543913,2011-02-14,17591,61,151.68,20
543914,2011-02-14,14715,46,109.5,9
543915,2011-02-14,13717,375,298.05,21
543919,2011-02-14,13157,190,197.82,11
543921,2011-02-14,13911,122,223.74,15
543923,2011-02-14,14644,66,187.5,8
543924,2011-02-14,16904,27,101.45,21
543934,2011-02-14,12993,64,102.899999999999,8
543935,2011-02-14,12989,136,901.6,7
543973,2011-02-14,17571,178,284.35,44
543975,2011-02-14,17231,127,316.89,42
543976,2011-02-14,13089,664,1380.4,4
543977,2011-02-14,15615,305,710.31,25
543978,2011-02-14,12867,475,424.159999999999,61
543979,2011-02-14,14606,57,169.44,39
543981,2011-02-15,15358,263,367.76,26
543982,2011-02-15,15358,111,281.8,12
543983,2011-02-15,16979,93,347.15,11
543984,2011-02-15,15601,432,549.04,29
543986,2011-02-15,16738,3,3.75,1
543987,2011-02-15,14849,147,383.599999999999,9
543988,2011-02-15,14849,6,17.7,1
543989,2011-02-15,12415,8384,14022.92,69
543990,2011-02-15,15122,236,397.04,24
543991,2011-02-15,13848,1700,615.0,3
543993,2011-02-15,17612,178,305.46,18
543994,2011-02-15,12931,1280,1696.4,4
543995,2011-02-15,13408,442,793.5,12
543996,2011-02-15,15811,181,458.53,26
543997,2011-02-15,17348,199,160.15,36
543998,2011-02-15,18093,228,264.6,4
544035,2011-02-15,13893,190,821.1,21
544036,2011-02-15,17315,18,188.7,2
544037,2011-02-15,14961,531,920.33,51
544039,2011-02-15,14744,31,211.0,3
544040,2011-02-15,14701,94,257.97,51
544041,2011-02-15,17730,180,375.56,17
544042,2011-02-15,14527,29,91.2,15
544043,2011-02-15,14527,1,12.75,1
544044,2011-02-15,14659,44,181.8,14
544045,2011-02-15,13941,336,1023.84,8
544051,2011-02-15,16700,266,433.0,27
544055,2011-02-15,14035,168,301.6,11
544056,2011-02-15,13004,202,287.74,19
544058,2011-02-15,14176,76,230.15,16
544059,2011-02-15,14534,52,120.16,18
544060,2011-02-15,13623,61,156.0,15
544061,2011-02-15,14176,24,66.0,2
544062,2011-02-15,15311,430,784.74,27
544064,2011-02-15,17114,22,127.95,19
544065,2011-02-15,14346,104,262.44,17
544066,2011-02-15,12971,90,181.5,5
544067,2011-02-15,16431,143,269.59,20
544068,2011-02-15,16431,61,74.34,30
544069,2011-02-15,12616,98,255.6,11
544070,2011-02-15,15370,242,570.02,28
544071,2011-02-15,16317,382,570.76,30
544073,2011-02-15,14935,935,1784.71,10
544074,2011-02-15,14156,470,856.26,110
544075,2011-02-15,14156,1932,3506.24,23
544076,2011-02-15,16407,60,75.0,2
544077,2011-02-15,14825,175,241.34,34
544078,2011-02-15,16073,48,122.399999999999,1
544079,2011-02-15,14477,100,165.0,1
544081,2011-02-15,17819,264,855.999999999999,13
544083,2011-02-15,15606,125,303.57,10
544084,2011-02-15,14760,40,89.2,5
544087,2011-02-15,17530,200,344.69,70
544090,2011-02-16,13880,112,210.2,11
544091,2011-02-16,14897,122,175.5,10
544092,2011-02-16,17512,62,77.5,6
544093,2011-02-16,13750,144,363.36,7
544094,2011-02-16,15810,250,377.32,26
544095,2011-02-16,16509,64,363.7,13
544096,2011-02-16,14386,54,142.4,7
544097,2011-02-16,12455,1522,1683.9,41
544098,2011-02-16,16019,396,1129.35,32
544100,2011-02-16,15002,108,254.44,19
544101,2011-02-16,16378,109,142.85,10
544102,2011-02-16,14665,86,255.66,14
544103,2011-02-16,17961,15,20.38,11
544104,2011-02-16,14665,32,81.6,1
544105,2011-02-16,17567,210,424.85,24
544106,2011-02-16,14530,371,698.26,45
544107,2011-02-16,15670,91,173.05,12
544108,2011-02-16,12653,286,779.1,16
544109,2011-02-16,12841,90,112.45,10
544110,2011-02-16,15059,57,184.18,29
544111,2011-02-16,16126,275,891.35,22
544112,2011-02-16,15039,160,375.78,30
544115,2011-02-16,12727,777,919.66,48
544125,2011-02-16,13199,268,285.24,3
544129,2011-02-16,13199,135,434.6,6
544143,2011-02-16,15759,20,87.8,2
544147,2011-02-16,16306,12,10.82,3
544150,2011-02-16,14180,15,119.15,7
544151,2011-02-16,15024,80,196.87,14
544152,2011-02-16,14609,2400,144.0,1
544153,2011-02-16,15356,116,254.19,42
544154,2011-02-16,13414,600,390.0,1
544155,2011-02-16,12823,40,306.0,1
544156,2011-02-16,12352,98,296.5,15
544157,2011-02-16,12372,224,399.22,20
544158,2011-02-16,14944,64,132.6,6
544159,2011-02-16,14944,284,621.69,22
544160,2011-02-16,16494,675,826.53,50
544161,2011-02-16,16875,233,398.79,22
544162,2011-02-16,14959,138,178.66,22
544163,2011-02-16,16875,18,37.5,2
544164,2011-02-16,17306,762,601.94,6
544165,2011-02-16,14210,102,308.78,16
544166,2011-02-16,14051,50,337.5,4
544167,2011-02-16,14755,134,506.02,27
544168,2011-02-16,13798,144,314.4,2
544169,2011-02-16,13078,129,348.57,13
544170,2011-02-16,16148,72,76.32,1
544176,2011-02-16,18219,45,94.31,6
544177,2011-02-16,13001,945,1853.52,96
544178,2011-02-16,14543,105,388.05,6
544179,2011-02-16,17422,219,321.25,17
544180,2011-02-16,14309,280,233.42,8
544181,2011-02-16,17175,332,519.08,27
544182,2011-02-16,18257,112,328.4,15
544183,2011-02-16,17857,524,786.839999999999,3
544185,2011-02-16,16684,141,149.46,1
544187,2011-02-16,14107,211,257.85,15
544189,2011-02-16,15867,36,133.0,8
544190,2011-02-16,13089,239,193.01,15
544191,2011-02-16,13089,367,772.8,30
544192,2011-02-16,13089,6,17.7,1
544193,2011-02-17,12431,279,640.1,37
544194,2011-02-17,16839,346,597.58,12
544195,2011-02-17,13305,146,152.7,6
544196,2011-02-17,13327,102,202.9,5
544197,2011-02-17,12971,26,105.5,3
544198,2011-02-17,12971,36,84.0,3
544199,2011-02-17,13777,144,244.68,6
544200,2011-02-17,12494,116,250.0,16
544203,2011-02-17,12362,229,479.1,27
544209,2011-02-17,16235,61,235.79,12
544210,2011-02-17,14911,87,281.12,14
544211,2011-02-17,13018,166,331.2,18
544271,2011-02-17,17083,190,304.659999999999,14
544277,2011-02-17,13718,135,114.05,7
544278,2011-02-17,15382,910,1019.42,65
544280,2011-02-17,14754,173,228.269999999999,15
544281,2011-02-17,12500,303,373.98,5
544282,2011-02-17,17865,318,655.28,19
544283,2011-02-17,13668,887,1131.46,17
544286,2011-02-17,13151,363,1257.87,74
544292,2011-02-17,16745,326,304.65,28
544293,2011-02-17,17954,759,326.39,61
544294,2011-02-17,15601,368,570.88,36
544295,2011-02-17,14298,1206,1097.58,58
544296,2011-02-17,14298,196,55.44,2
544297,2011-02-17,14298,20,46.1999999999999,2
544298,2011-02-17,14298,646,790.86,21
544299,2011-02-17,13178,326,414.0,25
544301,2011-02-17,14606,76,147.33,24
544302,2011-02-17,12654,77,166.6,11
544303,2011-02-17,18116,57,161.95,41
544304,2011-02-17,18125,113,175.75,42
544305,2011-02-17,15044,48,205.5,13
544306,2011-02-17,13085,172,278.1,13
544307,2011-02-17,15903,384,161.28,16
544308,2011-02-17,16525,130,347.1,4
544309,2011-02-17,15785,557,928.58,29
544311,2011-02-17,17841,91,175.04,49
544312,2011-02-17,17841,3,8.25,2
544313,2011-02-17,14099,212,200.59,17
544314,2011-02-17,13767,175,277.81,14
544315,2011-02-17,12748,19,23.95,14
544316,2011-02-17,16556,362,640.14,43
544317,2011-02-17,18138,38,152.65,8
544319,2011-02-17,14379,128,110.98,17
544320,2011-02-17,17381,480,57.5999999999999,1
544322,2011-02-17,14211,156,145.2,5
544328,2011-02-17,14371,34,100.5,4
544329,2011-02-17,17288,60,53.4,3
544330,2011-02-17,17576,122,147.2,22
544331,2011-02-17,12455,1,15.0,1
544332,2011-02-17,17419,238,333.0,14
544334,2011-02-17,16353,24,118.8,1
544335,2011-02-17,14702,31,101.25,13
544336,2011-02-17,13230,110,145.579999999999,31
544337,2011-02-18,13425,282,401.57,27
544338,2011-02-18,12852,149,311.55,17
544339,2011-02-18,15228,751,904.85,32
544340,2011-02-18,12527,108,152.4,5
544341,2011-02-18,13012,165,377.27,19
544349,2011-02-18,16713,146,398.22,14
544350,2011-02-18,17389,12,96.9,2
544351,2011-02-18,16182,500,825.0,4
544352,2011-02-18,15290,149,298.73,15
544353,2011-02-18,18229,60,359.8,5
544354,2011-02-18,13489,64,77.28,6
544355,2011-02-18,12714,753,968.3,53
544356,2011-02-18,13904,223,201.12,17
544368,2011-02-18,14057,493,623.78,58
544390,2011-02-18,14911,61,162.7,10
544391,2011-02-18,15755,198,314.68,19
544392,2011-02-18,14680,1223,2807.31,22
544393,2011-02-18,16393,151,214.049999999999,32
544394,2011-02-18,13932,72,307.4,16
544395,2011-02-18,13397,103,301.85,7
544398,2011-02-18,15311,321,518.2,24
544399,2011-02-18,12594,111,256.0,13
544400,2011-02-18,14101,1090,1092.43,12
544404,2011-02-18,16401,122,177.9,5
544405,2011-02-18,16814,50,179.6,11
544406,2011-02-18,16726,310,413.22,63
544407,2011-02-18,14606,1,15.0,1
544408,2011-02-18,16726,106,61.0,9
544409,2011-02-18,16265,328,799.38,35
544411,2011-02-18,13799,186,341.7,16
544412,2011-02-18,16531,193,245.91,17
544421,2011-02-18,13951,140,212.56,12
544423,2011-02-18,12553,15,6.3,1
544426,2011-02-18,16765,4,34.0,1
544430,2011-02-18,16306,2,5.1,1
544439,2011-02-20,13798,398,358.8,3
544440,2011-02-20,15465,80,645.56,4
544441,2011-02-20,16566,14,94.8999999999999,2
544443,2011-02-20,13725,16,136.0,1
544444,2011-02-20,13246,361,400.45,24
544445,2011-02-20,16746,200,560.15,59
544446,2011-02-20,12891,100,42.0,1
544447,2011-02-20,16466,65,111.67,17
544448,2011-02-20,14878,58,111.88,18
544449,2011-02-20,16115,77,138.83,24
544450,2011-02-20,17811,497,1271.55,109
544452,2011-02-20,14162,110,177.68,13
544453,2011-02-20,17214,51,149.55,19
544454,2011-02-20,13301,95,173.91,20
544455,2011-02-20,13097,288,589.11,51
544456,2011-02-20,14803,216,542.15,14
544457,2011-02-20,14667,160,333.6,12
544459,2011-02-20,17838,490,752.14,34
544460,2011-02-20,16931,218,302.37,67
544461,2011-02-20,13744,995,893.16,53
544462,2011-02-20,17050,259,540.94,68
544463,2011-02-20,12988,136,535.32,92
544464,2011-02-20,17323,119,141.69,32
544465,2011-02-20,13168,146,209.05,25
544466,2011-02-20,14606,97,113.85,24
544467,2011-02-20,14502,107,298.38,73
544470,2011-02-21,12707,256,603.42,33
544471,2011-02-21,18094,264,504.72,16
544472,2011-02-21,15129,117,355.4,14
544473,2011-02-21,14229,108,305.159999999999,6
544474,2011-02-21,12423,194,192.31,15
544475,2011-02-21,17361,12,45.0,1
544476,2011-02-21,14796,240,328.88,69
544477,2011-02-21,16029,336,567.839999999999,5
544478,2011-02-21,16333,216,399.6,1
544479,2011-02-21,14646,8174,11956.1,76
544480,2011-02-21,14646,4034,6323.38,43
544481,2011-02-21,18155,91,113.93,8
544482,2011-02-21,16656,616,659.28,7
544483,2011-02-21,12524,271,525.339999999999,12
544484,2011-02-21,15321,545,1159.47,38
544485,2011-02-21,17757,76,146.8,20
544495,2011-02-21,12766,454,973.65,43
544556,2011-02-21,13477,120,185.399999999999,12
544565,2011-02-21,18055,126,306.0,17
544568,2011-02-21,15065,548,773.66,48
544569,2011-02-21,16980,418,732.36,78
544571,2011-02-21,15146,914,834.22,63
544572,2011-02-21,14639,239,558.59,29
544573,2011-02-21,12621,520,892.95,22
544574,2011-02-21,12365,173,320.69,21
544578,2011-02-21,12365,1,320.69,1
544582,2011-02-21,13410,140,250.239999999999,8
544585,2011-02-21,12523,78,143.4,8
544586,2011-02-21,17338,480,1117.8,120
544591,2011-02-21,13044,429,560.47,33
544592,2011-02-21,16775,26,171.049999999999,10
544596,2011-02-21,16441,110,211.0,13
544597,2011-02-21,16014,106,262.93,62
544600,2011-02-22,18061,17,108.15,2
544601,2011-02-22,16638,376,528.27,32
544602,2011-02-22,13767,198,437.9,11
544603,2011-02-22,17526,96,634.2,4
544604,2011-02-22,13576,144,364.32,2
544605,2011-02-22,17512,144,79.2,1
544606,2011-02-22,14520,100,165.0,1
544607,2011-02-22,13862,169,253.75,15
544610,2011-02-22,16912,140,350.1,16
544611,2011-02-22,16912,72,30.24,3
544612,2011-02-22,18087,3906,3202.91999999999,1
544633,2011-02-22,17315,116,131.8,5
544634,2011-02-22,17994,189,307.25,44
544636,2011-02-22,18257,12,35.4,1
544637,2011-02-22,16546,393,487.75,19
544638,2011-02-22,14688,252,325.42,12
544642,2011-02-22,17811,50,139.8,13
544643,2011-02-22,13038,186,395.1,15
544644,2011-02-22,17002,266,513.06,17
544645,2011-02-22,16843,560,1240.4,28
544646,2011-02-22,17075,105,373.74,28
544647,2011-02-22,14060,474,402.659999999999,16
544648,2011-02-22,15722,112,324.05,11
544650,2011-02-22,16349,9,53.5,9
544651,2011-02-22,13694,1740,1972.7,23
544652,2011-02-22,13694,360,479.76,5
544654,2011-02-22,16913,82,113.44,8
544656,2011-02-22,17442,302,440.83,28
544657,2011-02-22,14895,964,2346.34,118
544658,2011-02-22,13113,128,425.92,11
544659,2011-02-22,18114,55,220.1,28
544660,2011-02-22,15078,299,590.03,36
544661,2011-02-22,15303,248,574.02,31
544662,2011-02-22,12845,21,65.09,21
544663,2011-02-22,18188,164,426.6,16
544664,2011-02-22,16045,438,664.45,43
544666,2011-02-22,16907,69,250.68,31
544667,2011-02-22,17511,2874,3336.75999999999,34
544668,2011-02-22,16573,111,292.63,16
544670,2011-02-22,16161,64,181.13,27
544672,2011-02-22,14646,2940,3211.7,44
544673,2011-02-22,13421,495,825.04,64
544675,2011-02-22,16011,97,116.09,11
544676,2011-02-22,17841,116,141.48,41
544677,2011-02-22,18196,241,450.78,78
544678,2011-02-22,13077,296,254.12,45
544680,2011-02-22,13077,8,9.6,4
544685,2011-02-22,13285,594,666.89,52
544686,2011-02-22,12748,4,7.8,4
544687,2011-02-22,13184,134,212.52,20
544688,2011-02-23,18151,111,312.55,17
544689,2011-02-23,12980,54,432.9,2
544690,2011-02-23,14156,668,1480.2,15
544691,2011-02-23,13804,417,723.63,41
544692,2011-02-23,17499,711,622.88,40
544693,2011-02-23,15397,20,94.0,6
544694,2011-02-23,17706,202,411.02,24
544695,2011-02-23,14276,216,341.2,19
544697,2011-02-23,13453,76,185.0,8
544698,2011-02-23,17949,360,259.2,1
544699,2011-02-23,17949,240,172.799999999999,1
544700,2011-02-23,18041,211,271.68,18
544701,2011-02-23,17428,262,618.89,19
544702,2011-02-23,17135,198,284.97,12
544717,2011-02-23,18172,394,649.02,31
544724,2011-02-23,15605,65,182.75,7
544749,2011-02-23,15373,37,151.55,16
544754,2011-02-23,16394,365,312.409999999999,26
544769,2011-02-23,16422,252,417.96,5
544774,2011-02-23,17711,107,220.53,13
544777,2011-02-23,15311,553,726.83,24
544778,2011-02-23,14978,144,452.91,68
544779,2011-02-23,13865,42,123.3,7
544788,2011-02-23,13089,553,354.56,36
544789,2011-02-23,13993,98,499.7,20
544790,2011-02-23,16940,549,757.68,83
544791,2011-02-23,14289,148,322.24,19
544792,2011-02-23,18172,346,1329.36,28
544793,2011-02-23,13694,1152,218.88,1
544794,2011-02-23,13854,84,385.46,4
544795,2011-02-23,15858,526,432.29,58
544796,2011-02-23,16208,243,497.59,40
544797,2011-02-23,13489,288,158.4,1
544798,2011-02-23,17063,73,187.65,11
544799,2011-02-23,17063,112,131.72,9
544800,2011-02-23,15687,97,299.95,17
544801,2011-02-23,16145,193,310.08,18
544802,2011-02-23,13149,276,376.74,18
544803,2011-02-23,14606,59,114.07,31
544804,2011-02-23,17504,176,346.28,9
544805,2011-02-23,18068,6,101.699999999999,1
544806,2011-02-23,15932,169,317.73,16
544807,2011-02-23,12823,30,229.5,1
544808,2011-02-23,14562,60,171.85,23
544809,2011-02-23,16692,1,8.5,1
544810,2011-02-23,17675,203,635.41,18
544811,2011-02-23,12471,201,388.3,14
544813,2011-02-23,15984,43,104.95,13
544815,2011-02-23,17171,185,224.91,16
544816,2011-02-23,13090,192,485.039999999999,6
544817,2011-02-23,12437,266,344.0,17
544818,2011-02-23,12437,96,95.7599999999999,4
544819,2011-02-23,12748,34,69.59,12
544821,2011-02-24,12971,64,109.0,2
544822,2011-02-24,18231,180,291.0,10
544823,2011-02-24,14004,382,900.02,29
544824,2011-02-24,17139,894,2639.38,131
544825,2011-02-24,15606,78,305.7,9
544826,2011-02-24,14513,7,18.75,7
544833,2011-02-24,15974,388,769.24,32
544835,2011-02-24,17830,48,188.5,11
544836,2011-02-24,17613,175,310.71,15
544837,2011-02-24,15910,141,161.41,36
544838,2011-02-24,12565,80,145.92,9
544839,2011-02-24,14841,355,596.79,32
544846,2011-02-24,16719,133,169.329999999999,19
544847,2011-02-24,16086,33,101.19,5
544885,2011-02-24,14243,100,339.4,20
544886,2011-02-24,12582,141,205.16,12
544887,2011-02-24,17364,339,504.56,67
544888,2011-02-24,14231,117,308.95,19
544892,2011-02-24,14527,16,77.95,9
544893,2011-02-24,17865,566,596.24,34
544894,2011-02-24,15805,362,553.76,36
544895,2011-02-24,14189,121,214.71,14
544896,2011-02-24,17867,2,25.5,1
544898,2011-02-24,14880,66,129.2,8
544899,2011-02-24,13118,97,190.93,14
544900,2011-02-24,15121,125,295.15,18
544903,2011-02-24,18065,139,405.03,23
544904,2011-02-24,13018,107,311.25,19
544905,2011-02-24,17117,68,116.199999999999,9
544906,2011-02-24,17017,308,528.32,15
544907,2011-02-24,12945,165,462.95,23
544908,2011-02-24,18056,211,363.65,19
544909,2011-02-24,14298,1814,1991.26,38
544910,2011-02-24,16072,140,584.319999999999,23
544911,2011-02-24,16838,93,392.12,14
544912,2011-02-24,18198,302,303.22,9
544913,2011-02-24,15543,86,127.86,28
544914,2011-02-24,16722,229,314.36,15
544915,2011-02-24,13777,90,179.04,5
544916,2011-02-24,17377,89,132.17,19
544917,2011-02-24,13751,152,296.25,9
544918,2011-02-24,13081,561,836.24,49
544919,2011-02-24,13725,98,147.3,10
544920,2011-02-24,13081,221,736.95,24
544921,2011-02-24,17090,208,400.8,11
544922,2011-02-24,15847,348,180.68,9
544923,2011-02-24,12877,16,79.2,1
544924,2011-02-24,13851,150,246.32,17
544925,2011-02-24,16997,120,234.0,4
544926,2011-02-24,13468,32,105.2,6
544929,2011-02-24,15189,100,310.92,3
544930,2011-02-24,17472,146,198.51,56
544931,2011-02-24,13501,560,1340.32,52
544932,2011-02-25,16133,144,307.2,11
544933,2011-02-25,12633,589,1012.82,34
544934,2011-02-25,13345,141,389.5,20
544935,2011-02-25,13870,384,544.03,34
544936,2011-02-25,15769,204,1295.39999999999,1
544937,2011-02-25,12839,212,351.56,20
544939,2011-02-25,17034,98,141.799999999999,6
544940,2011-02-25,16592,334,455.28,29
544941,2011-02-25,12841,120,169.94,11
544942,2011-02-25,15544,304,365.1,24
544943,2011-02-25,15845,358,929.22,27
544944,2011-02-25,14541,96,292.4,17
544945,2011-02-25,17735,508,847.38,48
544968,2011-02-25,13458,350,676.92,21
544969,2011-02-25,15712,109,299.8,18
544970,2011-02-25,13362,336,812.7,52
544996,2011-02-25,12474,124,287.58,13
544998,2011-02-25,14470,138,297.64,35
544999,2011-02-25,17388,360,381.6,1
545000,2011-02-25,15281,85,234.15,12
545001,2011-02-25,16841,230,317.38,22
545002,2011-02-25,13001,220,278.28,5
545004,2011-02-25,13753,512,741.26,35
545011,2011-02-25,13666,13,43.65,7
545012,2011-02-25,13666,24,20.4,1
545013,2011-02-25,13093,283,467.52,17
545014,2011-02-25,18223,211,502.85,27
545015,2011-02-25,13742,51,176.05,10
545016,2011-02-25,16473,67,68.4,5
545017,2011-02-25,12361,91,189.9,10
545018,2011-02-25,14481,234,302.86,12
545019,2011-02-25,15093,813,759.08,29
545020,2011-02-25,13792,28,74.6,4
545021,2011-02-25,17663,179,371.39,19
545022,2011-02-25,12921,229,522.75,30
545023,2011-02-25,12921,552,678.15,41
545026,2011-02-25,15939,204,247.8,4
545028,2011-02-25,13973,109,264.7,11
545029,2011-02-25,14541,20,69.0,2
545030,2011-02-25,13798,396,532.72,5
545031,2011-02-25,15990,171,401.37,23
545032,2011-02-25,14051,100,476.8,7
545034,2011-02-25,13493,66,179.35,4
545035,2011-02-25,15078,202,430.26,18
545036,2011-02-25,14573,40,169.15,29
545037,2011-02-27,14532,66,386.9,21
545038,2011-02-27,13684,39,67.23,30
545039,2011-02-27,17243,153,373.65,22
545041,2011-02-27,14952,209,524.95,16
545042,2011-02-27,13261,190,845.1,8
545043,2011-02-27,16407,79,202.1,21
545044,2011-02-27,15738,204,333.92,14
545045,2011-02-27,15708,256,644.75,68
545046,2011-02-27,16598,73,145.049999999999,10
545047,2011-02-27,14147,40,182.8,2
545048,2011-02-27,14810,87,180.65,24
545049,2011-02-27,15046,101,109.85,6
545050,2011-02-27,15951,174,375.169999999999,22
545051,2011-02-27,12599,71,110.6,5
545052,2011-02-27,13971,260,333.48,16
545053,2011-02-27,17516,211,321.23,64
545054,2011-02-27,14472,291,402.469999999999,66
545055,2011-02-27,17516,4,6.6,1
545056,2011-02-27,16745,505,486.65,22
545057,2011-02-27,13630,140,299.14,13
545058,2011-02-27,13767,169,317.87,12
545059,2011-02-27,14157,199,277.17,39
545060,2011-02-27,15547,270,406.74,63
545061,2011-02-27,15547,1,14.95,1
545062,2011-02-27,12748,102,275.25,67
545063,2011-02-27,14606,47,134.72,36
545064,2011-02-27,13636,65,154.5,11
545065,2011-02-27,12431,217,412.55,10
545066,2011-02-27,13610,107,239.17,43
545067,2011-02-27,17894,64,258.4,29
545069,2011-02-27,14745,188,240.6,7
545070,2011-02-27,16493,168,240.0,8
545071,2011-02-27,15996,120,222.29,33
545072,2011-02-28,12781,346,549.26,15
545073,2011-02-28,14036,268,626.65,38
545074,2011-02-28,17655,278,306.7,12
545075,2011-02-28,14211,168,319.9,20
545076,2011-02-28,15235,147,147.9,9
545077,2011-02-28,14616,24,10.08,1
545079,2011-02-28,18283,59,102.899999999999,30
545080,2011-02-28,13004,301,301.91,24
545081,2011-02-28,16057,217,683.98,40
545082,2011-02-28,16992,228,421.6,26
545083,2011-02-28,15724,31,103.65,5
545084,2011-02-28,12458,270,441.92,19
545085,2011-02-28,15039,444,928.08,72
545086,2011-02-28,12678,214,353.43,13
545087,2011-02-28,16422,467,513.45,8
545103,2011-02-28,15039,2,11.9,1
545105,2011-02-28,12598,316,720.86,26
545140,2011-02-28,12464,15,149.95,3
545148,2011-02-28,13675,204,308.44,15
545149,2011-02-28,15062,101,251.9,13
545150,2011-02-28,14227,385,736.7,46
545151,2011-02-28,16668,84,50.76,3
545152,2011-02-28,15227,208,306.84,14
545153,2011-02-28,16667,78,203.35,21
545154,2011-02-28,12921,206,425.5,27
545155,2011-02-28,14527,20,122.0,11
545156,2011-02-28,13509,260,209.32,12
545157,2011-02-28,14239,150,205.38,12
545158,2011-02-28,15874,52,584.35,5
545159,2011-02-28,12748,17,13.05,4
545161,2011-02-28,16187,124,195.0,9
545162,2011-02-28,16187,247,480.9,22
545163,2011-02-28,16607,139,216.049999999999,13
545164,2011-02-28,16458,98,173.7,11
545165,2011-02-28,16339,23,109.95,20
545166,2011-02-28,17027,88,239.13,42
545170,2011-02-28,14078,34,170.049999999999,7
545180,2011-02-28,12728,73,200.72,12
545181,2011-02-28,12509,55,176.5,7
545182,2011-02-28,14046,460,154.99,14
545183,2011-02-28,15570,100,314.9,18
545184,2011-02-28,13292,133,249.57,14
545185,2011-02-28,16027,144,79.2,1
545186,2011-02-28,17841,114,229.9,47
545187,2011-02-28,16427,84,109.8,4
545188,2011-02-28,14056,372,598.96,131
545190,2011-02-28,15656,89,242.95,15
545191,2011-02-28,12811,104,240.25,14
545213,2011-02-28,16518,124,190.7,11
545214,2011-02-28,17165,100,158.68,10
545218,2011-02-28,17462,155,463.409999999999,14
545220,2011-03-01,14620,73,235.35,15
545221,2011-03-01,14740,260,521.1,30
545222,2011-03-01,13880,94,200.1,9
545223,2011-03-01,16462,4,34.0,1
545224,2011-03-01,17068,86,182.7,11
545225,2011-03-01,12971,136,161.8,3
545226,2011-03-01,12428,852,1943.4,95
545227,2011-03-01,12428,1273,2474.62,98
545228,2011-03-01,16078,16,79.2,1
545229,2011-03-01,16915,18,54.3,3
545231,2011-03-01,15194,255,307.62,12
545232,2011-03-01,15676,555,897.8,61
545233,2011-03-01,18044,100,72.12,10
545234,2011-03-01,18075,109,256.85,12
545235,2011-03-01,12683,247,352.2,17
545237,2011-03-01,15709,121,133.25,6
545238,2011-03-01,15241,434,395.33,28
545276,2011-03-01,12933,65,110.75,8
545279,2011-03-01,17811,53,122.5,7
545287,2011-03-01,15971,60,117.0,1
545288,2011-03-01,15311,1003,1390.06,33
545289,2011-03-01,14732,242,470.88,30
545290,2011-03-01,14688,114,210.3,18
545294,2011-03-01,17965,298,313.58,33
545295,2011-03-01,12709,384,762.5,14
545300,2011-03-01,15092,116,323.16,19
545301,2011-03-01,12679,333,794.06,42
545302,2011-03-01,14506,107,297.16,38
545303,2011-03-01,15319,175,204.5,16
545304,2011-03-01,16212,151,498.15,30
545305,2011-03-01,15257,46,317.15,7
545306,2011-03-01,17027,6,13.2,2
545308,2011-03-01,14656,40,133.11,29
545309,2011-03-01,13884,49,138.15,7
545310,2011-03-01,15456,21,17.67,5
545311,2011-03-01,15660,108,155.0,9
545312,2011-03-01,15456,205,186.33,29
545313,2011-03-01,15953,135,242.03,10
545314,2011-03-01,12866,171,559.12,26
545318,2011-03-01,14676,504,556.32,11
545319,2011-03-01,16839,152,412.32,4
545320,2011-03-01,14156,669,2541.15,6
545321,2011-03-01,12747,146,310.78,12
545322,2011-03-01,13599,349,580.57,15
545323,2011-03-01,12352,26,144.35,5
545324,2011-03-01,13110,68,268.6,27
545325,2011-03-01,16525,322,329.34,4
545326,2011-03-01,14560,5,34.75,2
545327,2011-03-01,13166,216,417.2,41
545328,2011-03-01,16389,59,119.65,6
545331,2011-03-01,17961,2,2.5,1
545332,2011-03-01,12352,3,840.3,3
545334,2011-03-01,15750,257,272.05,48
545336,2011-03-01,12428,2,551.2,1
545337,2011-03-01,15984,123,234.35,35
545338,2011-03-01,17449,156,338.34,51
545339,2011-03-02,14292,228,463.0,19
545340,2011-03-02,15416,786,1375.24,69
545341,2011-03-02,17949,150,1642.5,1
545342,2011-03-02,13497,109,194.55,10
545343,2011-03-02,15733,62,162.3,10
545344,2011-03-02,16678,182,312.18,18
545345,2011-03-02,14180,41,382.1,16
545346,2011-03-02,12834,110,312.38,18
545347,2011-03-02,13094,72,76.32,1
545348,2011-03-02,12913,87,134.97,4
545349,2011-03-02,18118,146,172.6,34
545377,2011-03-02,14606,62,122.07,37
545398,2011-03-02,13722,958,1463.47,46
545399,2011-03-02,14934,459,828.84,39
545400,2011-03-02,17048,281,501.99,23
545408,2011-03-02,15067,335,848.05,35
545410,2011-03-02,16670,371,615.33,40
545411,2011-03-02,16128,174,388.3,20
545412,2011-03-02,15061,203,597.81,7
545413,2011-03-02,15061,750,255.0,3
545414,2011-03-02,12980,24,838.8,1
545415,2011-03-02,15641,309,453.79,31
545416,2011-03-02,17770,231,603.17,21
545417,2011-03-02,15622,222,576.0,29
545418,2011-03-02,14473,10,85.0,1
545419,2011-03-02,15104,220,374.64,28
545423,2011-03-02,15643,176,337.1,23
545425,2011-03-02,16792,43,100.43,11
545426,2011-03-02,15189,82,276.66,6
545427,2011-03-02,16792,1,9.95,1
545428,2011-03-02,14239,148,430.5,22
545429,2011-03-02,15031,67,150.83,24
545430,2011-03-02,15636,82,306.7,8
545431,2011-03-02,12873,128,374.0,4
545433,2011-03-02,17923,50,207.5,1
545435,2011-03-02,16217,60,183.0,11
545441,2011-03-02,14657,62,108.32,14
545445,2011-03-02,17738,292,779.92,41
545447,2011-03-02,17426,546,1193.88,66
545448,2011-03-02,12753,6,15.2999999999999,1
545459,2011-03-02,17576,151,151.07,16
545460,2011-03-02,13230,137,281.43,80
545461,2011-03-03,14388,219,401.45,22
545462,2011-03-03,17567,348,535.38,29
545463,2011-03-03,13784,57,96.75,3
545465,2011-03-03,16957,64,114.84,4
545466,2011-03-03,18102,200,1396.0,1
545467,2011-03-03,15304,15,105.45,4
545468,2011-03-03,16571,378,436.68,29
545469,2011-03-03,17646,85,345.85,18
545470,2011-03-03,14483,97,137.1,9
545471,2011-03-03,15087,470,306.94,15
545474,2011-03-03,16709,363,1120.53,31
545475,2011-03-03,12415,10272,16726.84,82
545477,2011-03-03,14573,28,134.5,16
545503,2011-03-03,15719,78,183.65,29
545505,2011-03-03,17856,347,482.81,5
545512,2011-03-03,17389,42,124.68,5
545514,2011-03-03,15053,257,222.65,20
545515,2011-03-03,12727,317,534.76,28
545517,2011-03-03,12727,25,38.4,2
545518,2011-03-03,18218,358,309.38,16
545519,2011-03-03,16159,236,348.2,14
545521,2011-03-03,17995,133,76.1,2
545522,2011-03-03,15596,149,303.03,17
545523,2011-03-03,14524,72,210.05,42
545524,2011-03-03,17374,29,191.95,12
545526,2011-03-03,17789,74,225.9,14
545530,2011-03-03,17416,1345,2114.71,98
545533,2011-03-03,12524,343,475.44,23
545534,2011-03-03,17652,98,222.3,13
545535,2011-03-03,13199,96,73.92,2
545536,2011-03-03,12417,126,410.0,19
545543,2011-03-03,13476,164,727.6,29
545544,2011-03-03,14057,459,294.33,20
545545,2011-03-03,17841,87,187.11,49
545550,2011-03-03,18041,203,148.49,7
545555,2011-03-03,17757,57,137.62,20
545557,2011-03-03,12500,193,249.84,5
545558,2011-03-03,17873,302,485.78,11
545559,2011-03-03,15005,138,288.47,52
545570,2011-03-03,12817,53,166.04,4
545571,2011-03-03,17700,319,602.61,36
545573,2011-03-03,15393,94,124.1,8
545574,2011-03-03,13959,80,122.7,18
545575,2011-03-03,13014,146,515.38,11
545576,2011-03-03,15611,13,99.75,3
545577,2011-03-03,14702,47,161.5,14
545578,2011-03-03,13715,95,137.49,8
545579,2011-03-04,17508,289,387.31,22
545580,2011-03-04,13931,211,378.21,20
545582,2011-03-04,13694,1976,3547.34,23
545583,2011-03-04,12553,125,317.25,16
545585,2011-03-04,12541,288,312.4,17
545587,2011-03-04,14796,222,282.74,60
545588,2011-03-04,13382,131,222.99,15
545589,2011-03-04,17001,178,333.2,15
545590,2011-03-04,15220,275,316.11,23
545591,2011-03-04,17581,235,356.9,22
545592,2011-03-04,17581,125,369.95,18
545593,2011-03-04,17581,16,102.4,3
545595,2011-03-04,14570,85,167.91,20
545596,2011-03-04,14447,136,265.0,15
545597,2011-03-04,14570,10,50.15,9
545601,2011-03-04,15827,52,152.0,9
545602,2011-03-04,17315,87,109.16,13
545603,2011-03-04,15827,14,38.1,2
545630,2011-03-04,14466,108,332.4,8
545634,2011-03-04,14911,264,308.18,19
545635,2011-03-04,13557,224,240.68,16
545636,2011-03-04,16449,237,416.69,23
545637,2011-03-04,15514,261,292.03,20
545638,2011-03-04,13113,85,235.91,9
545644,2011-03-04,16333,3528,1920.48,5
545645,2011-03-04,12755,3,17.5499999999999,3
545646,2011-03-04,14779,14,38.0,6
545647,2011-03-04,12547,109,159.4,6
545648,2011-03-04,17325,60,96.8,6
545649,2011-03-04,14995,51,119.31,37
545652,2011-03-04,16414,16,50.8,3
545653,2011-03-04,15311,579,935.54,35
545654,2011-03-04,15681,256,345.68,17
545655,2011-03-04,14670,69,99.59,46
545656,2011-03-04,14057,12,99.0,6
545657,2011-03-04,14911,593,877.31,56
545658,2011-03-04,14670,268,311.94,86
545659,2011-03-04,15675,36,45.0,3
545660,2011-03-04,17191,159,310.77,37
545661,2011-03-04,15358,739,829.85,52
545662,2011-03-04,15358,92,208.2,11
545663,2011-03-04,13491,203,162.079999999999,13
545664,2011-03-04,12584,84,463.63,18
545665,2011-03-04,17535,136,164.4,13
545668,2011-03-04,14031,301,532.13,10
545669,2011-03-06,17243,66,186.9,10
545670,2011-03-06,15465,65,292.75,5
545675,2011-03-06,18223,12,15.0,1
545676,2011-03-06,15034,152,246.76,6
545680,2011-03-06,15400,190,346.1,5
545681,2011-03-06,16923,289,655.03,58
545682,2011-03-06,14701,111,253.79,40
545683,2011-03-06,14903,234,533.18,59
545684,2011-03-06,15606,76,279.8,7
545685,2011-03-06,14499,73,126.02,44
545686,2011-03-06,18211,56,137.9,8
545687,2011-03-06,17769,345,508.45,73
545688,2011-03-06,16033,212,635.17,61
545690,2011-03-06,13263,185,427.03,110
545691,2011-03-06,14161,140,263.04,25
545692,2011-03-06,17428,188,510.7,15
545693,2011-03-06,16422,746,796.86,12
545694,2011-03-06,16422,96,120.0,1
545695,2011-03-06,17050,352,841.37,87
545696,2011-03-06,15696,112,230.0,21
545697,2011-03-06,14504,110,147.23,32
545698,2011-03-06,15572,19,225.14,15
545699,2011-03-06,15572,196,220.77,25
545700,2011-03-06,17811,150,166.45,16
545701,2011-03-06,17107,826,1695.21,65
545702,2011-03-06,14247,47,136.769999999999,20
545704,2011-03-07,16638,23,215.55,6
545705,2011-03-07,15554,74,217.2,14
545706,2011-03-07,12712,91,219.3,9
545707,2011-03-07,13881,506,673.9,4
545708,2011-03-07,14915,76,142.28,8
545709,2011-03-07,12708,191,282.659999999999,18
545710,2011-03-07,13117,72,90.6,7
545711,2011-03-07,16136,66,159.3,8
545712,2011-03-07,18280,45,180.6,10
545718,2011-03-07,12614,76,315.6,20
545719,2011-03-07,13344,599,1656.15,68
545721,2011-03-07,15039,264,608.45,43
545722,2011-03-07,16013,96,475.2,1
545725,2011-03-07,16621,47,162.85,5
545738,2011-03-07,17571,72,75.6,2
545748,2011-03-07,17381,1476,1588.68,14
545752,2011-03-07,17381,888,431.28,3
545759,2011-03-07,16316,204,806.05,23
545764,2011-03-07,13408,130,294.17,15
545790,2011-03-07,16316,2,17.0,1
545797,2011-03-07,16225,176,326.91,59
545812,2011-03-07,14214,313,638.65,37
545815,2011-03-07,14012,160,328.8,11
545819,2011-03-07,16356,44,102.0,15
545820,2011-03-07,13884,14,40.2,2
545821,2011-03-07,13001,338,591.02,27
545822,2011-03-07,13884,2,17.9,1
545826,2011-03-07,17696,301,318.24,16
545830,2011-03-07,17634,125,455.04,51
545835,2011-03-07,17654,41,117.55,22
545838,2011-03-07,14606,52,106.37,40
545842,2011-03-07,15498,238,557.0,30
545845,2011-03-07,12754,12,16.05,12
545851,2011-03-07,15026,58,108.979999999999,20
545853,2011-03-07,16517,96,162.7,17
545854,2011-03-07,14817,374,580.79,34
545855,2011-03-07,15290,138,246.299999999999,11
545856,2011-03-07,16225,24,89.7,4
545859,2011-03-07,15498,276,593.92,16
545865,2011-03-07,15769,1548,2597.4,8
545868,2011-03-07,17841,52,145.7,25
545869,2011-03-07,17162,143,196.45,13
545870,2011-03-07,17162,6,15.2999999999999,1
545871,2011-03-07,17092,109,134.9,10
545872,2011-03-07,15752,284,381.75,90
545873,2011-03-07,13092,22,110.2,6
545874,2011-03-07,12841,70,79.4,8
545883,2011-03-07,15974,45,147.95,9
545888,2011-03-07,13798,322,416.22,5
545889,2011-03-07,15291,1,45.0,1
545890,2011-03-07,16782,24,92.8,5
545894,2011-03-07,16242,95,211.36,23
545896,2011-03-07,15869,118,61.5899999999999,5
545898,2011-03-07,15869,57,88.05,10
545899,2011-03-07,17817,25,74.7,12
545900,2011-03-07,17817,1,195.0,1
545901,2011-03-07,15834,408,1031.37,164
545902,2011-03-07,15834,2,250.0,2
545904,2011-03-08,13468,43,126.65,7
545905,2011-03-08,15234,196,197.0,14
545906,2011-03-08,15764,623,1120.93,59
545907,2011-03-08,15806,274,300.36,16
545908,2011-03-08,14709,251,461.25,20
545909,2011-03-08,15819,522,639.64,41
545910,2011-03-08,14586,444,237.36,19
545911,2011-03-08,17940,864,181.44,2
545912,2011-03-08,15944,50,325.1,6
545913,2011-03-08,16779,220,431.58,14
545914,2011-03-08,13340,1605,3678.03,51
545915,2011-03-08,17419,168,329.08,16
545916,2011-03-08,12528,77,278.13,13
545918,2011-03-08,16917,232,391.52,9
545928,2011-03-08,14407,134,357.18,19
545933,2011-03-08,13908,349,496.0,28
545937,2011-03-08,12758,1109,1570.19,56
545945,2011-03-08,16710,72,122.61,24
545978,2011-03-08,13975,454,678.76,117
545979,2011-03-08,12748,116,111.0,26
545980,2011-03-08,14730,154,277.17,54
545987,2011-03-08,17389,18,105.539999999999,3
545988,2011-03-08,12662,169,301.4,19
545989,2011-03-08,14560,32,301.4,3
545991,2011-03-08,15311,565,896.709999999999,29
545992,2011-03-08,16927,23,123.35,3
545993,2011-03-08,13777,199,421.09,6
545994,2011-03-08,12623,191,305.1,18
545995,2011-03-08,15023,418,767.84,70
545996,2011-03-08,14367,480,983.16,82
545998,2011-03-08,13373,458,987.7,50
545999,2011-03-08,13089,699,1195.95,58
546000,2011-03-08,13089,32,72.0,4
546001,2011-03-08,13854,52,329.36,4
546003,2011-03-08,16712,155,370.77,54
546005,2011-03-08,14426,379,794.41,53
546006,2011-03-08,17639,49,108.5,7
546009,2011-03-08,16426,157,328.37,11
546011,2011-03-08,17306,936,367.2,2
546013,2011-03-08,16495,165,238.01,32
546014,2011-03-08,16495,1,8.5,1
546015,2011-03-08,14336,434,534.42,29
546017,2011-03-08,14507,222,339.36,28
546019,2011-03-08,14507,50,39.49,11
546027,2011-03-09,12759,277,444.8,27
546028,2011-03-09,17049,314,924.54,40
546029,2011-03-09,15206,6,17.7,1
546030,2011-03-09,14013,90,118.5,8
546031,2011-03-09,13267,90,201.5,9
546032,2011-03-09,13267,45,85.15,6
546033,2011-03-09,13267,2,15.9,1
546034,2011-03-09,14032,291,309.64,20
546035,2011-03-09,12924,76,229.8,7
546036,2011-03-09,14645,78,240.1,9
546037,2011-03-09,14825,52,247.4,9
546038,2011-03-09,15071,165,588.67,12
546062,2011-03-09,16221,215,148.63,20
546067,2011-03-09,17450,780,2099.7,4
546079,2011-03-09,14534,87,188.25,27
546082,2011-03-09,12971,612,221.4,2
546083,2011-03-09,12971,50,38.98,3
546084,2011-03-09,14112,384,617.1,40
546087,2011-03-09,13026,156,84.36,5
546088,2011-03-09,12881,21,298.0,7
546089,2011-03-09,17864,383,208.41,32
546090,2011-03-09,16525,306,660.34,7
546091,2011-03-09,14936,944,1576.36,81
546092,2011-03-09,17138,126,380.5,24
546096,2011-03-09,15502,1566,1711.06,55
546100,2011-03-09,16572,202,342.58,21
546101,2011-03-09,14803,48,188.64,5
546102,2011-03-09,16316,6,17.7,1
546103,2011-03-09,13093,124,304.5,5
546104,2011-03-09,14527,15,98.7,11
546105,2011-03-09,14662,238,268.51,47
546107,2011-03-09,17238,136,233.17,51
546108,2011-03-09,15529,335,382.86,60
546110,2011-03-09,17770,32,261.6,7
546111,2011-03-09,14165,54,122.539999999999,25
546112,2011-03-09,15769,200,330.0,1
546113,2011-03-09,14344,157,146.18,23
546115,2011-03-09,15379,188,371.84,21
546116,2011-03-09,15367,412,764.58,36
546117,2011-03-09,16771,353,704.33,71
546118,2011-03-09,13078,212,846.45,26
546119,2011-03-09,16945,201,308.98,19
546120,2011-03-09,16945,104,79.92,6
546121,2011-03-09,14085,107,155.45,25
546122,2011-03-09,15581,35,91.54,15
546123,2011-03-09,16419,107,264.27,7
546127,2011-03-09,17730,158,411.18,10
546132,2011-03-09,15057,54,358.5,3
546133,2011-03-09,14291,516,984.88,52
546134,2011-03-09,13493,314,439.28,4
546135,2011-03-09,12388,90,210.9,10
546153,2011-03-10,13538,50,337.5,5
546154,2011-03-10,13953,400,500.0,1
546155,2011-03-10,15632,307,394.63,26
546156,2011-03-10,14297,78,232.6,11
546157,2011-03-10,13502,50,74.56,5
546158,2011-03-10,13899,122,298.5,15
546159,2011-03-10,16471,141,223.95,13
546160,2011-03-10,15838,1844,3277.24,32
546161,2011-03-10,17404,144,122.399999999999,1
546163,2011-03-10,17377,57,146.23,12
546164,2011-03-10,15939,165,547.35,7
546165,2011-03-10,18183,120,312.8,19
546166,2011-03-10,16553,208,270.4,3
546169,2011-03-10,14603,400,660.0,2
546171,2011-03-10,16359,90,130.56,5
546172,2011-03-10,14156,264,585.32,30
546182,2011-03-10,14334,249,366.53,25
546189,2011-03-10,13102,191,300.539999999999,16
546190,2011-03-10,13102,80,199.2,9
546212,2011-03-10,14156,2826,3500.5,27
546213,2011-03-10,14156,108,1614.6,3
546215,2011-03-10,14713,87,124.949999999999,29
546216,2011-03-10,18173,664,853.48,14
546218,2011-03-10,14667,58,144.9,14
546220,2011-03-10,16745,584,541.1,28
546223,2011-03-10,14854,288,462.28,21
546230,2011-03-10,13871,145,397.55,22
546235,2011-03-10,14976,46,115.57,20
546236,2011-03-10,12370,1005,938.39,48
546237,2011-03-10,16625,164,333.08,23
546239,2011-03-10,14064,167,185.15,16
546242,2011-03-10,16743,306,360.78,27
546243,2011-03-10,15308,175,310.47,19
546246,2011-03-10,14841,322,789.9,30
546247,2011-03-10,18086,106,101.34,7
546248,2011-03-10,16477,112,214.5,13
546249,2011-03-10,14606,47,99.95,24
546250,2011-03-10,14350,183,282.93,18
546251,2011-03-10,16553,872,576.1,17
546252,2011-03-10,14930,701,1104.13,62
546253,2011-03-10,16080,66,130.26,5
546254,2011-03-10,14727,62,268.58,10
546255,2011-03-10,13468,180,245.519999999999,16
546261,2011-03-10,17841,71,139.79,48
546263,2011-03-10,14156,218,461.6,3
546275,2011-03-10,13126,246,209.94,16
546279,2011-03-10,17841,1,4.25,1
546301,2011-03-10,16778,66,93.18,5
546304,2011-03-10,14077,63,117.11,20
546305,2011-03-10,14056,156,232.43,34
546310,2011-03-10,15291,52,330.6,5
546314,2011-03-10,16808,116,166.5,19
546315,2011-03-11,16558,160,365.18,22
546316,2011-03-11,17076,54,182.7,7
546317,2011-03-11,14913,484,314.96,25
546318,2011-03-11,16013,100,254.999999999999,1
546319,2011-03-11,17949,480,345.599999999999,1
546321,2011-03-11,16475,192,310.0,20
546322,2011-03-11,14114,12,191.399999999999,4
546324,2011-03-11,13265,162,307.44,13
546326,2011-03-11,13798,508,583.3,5
546328,2011-03-11,14911,1,1687.17,1
546329,2011-03-11,14911,1,1687.17,1
546330,2011-03-11,16817,79,141.45,9
546331,2011-03-11,13133,21,57.45,4
546365,2011-03-11,12520,618,987.42,60
546366,2011-03-11,12748,75,106.11,19
546367,2011-03-11,15513,504,1726.6,30
546369,2011-03-11,15513,10,67.5,1
546372,2011-03-11,13098,88,349.2,7
546373,2011-03-11,12583,325,712.849999999999,20
546374,2011-03-11,17194,1,10.0,1
546376,2011-03-11,13842,115,311.07,19
546377,2011-03-11,15049,63,121.17,3
546378,2011-03-11,14329,380,578.02,38
546380,2011-03-11,12748,6,13.0,4
546381,2011-03-11,12748,9,19.74,9
546382,2011-03-11,18149,102,227.779999999999,9
546383,2011-03-11,13654,332,312.93,24
546384,2011-03-11,15311,627,826.069999999999,22
546385,2011-03-11,16652,744,1588.16,22
546386,2011-03-11,14312,91,157.65,10
546387,2011-03-11,16766,268,572.8,17
546389,2011-03-11,16801,186,751.9,45
546390,2011-03-11,14083,120,14.3999999999999,1
546391,2011-03-11,17800,69,103.65,7
546392,2011-03-11,14587,94,202.82,44
546394,2011-03-11,17164,427,627.13,39
546396,2011-03-11,13226,80,108.21,16
546397,2011-03-11,12971,51,153.75,6
546398,2011-03-11,13043,254,516.42,13
546399,2011-03-11,14352,94,231.3,9
546401,2011-03-11,17994,12,21.9,3
546402,2011-03-11,13305,84,156.6,5
546403,2011-03-11,16766,268,572.8,17
546404,2011-03-11,13509,120,127.2,1
546405,2011-03-11,17351,28,198.6,3
546411,2011-03-11,12939,736,1919.04,5
546412,2011-03-11,12748,13,70.2899999999999,5
546413,2011-03-11,17961,2,3.09999999999999,2
546414,2011-03-13,16768,47,183.25,23
546415,2011-03-13,17975,186,488.06,18
546417,2011-03-13,14800,536,629.25,42
546418,2011-03-13,17315,58,109.58,17
546419,2011-03-13,16693,51,157.56,22
546420,2011-03-13,14810,62,129.46,21
546421,2011-03-13,13700,333,301.04,37
546422,2011-03-13,15547,123,288.71,34
546423,2011-03-13,14502,124,220.47,63
546424,2011-03-13,13956,58,119.72,23
546425,2011-03-13,16983,187,263.59,18
546426,2011-03-13,13708,306,296.88,51
546427,2011-03-13,14606,54,103.89,29
546428,2011-03-13,12681,185,343.29,18
546429,2011-03-13,17611,373,371.37,96
546430,2011-03-13,15918,66,142.0,22
546431,2011-03-14,16954,338,414.3,17
546432,2011-03-14,14180,36,227.0,11
546433,2011-03-14,12778,152,117.929999999999,8
546434,2011-03-14,12383,91,357.07,15
546435,2011-03-14,15671,213,356.19,21
546436,2011-03-14,14962,44,126.7,5
546437,2011-03-14,16807,311,371.23,22
546438,2011-03-14,15125,2224,3840.88,38
546440,2011-03-14,16871,256,535.02,32
546441,2011-03-14,15159,80,446.8,7
546442,2011-03-14,15159,54,207.3,5
546443,2011-03-14,12901,480,349.8,7
546462,2011-03-14,12845,144,208.799999999999,1
546464,2011-03-14,13225,260,734.44,4
546465,2011-03-14,14395,180,360.24,33
546466,2011-03-14,18118,151,370.53,74
546479,2011-03-14,12682,187,479.4,21
546480,2011-03-14,13452,1,295.0,1
546486,2011-03-14,15039,172,377.88,28
546498,2011-03-14,15493,155,538.76,85
546502,2011-03-14,16005,82,177.59,67
546508,2011-03-14,15971,90,184.5,4
546509,2011-03-14,14911,207,522.6,31
546510,2011-03-14,16353,96,175.72,9
546520,2011-03-14,14911,498,706.6,41
546521,2011-03-14,16013,130,679.5,3
546522,2011-03-14,13319,175,373.84,19
546523,2011-03-14,13319,36,52.1999999999999,3
546524,2011-03-14,17811,45,110.84,11
546525,2011-03-14,14733,312,619.6,16
546526,2011-03-14,15061,120,285.0,5
546527,2011-03-14,15061,40,149.4,2
546528,2011-03-14,15311,1717,2420.95,40
546530,2011-03-14,17404,5156,4400.28,27
546531,2011-03-14,15738,208,391.8,13
546532,2011-03-14,14060,80,140.0,2
546533,2011-03-14,15388,88,140.54,10
546534,2011-03-14,16150,326,571.06,33
546537,2011-03-14,15005,86,181.44,34
546538,2011-03-14,16327,359,582.35,34
546540,2011-03-14,15061,404,512.28,8
546541,2011-03-14,14911,231,596.05,30
546542,2011-03-14,13263,233,308.09,82
546543,2011-03-14,17841,110,174.859999999999,50
546544,2011-03-14,16570,232,454.08,16
546545,2011-03-14,16804,34,118.05,19
546549,2011-03-14,17799,132,258.41,43
546550,2011-03-14,17799,1,6.35,1
546552,2011-03-15,13082,192,271.5,17
546553,2011-03-15,13499,121,158.23,9
546554,2011-03-15,16037,188,251.56,15
546555,2011-03-15,17675,271,696.85,22
546556,2011-03-15,16156,122,309.02,11
546560,2011-03-15,12931,50,62.5,1
546561,2011-03-15,18260,356,548.75,35
546562,2011-03-15,16293,133,317.56,19
546563,2011-03-15,15047,222,343.62,22
546569,2011-03-15,14016,511,1477.56,45
546580,2011-03-15,14911,328,870.59,24
546622,2011-03-15,17954,92,108.1,26
546624,2011-03-15,14193,250,422.539999999999,23
546625,2011-03-15,17542,134,170.75,25
546631,2011-03-15,15181,48,300.0,2
546632,2011-03-15,17080,72,76.32,1
546633,2011-03-15,16168,128,163.2,2
546634,2011-03-15,14527,23,78.0399999999999,12
546635,2011-03-15,16392,203,221.19,45
546636,2011-03-15,14534,56,137.9,26
546637,2011-03-15,13854,34,292.3,3
546638,2011-03-15,15106,258,410.7,26
546639,2011-03-15,13971,238,309.34,19
546640,2011-03-15,14092,100,238.2,13
546642,2011-03-15,12779,162,317.78,9
546643,2011-03-15,16214,286,542.97,30
546644,2011-03-15,15932,268,339.34,15
546646,2011-03-15,13716,138,138.28,21
546657,2011-03-15,17816,6,5.1,1
546658,2011-03-15,15150,331,501.25,33
546659,2011-03-15,16996,108,242.4,9
546660,2011-03-15,14156,335,1041.45,27
546662,2011-03-15,16782,32,95.0,6
546665,2011-03-15,15867,77,215.49,14
546667,2011-03-15,14735,90,236.1,14
546668,2011-03-15,14735,86,218.1,9
546669,2011-03-15,14226,710,983.3,24
546670,2011-03-15,13451,429,610.88,108
546677,2011-03-15,18144,180,363.4,3
546678,2011-03-15,12681,317,565.54,29
546679,2011-03-15,13121,252,283.73,50
546681,2011-03-16,16297,206,301.9,20
546682,2011-03-16,12994,166,352.6,22
546683,2011-03-16,12868,147,248.27,18
546684,2011-03-16,16152,642,1829.04,29
546685,2011-03-16,15687,124,369.9,21
546686,2011-03-16,14636,117,300.19,16
546687,2011-03-16,16040,285,422.43,22
546688,2011-03-16,16497,46,175.3,7
546689,2011-03-16,16985,230,680.4,13
546690,2011-03-16,16985,18,148.5,3
546691,2011-03-16,15793,192,306.64,3
546724,2011-03-16,12845,4,6.7,4
546728,2011-03-16,13983,2,290.0,1
546729,2011-03-16,18231,99,233.75,12
546731,2011-03-16,13089,468,961.56,31
546732,2011-03-16,14606,104,139.35,19
546733,2011-03-16,16029,336,705.6,3
546734,2011-03-16,16029,336,705.6,3
546736,2011-03-16,16013,576,414.719999999999,1
546737,2011-03-16,13358,285,439.03,29
546738,2011-03-16,16422,1208,853.08,11
546739,2011-03-16,17511,2374,3018.34,42
546741,2011-03-16,13261,20,99.0,1
546742,2011-03-16,12849,514,704.5,36
546748,2011-03-16,15182,144,370.48,16
546749,2011-03-16,14543,44,328.6,3
546750,2011-03-16,14543,12,15.0,1
546751,2011-03-16,13668,167,311.66,26
546752,2011-03-16,13299,30,142.5,5
546753,2011-03-16,16383,298,309.46,53
546754,2011-03-16,13027,960,384.0,3
546755,2011-03-16,12502,175,702.8,31
546757,2011-03-16,15381,162,282.299999999999,7
546759,2011-03-16,12712,50,300.7,11
546760,2011-03-16,12597,230,516.15,30
546761,2011-03-16,17858,84,432.2,7
546762,2011-03-16,17961,22,28.18,9
546764,2011-03-16,15671,164,300.98,17
546765,2011-03-16,12437,98,147.709999999999,8
546766,2011-03-16,12971,24,52.8,3
546767,2011-03-16,12971,84,77.16,5
546768,2011-03-16,15694,100,584.76,6
546769,2011-03-16,17504,523,859.01,44
546770,2011-03-16,12523,62,115.09,8
546771,2011-03-16,17515,59,200.7,26
546772,2011-03-16,15030,156,152.76,3
546774,2011-03-16,14505,309,581.89,102
546775,2011-03-16,17306,144,152.64,1
546776,2011-03-16,17460,56,138.88,8
546778,2011-03-16,14572,251,625.85,45
546780,2011-03-17,12435,879,3978.99,19
546781,2011-03-17,12955,404,473.82,23
546782,2011-03-17,15291,72,232.4,12
546784,2011-03-17,18189,352,633.1,40
546785,2011-03-17,15189,100,302.52,5
546786,2011-03-17,16523,160,239.0,12
546787,2011-03-17,14035,206,398.979999999999,12
546788,2011-03-17,13946,95,209.85,4
546789,2011-03-17,15769,6100,10065.0,9
546790,2011-03-17,14713,90,136.57,14
546791,2011-03-17,17716,435,665.46,42
546827,2011-03-17,15301,150,622.5,1
546828,2011-03-17,13185,12,71.4,1
546829,2011-03-17,14840,31,62.85,4
546830,2011-03-17,16839,345,449.87,14
546831,2011-03-17,13199,388,606.84,8
546832,2011-03-17,13216,297,333.74,5
546837,2011-03-17,13650,134,372.12,19
546843,2011-03-17,12472,368,592.18,26
546846,2011-03-17,13533,96,128.49,40
546847,2011-03-17,12989,164,437.4,2
546848,2011-03-17,13533,11,18.15,3
546849,2011-03-17,13623,34,101.35,24
546850,2011-03-17,13268,923,653.57,96
546851,2011-03-17,12480,395,771.02,35
546852,2011-03-17,13104,36,111.96,2
546853,2011-03-17,12845,35,73.5,1
546855,2011-03-17,18168,127,218.83,30
546856,2011-03-17,15433,416,372.64,30
546857,2011-03-17,12937,192,217.43,16
546860,2011-03-17,18198,286,316.82,6
546861,2011-03-17,14911,417,381.78,25
546862,2011-03-17,16216,254,914.93,37
546863,2011-03-17,16377,1500,676.2,5
546866,2011-03-17,14462,115,232.39,37
546869,2011-03-17,12352,63,120.33,7
546871,2011-03-17,16746,150,300.0,22
546872,2011-03-17,14462,4,16.0,2
546873,2011-03-17,17591,252,326.04,11
546874,2011-03-17,16976,88,251.519999999999,2
546875,2011-03-17,12514,440,1017.68,51
546877,2011-03-17,18210,62,142.4,5
546878,2011-03-17,13631,20,80.0,1
546882,2011-03-17,14422,175,401.31,21
546883,2011-03-17,13707,120,223.0,16
546890,2011-03-17,13394,214,320.42,21
546898,2011-03-17,17961,4,8.8,4
546899,2011-03-17,14298,720,946.2,21
546900,2011-03-17,14298,12,25.2,1
546902,2011-03-17,14298,8,33.2,1
546908,2011-03-17,15648,91,316.85,12
546909,2011-03-17,14056,207,220.6,21
546910,2011-03-17,13969,69,145.55,28
546911,2011-03-17,17725,173,337.71,18
546912,2011-03-17,15861,321,474.19,66
546913,2011-03-17,15861,240,248.29,49
546914,2011-03-18,13072,69,177.15,7
546915,2011-03-18,15695,197,359.73,19
546916,2011-03-18,15695,15,50.25,3
546917,2011-03-18,14911,265,743.71,44
546918,2011-03-18,15854,52,309.4,4
546919,2011-03-18,12500,169,241.44,3
546920,2011-03-18,12471,296,845.319999999999,18
546921,2011-03-18,12471,12,33.0,2
546922,2011-03-18,14110,388,904.26,32
546923,2011-03-18,16716,24,166.8,1
546924,2011-03-18,14059,128,183.6,8
546925,2011-03-18,12647,225,464.7,5
546926,2011-03-18,17857,150,108.5,2
546927,2011-03-18,16672,472,1175.44,21
546928,2011-03-18,17685,196,326.5,14
546929,2011-03-18,13090,126,555.3,6
546944,2011-03-18,14701,98,567.44,25
546950,2011-03-18,16511,124,340.75,62
546951,2011-03-18,17673,302,377.64,61
546963,2011-03-18,16779,203,302.6,16
546979,2011-03-18,16256,581,752.43,13
546980,2011-03-18,13591,128,462.2,23
546981,2011-03-18,14066,45,152.55,7
546982,2011-03-18,15483,145,114.85,54
546983,2011-03-18,16626,359,795.75,47
546984,2011-03-18,15019,159,266.0,70
546985,2011-03-18,18270,41,111.95,5
546986,2011-03-18,14194,535,780.35,46
546988,2011-03-18,14194,118,282.12,18
546990,2011-03-18,14315,256,530.4,27
546991,2011-03-18,12748,224,167.43,22
546992,2011-03-18,16684,3004,4666.44,16
546993,2011-03-18,17921,139,280.57,44
546994,2011-03-18,16684,144,152.64,1
546995,2011-03-18,14041,94,141.41,21
546996,2011-03-18,17060,216,234.24,5
546998,2011-03-18,16023,52,177.84,24
546999,2011-03-18,17133,266,683.42,6
547000,2011-03-18,14282,279,323.3,21
547001,2011-03-18,16656,312,357.12,3
547002,2011-03-18,12878,212,315.18,19
547003,2011-03-18,14155,25,118.75,6
547004,2011-03-18,17419,117,321.75,17
547005,2011-03-18,12474,550,806.47,48
547017,2011-03-18,13468,24,113.35,7
547018,2011-03-18,17043,162,174.6,12
547019,2011-03-18,17841,71,115.78,22
547020,2011-03-18,17017,287,368.36,16
547021,2011-03-18,13046,76,197.72,14
547022,2011-03-18,17961,16,22.24,5
547023,2011-03-18,16422,1014,833.1,8
547026,2011-03-18,14633,96,344.9,20
547028,2011-03-20,13593,147,447.5,23
547029,2011-03-20,15465,42,405.0,7
547030,2011-03-20,12948,168,371.8,25
547032,2011-03-20,13798,246,662.62,3
547033,2011-03-20,15898,76,168.7,7
547034,2011-03-20,18229,52,361.4,8
547035,2011-03-20,13911,208,282.28,18
547036,2011-03-20,17017,264,380.4,11
547037,2011-03-20,14101,3620,1224.6,4
547038,2011-03-20,15703,66,211.5,5
547039,2011-03-20,14560,10,96.6,2
547040,2011-03-20,15938,42,62.7,2
547041,2011-03-20,13777,195,300.0,5
547044,2011-03-20,14071,200,225.4,20
547045,2011-03-20,17856,200,585.12,2
547046,2011-03-20,13725,137,146.87,10
547047,2011-03-20,14258,184,982.08,6
547048,2011-03-20,14911,73,197.8,11
547049,2011-03-20,17134,80,330.5,20
547050,2011-03-20,17795,191,163.25,17
547051,2011-03-20,12902,66,138.68,10
547052,2011-03-20,18225,64,171.75,21
547053,2011-03-20,13001,244,499.84,11
547055,2011-03-20,16444,73,119.08,26
547056,2011-03-20,16402,44,87.8,3
547057,2011-03-20,14217,63,130.05,6
547058,2011-03-20,14232,568,693.18,47
547059,2011-03-20,14693,34,172.9,8
547060,2011-03-20,17954,116,135.44,21
547061,2011-03-20,12407,215,226.3,15
547062,2011-03-20,16728,160,224.49,65
547063,2011-03-20,14769,1703,2449.79,294
547064,2011-03-20,16096,155,320.62,12
547065,2011-03-20,17068,83,185.85,11
547066,2011-03-20,12921,429,562.63,30
547067,2011-03-20,12921,324,501.24,10
547068,2011-03-20,13985,190,393.0,20
547069,2011-03-20,16710,261,242.0,63
547070,2011-03-20,16115,133,205.13,51
547071,2011-03-20,12693,89,239.85,11
547072,2011-03-20,13592,30,76.72,6
547073,2011-03-20,17211,168,345.82,30
547074,2011-03-20,13102,118,176.34,11
547075,2011-03-20,15288,371,986.75,31
547076,2011-03-20,15140,283,446.15,17
547077,2011-03-20,12843,52,93.4,4
547078,2011-03-20,14408,188,350.8,9
547079,2011-03-20,15408,106,267.18,34
547080,2011-03-20,15445,58,113.5,5
547081,2011-03-20,14205,126,222.9,14
547083,2011-03-20,15452,137,247.25,43
547084,2011-03-20,17690,39,94.65,4
547085,2011-03-20,12600,25,124.08,3
547086,2011-03-20,12428,63,409.2,10
547087,2011-03-20,12726,423,316.02,15
547088,2011-03-20,14223,130,304.9,18
547090,2011-03-20,17230,98,203.4,12
547092,2011-03-21,16619,133,226.21,14
547093,2011-03-21,14762,341,300.52,21
547094,2011-03-21,13934,390,922.1,31
547095,2011-03-21,13018,358,332.6,24
547096,2011-03-21,15669,64,198.8,11
547097,2011-03-21,13021,99,259.35,16
547098,2011-03-21,16384,200,409.1,24
547099,2011-03-21,18224,69,158.95,10
547100,2011-03-21,15615,382,536.78,26
547101,2011-03-21,16029,324,585.0,4
547102,2011-03-21,14245,631,1005.1,67
547103,2011-03-21,15218,299,527.85,16
547105,2011-03-21,13854,108,305.52,5
547106,2011-03-21,15039,259,614.85,40
547107,2011-03-21,17315,115,174.16,8
547108,2011-03-21,14659,106,227.92,21
547109,2011-03-21,12423,139,347.35,20
547114,2011-03-21,14688,124,164.34,22
547122,2011-03-21,17678,207,298.11,16
547134,2011-03-21,15996,45,169.73,15
547154,2011-03-21,15299,480,600.0,1
547165,2011-03-21,13593,24,15.6,1
547171,2011-03-21,17849,45,151.45,7
547192,2011-03-21,15855,68,95.8,6
547194,2011-03-21,12637,85,201.24,40
547195,2011-03-21,17204,389,788.91,32
547196,2011-03-21,12637,5,4.63,4
547197,2011-03-21,17811,30,108.42,7
547199,2011-03-21,14606,69,131.5,35
547200,2011-03-21,16036,127,188.73,11
547201,2011-03-21,13113,116,489.12,6
547202,2011-03-21,17841,124,248.2,29
547203,2011-03-21,17146,117,265.63,17
547204,2011-03-21,13491,60,90.8,6
547205,2011-03-21,16558,85,313.55,16
547206,2011-03-21,16791,74,151.9,31
547207,2011-03-21,17763,12,15.0,1
547209,2011-03-21,13081,1593,2340.05,82
547220,2011-03-21,13410,88,154.4,5
547221,2011-03-21,13262,125,200.29,11
547222,2011-03-21,18008,20,175.1,10
547223,2011-03-21,12867,563,500.34,79
547226,2011-03-21,14167,33,110.65,9
547227,2011-03-21,12748,210,147.6,4
547233,2011-03-21,17152,206,315.9,8
547240,2011-03-21,17585,82,103.72,42
547243,2011-03-21,17231,161,246.92,58
547244,2011-03-21,16427,72,131.26,5
547245,2011-03-22,14632,96,114.56,8
547246,2011-03-22,16191,276,596.4,10
547247,2011-03-22,18225,310,440.289999999999,24
547251,2011-03-22,17865,332,398.22,20
547252,2011-03-22,13900,154,357.58,16
547253,2011-03-22,13869,311,687.15,68
547273,2011-03-22,14530,148,448.65,30
547324,2011-03-22,13014,108,317.8,8
547327,2011-03-22,12681,201,523.98,31
547334,2011-03-22,15044,70,346.7,12
547340,2011-03-22,14875,100,362.0,5
547349,2011-03-22,15132,259,313.77,19
547350,2011-03-22,17272,664,657.68,41
547357,2011-03-22,17613,441,493.11,33
547358,2011-03-22,15998,643,918.83,155
547359,2011-03-22,15719,225,326.8,68
547360,2011-03-22,16135,209,517.55,21
547361,2011-03-22,15298,168,365.36,18
547362,2011-03-22,13694,4686,3221.88,39
547365,2011-03-22,12775,170,235.71,12
547366,2011-03-22,12831,135,215.05,9
547367,2011-03-22,15437,79,200.16,45
547370,2011-03-22,14711,90,200.519999999999,29
547371,2011-03-22,14377,124,314.6,4
547372,2011-03-22,16374,52,156.3,27
547373,2011-03-22,13798,350,450.5,4
547374,2011-03-22,16110,143,284.23,85
547375,2011-03-22,13196,320,512.13,34
547377,2011-03-22,13050,273,401.35,22
547378,2011-03-22,14051,162,905.1,10
547379,2011-03-22,12720,490,498.32,29
547380,2011-03-22,16809,166,214.28,46
547381,2011-03-22,18041,223,201.39,24
547382,2011-03-22,15457,132,237.07,58
547383,2011-03-22,12613,485,803.66,45
547384,2011-03-22,12613,1,18.0,1
547387,2011-03-22,12539,335,1085.99,44
547389,2011-03-22,16721,172,292.47,37
547390,2011-03-22,12352,64,160.33,8
547391,2011-03-22,14735,24,70.8,1
547401,2011-03-22,17576,112,198.02,27
547405,2011-03-23,17705,76,114.0,8
547406,2011-03-23,16948,150,170.94,5
547407,2011-03-23,15658,2,21.25,2
547412,2011-03-23,12399,364,288.05,20
547413,2011-03-23,13475,404,589.4,32
547414,2011-03-23,17733,87,216.95,12
547415,2011-03-23,17102,2,25.5,1
547416,2011-03-23,15410,104,382.6,10
547417,2011-03-23,13239,363,329.56,22
547418,2011-03-23,13148,173,369.09,29
547419,2011-03-23,15061,1135,1649.58,15
547420,2011-03-23,15449,248,345.92,23
547428,2011-03-23,14870,119,327.25,13
547444,2011-03-23,12811,125,247.6,16
547485,2011-03-23,17019,191,366.02,68
547486,2011-03-23,13576,192,330.24,7
547488,2011-03-23,13821,110,270.15,42
547489,2011-03-23,17830,17,99.15,5
547490,2011-03-23,17507,137,265.02,43
547491,2011-03-23,17096,115,133.49,9
547492,2011-03-23,12604,137,178.5,10
547493,2011-03-23,12818,929,1542.08,14
547494,2011-03-23,18191,140,207.799999999999,7
547496,2011-03-23,18075,152,261.68,15
547497,2011-03-23,14461,277,776.23,64
547498,2011-03-23,15021,126,201.48,92
547500,2011-03-23,13408,414,524.819999999999,18
547501,2011-03-23,13408,12,59.4,1
547503,2011-03-23,13132,20,77.3,3
547504,2011-03-23,12683,721,877.88,35
547507,2011-03-23,16859,376,259.84,18
547508,2011-03-23,12683,242,378.0,8
547509,2011-03-23,15606,104,310.8,8
547510,2011-03-23,15245,826,1251.48,49
547511,2011-03-23,17411,126,285.58,16
547512,2011-03-23,17262,150,584.5,2
547513,2011-03-23,17519,295,313.45,16
547514,2011-03-23,17486,191,396.87,24
547515,2011-03-23,13267,144,330.52,14
547516,2011-03-23,15189,44,385.799999999999,2
547517,2011-03-23,12395,321,326.5,10
547518,2011-03-23,13694,800,1320.0,6
547519,2011-03-23,16308,1000,320.0,1
547520,2011-03-23,12564,133,456.9,21
547521,2011-03-23,16713,39,197.05,11
547535,2011-03-23,16250,100,163.3,10
547537,2011-03-23,13534,170,249.5,16
547538,2011-03-23,13534,144,264.8,16
547539,2011-03-23,16943,28,193.6,7
547541,2011-03-23,14607,300,495.0,3
547546,2011-03-23,13249,240,291.84,2
547548,2011-03-23,15644,163,202.22,55
547549,2011-03-23,14794,129,283.03,16
547550,2011-03-23,16839,144,335.72,6
547553,2011-03-23,15644,21,36.4,12
547554,2011-03-23,17858,8,79.6,1
547555,2011-03-23,14075,270,307.92,18
547556,2011-03-23,17250,70,162.65,23
547558,2011-03-23,17966,350,147.0,6
547561,2011-03-24,14129,164,358.9,16
547562,2011-03-24,16525,400,851.4,9
547563,2011-03-24,15651,238,227.32,16
547564,2011-03-24,17512,315,441.81,11
547565,2011-03-24,13035,212,333.0,12
547566,2011-03-24,12811,1,27.0,1
547567,2011-03-24,17644,253,442.47,26
547568,2011-03-24,13341,301,775.85,42
547569,2011-03-24,17491,361,556.939999999999,20
547570,2011-03-24,13636,85,137.35,8
547571,2011-03-24,16265,182,432.3,19
547572,2011-03-24,13512,143,251.21,15
547573,2011-03-24,12948,100,157.16,8
547576,2011-03-24,16620,48,95.7599999999999,5
547577,2011-03-24,13183,288,513.84,9
547578,2011-03-24,13089,303,485.89,29
547579,2011-03-24,13089,96,120.0,2
547580,2011-03-24,13488,259,713.949999999999,31
547583,2011-03-24,12901,444,562.319999999999,12
547623,2011-03-24,15641,430,543.22,31
547639,2011-03-24,17698,93,154.95,8
547644,2011-03-24,14267,140,418.18,15
547645,2011-03-24,12676,107,197.9,7
547647,2011-03-24,15144,190,232.9,14
547648,2011-03-24,15144,18,37.5,2
547649,2011-03-24,18118,192,368.92,56
547650,2011-03-24,17059,219,459.3,67
547651,2011-03-24,16904,224,433.29,114
547652,2011-03-24,14606,172,236.07,30
547653,2011-03-24,16745,590,515.9,22
547654,2011-03-24,14527,27,73.77,21
547655,2011-03-24,14267,140,418.18,15
547656,2011-03-24,13263,149,217.56,73
547657,2011-03-24,13871,186,401.3,17
547658,2011-03-24,13736,228,357.53,76
547659,2011-03-24,12434,77,286.25,16
547662,2011-03-24,14085,66,150.34,19
547663,2011-03-24,16022,261,628.28,76
547664,2011-03-24,13069,398,273.98,48
547665,2011-03-24,14256,112,445.2,21
547666,2011-03-24,14235,576,850.31,30
547667,2011-03-24,16700,440,483.3,30
547668,2011-03-24,14071,95,131.41,9
547669,2011-03-24,12748,126,163.46,28
547670,2011-03-24,16769,83,380.39,40
547671,2011-03-24,14560,41,62.3799999999999,3
547672,2011-03-24,17754,348,264.24,28
547674,2011-03-24,15835,88,187.2,11
547684,2011-03-24,12408,330,762.89,32
547685,2011-03-24,12408,26,74.7,4
547686,2011-03-24,15513,210,310.4,18
547687,2011-03-24,15078,222,356.3,19
547688,2011-03-24,12971,52,137.4,2
547689,2011-03-24,17757,55,166.75,25
547690,2011-03-24,16063,262,335.32,23
547691,2011-03-24,16767,228,364.84,12
547694,2011-03-24,15178,30,40.5,3
547695,2011-03-24,18239,122,176.38,10
547697,2011-03-24,14348,183,409.57,18
547698,2011-03-24,15304,4,51.0,1
547702,2011-03-24,14911,114,415.45,16
547703,2011-03-24,12540,512,1140.76,34
547705,2011-03-24,14056,164,229.49,29
547706,2011-03-24,12901,1108,2278.8,3
547707,2011-03-24,18008,300,585.0,1
547708,2011-03-24,17450,4168,11343.1999999999,13
547709,2011-03-24,18109,61,279.73,28
547712,2011-03-24,16905,80,380.98,35
547713,2011-03-25,16458,106,157.7,11
547714,2011-03-25,15815,252,427.0,10
547715,2011-03-25,12520,128,246.54,17
547716,2011-03-25,16833,134,344.41,13
547717,2011-03-25,16833,12,17.4,1
547718,2011-03-25,17450,24,57.5999999999999,1
547719,2011-03-25,14404,146,307.5,8
547720,2011-03-25,14209,84,420.6,19
547721,2011-03-25,13000,230,256.78,19
547722,2011-03-25,12553,264,357.909999999999,23
547724,2011-03-25,13468,34,102.699999999999,7
547726,2011-03-25,16029,216,465.84,3
547727,2011-03-25,16029,552,878.16,4
547728,2011-03-25,16029,96,146.88,2
547729,2011-03-25,15529,344,366.18,63
547730,2011-03-25,14796,220,349.51,51
547762,2011-03-25,13695,46,83.14,5
547772,2011-03-25,17979,81,231.77,58
547785,2011-03-25,13097,323,878.02,74
547786,2011-03-25,14587,106,180.06,50
547787,2011-03-25,13139,210,409.5,5
547789,2011-03-25,14911,533,750.37,43
547790,2011-03-25,12545,346,628.15,34
547792,2011-03-25,17979,2,9.9,1
547793,2011-03-25,14758,158,654.75,28
547794,2011-03-25,14085,220,207.21,27
547795,2011-03-25,14536,40,171.8,19
547796,2011-03-25,14646,731,1407.86,13
547799,2011-03-25,17139,502,708.66,21
547800,2011-03-25,14504,36,134.56,22
547801,2011-03-25,14107,418,554.18,28
547803,2011-03-25,13662,175,227.7,17
547804,2011-03-25,16817,8,6.8,1
547805,2011-03-25,13327,194,474.05,21
547809,2011-03-25,12748,168,185.1,39
547811,2011-03-25,17368,215,194.92,17
547812,2011-03-25,18102,1336,5513.32,4
547814,2011-03-25,13452,1,295.0,1
547815,2011-03-25,13520,227,490.78,13
547816,2011-03-25,12748,9,25.25,9
547817,2011-03-25,17946,9,17.5499999999999,3
547818,2011-03-25,12748,33,76.2,11
547819,2011-03-25,12748,42,94.19,13
547820,2011-03-25,13743,156,141.72,6
547821,2011-03-25,12621,484,960.0,5
547822,2011-03-25,12668,522,1444.8,49
547825,2011-03-25,12778,104,155.65,9
547826,2011-03-25,18078,100,197.94,21
547828,2011-03-25,16618,242,354.659999999999,9
547829,2011-03-25,16081,241,410.53,20
547832,2011-03-25,17511,2379,3962.06,22
547833,2011-03-25,16780,99,161.89,15
547834,2011-03-27,17937,252,633.6,7
547835,2011-03-27,15465,51,485.45,5
547837,2011-03-27,17243,119,266.55,14
547839,2011-03-27,12916,280,649.78,20
547840,2011-03-27,15133,206,324.7,7
547841,2011-03-27,16923,298,520.13,39
547842,2011-03-27,13875,168,343.03,12
547843,2011-03-27,18273,20,51.0,1
547844,2011-03-27,15045,38,388.9,4
547845,2011-03-27,16434,57,121.95,4
547846,2011-03-27,18071,103,194.05,11
547850,2011-03-27,14472,216,311.57,62
547860,2011-03-27,17625,382,549.68,95
547861,2011-03-27,16701,232,353.3,10
547862,2011-03-27,12841,121,190.5,21
547863,2011-03-27,12728,61,164.05,8
547864,2011-03-27,15716,101,115.26,20
547866,2011-03-27,14878,181,197.89,14
547867,2011-03-27,13357,322,609.95,90
547870,2011-03-27,13668,75,173.77,20
547871,2011-03-27,16931,158,277.43,51
547872,2011-03-27,16777,50,177.25,39
547873,2011-03-27,13240,74,218.34,23
547874,2011-03-27,14476,132,215.7,19
547875,2011-03-27,13408,350,612.38,13
547876,2011-03-27,16638,38,254.0,11
547877,2011-03-27,14573,41,165.829999999999,20
547878,2011-03-27,15939,170,131.3,3
547879,2011-03-27,12877,60,83.16,5
547880,2011-03-27,15426,106,251.56,34
547881,2011-03-27,13110,67,192.34,32
547882,2011-03-28,14911,745,539.0,39
547883,2011-03-28,14755,184,307.76,17
547884,2011-03-28,13481,471,665.28,43
547885,2011-03-28,17314,88,220.8,7
547886,2011-03-28,13652,178,329.44,20
547887,2011-03-28,16245,258,453.98,30
547888,2011-03-28,13368,315,588.0,28
547890,2011-03-28,17227,100,223.9,6
547891,2011-03-28,13266,401,302.219999999999,19
547892,2011-03-28,12669,848,1136.3,69
547893,2011-03-28,13552,23,191.25,5
547894,2011-03-28,13552,160,277.8,9
547895,2011-03-28,18118,42,113.14,24
547896,2011-03-28,17841,119,246.61,60
547897,2011-03-28,12792,217,400.539999999999,25
547898,2011-03-28,16523,108,374.7,14
547900,2011-03-28,13649,72,148.8,8
547902,2011-03-28,17765,44,121.25,19
547903,2011-03-28,15039,245,407.09,36
547906,2011-03-28,14410,129,215.07,70
547907,2011-03-28,15083,38,88.2,5
547909,2011-03-28,15033,117,179.73,34
547910,2011-03-28,14159,402,458.87,118
547911,2011-03-28,14127,36,137.6,9
547912,2011-03-28,18010,60,174.8,14
547914,2011-03-28,12594,163,297.5,13
547918,2011-03-28,15249,478,1001.82,60
547919,2011-03-28,13760,96,135.09,28
547920,2011-03-28,14730,87,116.41,24
547921,2011-03-28,14766,466,628.66,39
547922,2011-03-28,15624,54,183.9,10
547923,2011-03-28,14344,23,82.55,4
547924,2011-03-28,17749,257,369.01,22
547925,2011-03-28,12481,425,602.86,28
547926,2011-03-28,12481,268,229.48,10
547931,2011-03-28,12594,1,28.0,1
547934,2011-03-28,12474,157,257.2,17
547935,2011-03-28,15874,44,240.35,8
547936,2011-03-28,15874,23,56.05,12
547937,2011-03-28,15068,130,239.959999999999,39
547938,2011-03-28,13901,244,433.9,23
547939,2011-03-28,15611,10,127.5,1
547940,2011-03-28,16814,187,460.23,23
547941,2011-03-28,16692,151,1267.5,2
547942,2011-03-28,14538,30,106.5,3
547944,2011-03-28,12971,49,106.95,3
547945,2011-03-28,14851,139,206.13,14
547946,2011-03-28,12971,36,116.4,3
547947,2011-03-28,15032,1310,2188.5,22
547949,2011-03-28,14021,54,198.899999999999,3
547960,2011-03-28,15644,95,184.57,45
547962,2011-03-28,12957,251,330.51,24
547963,2011-03-28,13037,158,250.42,15
547965,2011-03-28,15809,58,63.42,4
547969,2011-03-28,17238,145,250.76,39
547970,2011-03-28,17238,1,4.95,1
547971,2011-03-28,17917,75,119.55,36
547972,2011-03-28,12557,550,817.5,5
547985,2011-03-29,16455,196,413.7,19
547986,2011-03-29,18177,79,169.05,10
547987,2011-03-29,17428,436,444.52,29
547990,2011-03-29,15589,94,263.58,16
547991,2011-03-29,15589,24,30.0,1
548003,2011-03-29,18044,140,289.25,18
548005,2011-03-29,14128,269,305.54,22
548006,2011-03-29,18226,235,428.05,22
548007,2011-03-29,13769,133,300.75,17
548010,2011-03-29,14646,1070,2527.94,15
548011,2011-03-29,14646,11116,15719.56,89
548012,2011-03-29,17377,118,317.56,13
548013,2011-03-29,17874,48,65.16,4
548014,2011-03-29,17719,437,579.83,39
548016,2011-03-29,16871,36,35.04,2
548017,2011-03-29,16871,203,357.25,21
548033,2011-03-29,14441,108,356.84,13
548038,2011-03-29,15696,140,317.9,18
548144,2011-03-29,13798,164,328.2,2
548148,2011-03-29,17931,164,297.2,50
548150,2011-03-29,17315,144,142.28,19
548151,2011-03-29,13803,121,277.07,17
548152,2011-03-29,17398,182,305.68,19
548153,2011-03-29,15129,368,304.4,13
548154,2011-03-29,17675,173,465.7,21
548156,2011-03-29,14871,38,108.2,20
548157,2011-03-29,14298,920,1518.0,14
548158,2011-03-29,15906,92,341.93,28
548159,2011-03-29,15906,16,69.4,4
548160,2011-03-29,16253,1340,1700.4,53
548169,2011-03-29,14680,1250,2106.46,29
548170,2011-03-29,15290,111,280.85,9
548171,2011-03-29,16422,1215,963.01,14
548172,2011-03-29,15738,253,328.15,13
548176,2011-03-29,13439,242,283.71,54
548177,2011-03-29,12888,52,272.76,4
548178,2011-03-29,14367,321,504.61,27
548185,2011-03-29,15628,173,371.83,22
548186,2011-03-29,13777,254,539.3,8
548188,2011-03-29,13263,174,243.81,52
548189,2011-03-29,16607,163,141.41,11
548190,2011-03-29,17511,42,258.18,3
548192,2011-03-29,17364,137,247.45,23
548196,2011-03-29,16011,63,118.55,8
548197,2011-03-29,13588,48,113.3,8
548198,2011-03-29,16712,133,351.01,52
548199,2011-03-29,16945,222,287.04,20
548202,2011-03-29,16980,370,346.6,9
548208,2011-03-29,14189,224,314.1,18
548210,2011-03-29,14606,132,338.409999999999,40
548211,2011-03-30,14646,1208,1807.04,16
548212,2011-03-30,12456,445,940.17,41
548213,2011-03-30,15521,433,475.69,33
548214,2011-03-30,13720,204,266.2,17
548215,2011-03-30,15674,198,355.12,19
548216,2011-03-30,12971,36,91.8,1
548217,2011-03-30,17616,32,81.6,1
548218,2011-03-30,13999,214,301.48,16
548222,2011-03-30,17306,308,396.599999999999,3
548223,2011-03-30,17306,144,152.64,1
548234,2011-03-30,17594,220,315.0,14
548242,2011-03-30,16218,126,216.3,8
548245,2011-03-30,12823,60,459.0,1
548255,2011-03-30,13078,115,383.07,17
548256,2011-03-30,17775,72,56.4,3
548257,2011-03-30,13802,1104,2161.32,28
548258,2011-03-30,14146,260,662.3,30
548259,2011-03-30,14099,236,244.13,28
548260,2011-03-30,15373,48,176.21,21
548267,2011-03-30,16954,58,180.38,3
548276,2011-03-30,17863,416,481.2,18
548289,2011-03-30,13988,426,631.06,43
548293,2011-03-30,13798,628,1012.6,10
548308,2011-03-30,17220,204,417.75,64
548309,2011-03-30,16657,463,242.55,76
548311,2011-03-30,13728,92,183.0,12
548312,2011-03-30,16059,144,384.45,48
548313,2011-03-30,15353,212,465.37,51
548314,2011-03-30,16949,77,127.789999999999,9
548315,2011-03-30,16019,60,303.32,7
548316,2011-03-30,17929,24,238.799999999999,1
548317,2011-03-30,18179,250,270.26,18
548318,2011-03-30,13113,126,453.05,7
548319,2011-03-30,14180,38,245.2,15
548320,2011-03-30,12709,174,418.7,7
548323,2011-03-30,15424,386,193.5,9
548324,2011-03-30,13316,2048,1622.48,11
548325,2011-03-30,13509,386,313.5,15
548326,2011-03-30,15424,168,189.84,8
548327,2011-03-30,16788,187,297.17,68
548329,2011-03-30,16584,488,611.94,14
548330,2011-03-30,14810,65,136.99,22
548331,2011-03-30,13047,193,427.15,20
548332,2011-03-30,15364,84,331.8,3
548333,2011-03-30,15189,38,132.7,4
548334,2011-03-30,18108,84,271.0,17
548335,2011-03-30,14272,87,132.09,8
548336,2011-03-30,13082,612,435.0,4
548337,2011-03-30,18198,233,284.67,16
548338,2011-03-30,16558,171,174.31,12
548340,2011-03-30,13426,311,306.39,22
548349,2011-03-30,15812,388,519.96,3
548351,2011-03-30,13001,502,850.82,24
548353,2011-03-30,15980,592,760.18,20
548354,2011-03-30,15981,376,600.0,13
548358,2011-03-30,15832,465,836.79,54
548359,2011-03-30,14828,696,493.92,3
548361,2011-03-30,16092,211,310.87,20
548363,2011-03-30,12428,346,558.4,10
548367,2011-03-30,17677,861,1337.78,23
548368,2011-03-30,17677,40,70.92,4
548370,2011-03-30,15528,123,229.33,26
548371,2011-03-30,17757,378,353.7,9
548372,2011-03-30,14572,31,116.45,3
548388,2011-03-30,13268,458,457.42,56
548400,2011-03-30,17400,285,632.8,58
548401,2011-03-31,14479,59,141.85,8
548403,2011-03-31,14794,1,16.95,1
548404,2011-03-31,16398,503,1169.95,63
548405,2011-03-31,17088,355,1015.83,55
548406,2011-03-31,15061,500,872.56,11
548407,2011-03-31,16401,376,306.599999999999,17
548408,2011-03-31,17438,103,388.45,17
548409,2011-03-31,12731,946,1937.06,33
548410,2011-03-31,12731,132,413.4,4
548412,2011-03-31,12601,49,111.0,3
548447,2011-03-31,17315,147,205.75,4
548448,2011-03-31,18041,275,225.49,12
548449,2011-03-31,14911,45,168.4,9
548450,2011-03-31,15856,379,516.29,26
548451,2011-03-31,17365,785,543.6,65
548452,2011-03-31,13060,123,307.53,15
548455,2011-03-31,14790,136,152.16,10
548457,2011-03-31,13468,24,102.4,5
548458,2011-03-31,15632,48,300.6,9
548459,2011-03-31,14890,51,125.65,7
548461,2011-03-31,14527,55,142.51,23
548466,2011-03-31,16386,26,61.1,4
548468,2011-03-31,14818,31,118.25,13
548470,2011-03-31,12782,174,415.52,16
548484,2011-03-31,13571,77,145.27,27
548486,2011-03-31,12909,167,278.65,16
548489,2011-03-31,12619,44,205.98,5
548490,2011-03-31,12909,431,624.8,27
548491,2011-03-31,14064,906,375.349999999999,8
548492,2011-03-31,17841,115,213.0,37
548493,2011-03-31,16839,314,840.38,10
548494,2011-03-31,16698,520,1182.0,4
548496,2011-03-31,12678,2271,3243.13,35
548497,2011-03-31,13089,725,1622.41,57
548498,2011-03-31,16681,246,301.6,12
548499,2011-03-31,17075,60,133.47,16
548500,2011-03-31,17071,148,204.78,22
548501,2011-03-31,15894,53,106.81,3
548506,2011-03-31,18037,2,3.9,2
548507,2011-03-31,13573,10,31.77,3
548509,2011-03-31,14543,64,296.2,5
548510,2011-03-31,17861,255,216.12,34
548511,2011-03-31,14056,86,276.94,27
548512,2011-03-31,14410,40,136.6,15
548520,2011-03-31,13126,431,320.17,19
548521,2011-03-31,17735,626,652.52,41
548529,2011-03-31,18223,217,490.99,24
548530,2011-03-31,17400,4,11.8,2
548531,2011-03-31,14031,216,1170.0,5
548533,2011-03-31,13883,457,980.41,46
548534,2011-03-31,18172,184,269.62,15
548541,2011-03-31,14957,34,58.49,12
548542,2011-03-31,13918,100,198.2,8
548544,2011-03-31,14525,288,353.45,15
548545,2011-03-31,13118,127,423.55,19
548546,2011-03-31,16600,186,111.6,9
548547,2011-03-31,17212,147,226.85,4
548548,2011-03-31,17781,8,102.0,2
548549,2011-03-31,16365,102,120.9,3
548550,2011-04-01,18161,109,244.79,12
548551,2011-04-01,14886,160,364.8,18
548552,2011-04-01,17613,71,239.75,10
548553,2011-04-01,12523,88,138.75,9
548554,2011-04-01,13694,1420,888.199999999999,19
548555,2011-04-01,13758,108,316.9,15
548556,2011-04-01,13694,122,237.899999999999,2
548557,2011-04-01,15018,73,180.09,12
548558,2011-04-01,13626,209,257.23,19
548559,2011-04-01,16214,34,206.7,5
548560,2011-04-01,13468,200,297.12,8
548561,2011-04-01,16609,255,557.53,35
548563,2011-04-01,18118,47,125.63,17
548565,2011-04-01,16180,228,413.88,13
548566,2011-04-01,17288,110,127.3,6
548567,2011-04-01,17965,87,270.1,26
548568,2011-04-01,14543,30,283.21,12
548606,2011-04-01,12731,240,252.0,3
548608,2011-04-01,13462,62,151.5,9
548610,2011-04-01,15860,101,292.85,35
548611,2011-04-01,18230,210,386.22,16
548612,2011-04-01,13137,392,645.91,127
548613,2011-04-01,13694,84,35.28,1
548614,2011-04-01,14419,107,183.46,37
548616,2011-04-01,18263,328,307.599999999999,15
548617,2011-04-01,16592,333,337.51,18
548618,2011-04-01,15197,124,216.75,12
548619,2011-04-01,16592,12,9.95999999999999,1
548621,2011-04-01,16960,95,201.53,45
548622,2011-04-01,13636,153,249.6,16
548623,2011-04-01,13841,100,85.0,1
548627,2011-04-01,16333,3080,1445.6,5
548629,2011-04-01,16333,192,355.2,1
548630,2011-04-01,16333,192,355.2,1
548631,2011-04-01,13184,77,117.4,13
548632,2011-04-01,17701,109,417.95,24
548633,2011-04-01,16333,864,915.84,1
548634,2011-04-01,12877,34,87.1,5
548635,2011-04-01,16333,1432,538.72,2
548636,2011-04-01,15601,215,266.85,21
548640,2011-04-01,17580,6,47.7,1
548641,2011-04-01,16333,312,577.2,1
548642,2011-04-01,17287,120,145.24,15
548643,2011-04-01,14680,100,72.0,1
548644,2011-04-01,15291,288,396.0,2
548645,2011-04-01,17457,114,313.38,2
548648,2011-04-01,12949,909,1534.3,75
548649,2011-04-01,18179,100,210.0,1
548650,2011-04-01,14852,368,490.4,24
548651,2011-04-01,14970,65,444.75,7
548652,2011-04-01,16928,108,135.0,5
548654,2011-04-01,12569,115,348.68,10
548655,2011-04-01,15605,130,312.58,20
548656,2011-04-01,12748,6,16.7,6
548657,2011-04-01,12748,2,8.8,2
548658,2011-04-01,15179,40,102.0,1
548659,2011-04-01,13418,425,362.24,29
548660,2011-04-01,13169,96,505.2,6
548661,2011-04-01,12415,1,350.0,1
548664,2011-04-01,14911,713,1407.19,67
548665,2011-04-01,14854,100,193.08,7
548666,2011-04-01,13124,693,1317.8,89
548668,2011-04-01,16162,4,37.4,2
548669,2011-04-01,15691,72,136.8,2
548670,2011-04-01,15356,122,212.13,60
548673,2011-04-01,13767,128,291.44,11
548686,2011-04-01,15856,553,785.5,24
548687,2011-04-01,14195,736,828.4,5
548696,2011-04-03,17243,48,142.5,7
548697,2011-04-03,15482,184,713.8,6
548698,2011-04-03,18109,86,259.6,29
548700,2011-04-03,13623,19,146.99,10
548701,2011-04-03,17629,219,266.36,35
548702,2011-04-03,17085,151,244.5,27
548703,2011-04-03,16010,103,178.65,48
548704,2011-04-03,17381,1897,937.709999999999,7
548705,2011-04-03,17381,444,189.12,3
548706,2011-04-03,13408,106,231.3,4
548707,2011-04-03,13781,30,127.84,17
548708,2011-04-03,13269,515,704.6,95
548709,2011-04-03,17744,364,280.56,12
548710,2011-04-03,16678,188,282.6,17
548711,2011-04-03,18116,113,201.01,91
548712,2011-04-03,17050,367,687.13,70
548714,2011-04-03,17337,264,467.3,157
548715,2011-04-03,17758,407,583.79,68
548716,2011-04-03,14023,162,273.14,16
548718,2011-04-04,14156,1162,2183.82,14
548725,2011-04-04,12678,1,134.0,1
548726,2011-04-04,13767,146,367.74,12
548728,2011-04-04,13198,835,903.01,67
548730,2011-04-04,17669,234,475.5,7
548732,2011-04-04,16142,422,535.34,37
548733,2011-04-04,17648,169,583.87,36
548734,2011-04-04,13059,35,183.4,8
548735,2011-04-04,15039,181,435.56,33
548736,2011-04-04,13984,408,432.48,1
548737,2011-04-04,12682,297,585.55,27
548739,2011-04-04,15493,106,412.49,58
548740,2011-04-04,13319,216,599.84,27
548741,2011-04-04,16224,79,167.47,14
548742,2011-04-04,14688,266,375.16,26
548743,2011-04-04,14895,181,500.35,18
548744,2011-04-04,17725,159,313.289999999999,15
548745,2011-04-04,12471,350,624.29,27
548746,2011-04-04,12471,40,50.0,1
548747,2011-04-04,15223,115,300.85,12
548749,2011-04-04,13004,448,451.78,31
548757,2011-04-04,17419,144,357.5,18
548768,2011-04-04,17886,93,223.19,16
548780,2011-04-04,13294,317,483.65,32
548792,2011-04-04,14711,126,215.01,44
548796,2011-04-04,15752,340,403.78,54
548801,2011-04-04,15289,333,375.45,19
548806,2011-04-04,13098,168,357.7,8
548807,2011-04-04,16422,1648,2298.0,18
548808,2011-04-04,17774,123,375.0,40
548813,2011-04-04,12744,4,4037.77,4
548820,2011-04-04,12744,1,2053.07,1
548856,2011-04-04,15311,12,25.09,3
548858,2011-04-04,14911,77,264.3,15
548859,2011-04-04,13668,112,221.25,24
548860,2011-04-04,13263,255,406.82,67
548861,2011-04-04,18185,183,304.25,17
548862,2011-04-04,17956,1,12.75,1
548863,2011-04-04,15311,1050,1713.74,45
548864,2011-04-04,15756,45,123.59,39
548865,2011-04-04,14747,84,328.2,18
548867,2011-04-04,14719,188,223.46,40
548868,2011-04-04,13015,187,556.77,32
548869,2011-04-04,17114,20,130.2,16
548870,2011-04-04,14606,58,129.18,42
548871,2011-04-04,14410,78,91.4799999999999,7
548872,2011-04-04,13015,88,108.0,7
548873,2011-04-04,12971,92,214.2,3
548874,2011-04-04,17716,386,786.16,37
548892,2011-04-04,18044,27,124.15,7
548896,2011-04-04,13767,150,297.28,14
548898,2011-04-04,17214,63,160.57,22
548899,2011-04-04,15838,428,825.96,6
548900,2011-04-04,17848,141,174.459999999999,13
548907,2011-04-05,15521,22,505.0,3
548909,2011-04-05,12779,432,705.839999999999,25
548910,2011-04-05,17940,1296,259.2,3
548911,2011-04-05,12951,55,155.19,9
548912,2011-04-05,16586,95,463.95,8
548913,2011-04-05,12669,1,1136.3,1
548916,2011-04-05,14849,377,422.34,26
548917,2011-04-05,16817,70,215.9,12
548918,2011-04-05,16105,330,336.96,13
548919,2011-04-05,13013,355,649.32,31
548920,2011-04-05,13018,441,493.45,31
548940,2011-04-05,15061,96,81.6,1
548942,2011-04-05,15938,84,105.0,3
548952,2011-04-05,15572,207,430.13,52
548955,2011-04-05,12348,269,367.0,5
548968,2011-04-05,12744,1384,2118.74,52
548969,2011-04-05,14646,636,1129.19999999999,9
548970,2011-04-05,14646,700,1155.0,6
548971,2011-04-05,16919,90,184.84,25
548973,2011-04-05,15674,198,355.12,19
548974,2011-04-05,15194,145,335.07,16
548975,2011-04-05,17596,729,354.29,16
548978,2011-04-05,15727,393,784.45,46
548979,2011-04-05,13798,222,382.82,3
548981,2011-04-05,15442,120,594.0,2
548983,2011-04-05,16906,45,114.64,22
548984,2011-04-05,14546,357,561.29,96
548985,2011-04-05,16422,84,105.0,1
548987,2011-04-05,14535,462,853.97,95
548988,2011-04-05,17618,86,346.5,13
548990,2011-04-05,16170,202,316.02,16
548991,2011-04-05,16915,29,112.49,23
548992,2011-04-05,13089,250,838.079999999999,32
548993,2011-04-05,12753,1626,3599.38,32
549007,2011-04-05,17470,489,304.13,20
549012,2011-04-05,16394,403,306.89,24
549014,2011-04-05,17841,220,226.06,67
549015,2011-04-05,15244,240,297.94,15
549016,2011-04-05,16696,12,35.4,2
549017,2011-04-05,15145,251,422.23,26
549018,2011-04-05,17492,155,374.57,12
549020,2011-04-05,13525,208,282.88,2
549021,2011-04-05,13468,93,173.24,12
549022,2011-04-05,12901,12,83.4,1
549026,2011-04-05,17409,41,260.55,5
549027,2011-04-05,17857,1600,5424.0,4
549044,2011-04-06,16161,165,345.35,21
549046,2011-04-06,15291,72,303.4,5
549047,2011-04-06,17783,53,112.41,30
549048,2011-04-06,17811,42,113.1,6
549052,2011-04-06,17682,185,365.79,19
549053,2011-04-06,13863,224,305.78,20
549054,2011-04-06,17719,109,312.19,12
549055,2011-04-06,13515,180,203.4,13
549056,2011-04-06,15917,42,123.1,12
549059,2011-04-06,15529,99,198.91,17
549099,2011-04-06,16241,116,229.27,61
549101,2011-04-06,14606,92,146.92,20
549102,2011-04-06,13266,433,303.95,11
549104,2011-04-06,15311,517,703.54,12
549105,2011-04-06,17440,144,117.6,2
549106,2011-04-06,17045,1,39.95,1
549107,2011-04-06,17440,18,7.02,1
549115,2011-04-06,13098,1120,1722.02,35
549116,2011-04-06,16670,444,554.38,34
549117,2011-04-06,13491,192,136.92,11
549118,2011-04-06,14911,655,955.99,65
549119,2011-04-06,14220,138,319.42,10
549120,2011-04-06,14587,72,178.4,34
549121,2011-04-06,17140,302,465.32,20
549123,2011-04-06,15201,308,301.48,19
549124,2011-04-06,16672,150,480.9,8
549125,2011-04-06,14964,143,206.21,13
549126,2011-04-06,16031,219,305.63,39
549127,2011-04-06,14403,274,790.7,14
549128,2011-04-06,16713,167,305.26,46
549129,2011-04-06,17042,329,273.21,43
549130,2011-04-06,14701,129,275.1,39
549131,2011-04-06,16378,42,75.9,3
549148,2011-04-06,14534,141,187.7,23
549153,2011-04-06,13771,594,871.6,49
549154,2011-04-06,17690,88,311.6,19
549169,2011-04-06,17906,26,72.9,12
549182,2011-04-07,15646,140,150.24,11
549183,2011-04-07,14239,53,144.95,6
549185,2011-04-07,18272,512,639.82,33
549186,2011-04-07,15838,72,270.0,1
549187,2011-04-07,16144,16,175.2,1
549188,2011-04-07,13731,166,308.12,20
549189,2011-04-07,15235,98,229.3,13
549190,2011-04-07,13748,84,229.399999999999,8
549192,2011-04-07,14961,239,348.85,13
549193,2011-04-07,12580,238,415.7,24
549196,2011-04-07,14911,271,356.23,22
549206,2011-04-07,15281,32,104.4,5
549222,2011-04-07,12347,483,636.25,24
549225,2011-04-07,13777,96,326.4,3
549233,2011-04-07,14912,445,482.789999999999,14
549234,2011-04-07,16515,111,301.82,22
549235,2011-04-07,15530,324,553.13,54
549237,2011-04-07,13950,81,179.309999999999,7
549238,2011-04-07,14667,205,388.77,31
549239,2011-04-07,13102,174,245.459999999999,11
549240,2011-04-07,15910,82,118.89,31
549241,2011-04-07,15719,169,336.38,61
549242,2011-04-07,14911,119,227.18,11
549243,2011-04-07,16043,102,144.1,4
549245,2011-04-07,15005,94,144.86,34
549246,2011-04-07,15939,820,1072.2,10
549247,2011-04-07,13752,224,277.6,16
549248,2011-04-07,13892,140,54.5199999999999,3
549249,2011-04-07,12423,248,255.36,18
549250,2011-04-07,14446,318,303.04,83
549251,2011-04-07,14449,194,191.06,57
549255,2011-04-07,16209,245,305.95,10
549256,2011-04-07,15754,36,91.8,6
549257,2011-04-07,14465,87,191.49,58
549258,2011-04-07,13102,216,329.099999999999,18
549259,2011-04-07,13712,352,228.84,10
549260,2011-04-07,17790,39,107.07,11
549261,2011-04-07,14903,284,580.58,57
549262,2011-04-07,14465,132,269.83,65
549263,2011-04-07,15800,108,244.5,14
549272,2011-04-07,17133,131,358.25,3
549273,2011-04-07,13089,112,312.0,3
549274,2011-04-07,12721,239,366.2,24
549275,2011-04-07,15916,64,160.12,15
549276,2011-04-07,16745,152,267.1,17
549277,2011-04-07,16469,44,97.7,23
549278,2011-04-07,16255,195,168.46,21
549279,2011-04-07,16469,70,179.18,46
549280,2011-04-07,13854,82,429.9,3
549281,2011-04-07,17735,330,571.3,27
549282,2011-04-07,13718,38,192.5,5
549283,2011-04-07,13005,135,321.65,18
549284,2011-04-07,15694,36,365.4,2
549285,2011-04-07,14981,97,102.12,8
549286,2011-04-07,17928,46,78.2599999999999,17
549287,2011-04-07,14527,15,40.41,6
549289,2011-04-07,14395,152,188.13,22
549291,2011-04-07,16261,139,254.96,56
549292,2011-04-07,17869,17,91.09,10
549293,2011-04-07,17883,48,119.35,19
549294,2011-04-07,13230,109,203.2,53
549296,2011-04-08,14619,152,394.44,20
549297,2011-04-08,18061,66,213.8,6
549298,2011-04-08,13015,192,314.6,19
549299,2011-04-08,13995,183,310.45,17
549300,2011-04-08,13362,391,768.83,41
549301,2011-04-08,16643,269,487.51,27
549302,2011-04-08,14246,216,449.64,24
549303,2011-04-08,18040,96,239.0,12
549304,2011-04-08,16133,139,301.53,14
549305,2011-04-08,15189,46,152.3,8
549306,2011-04-08,16837,98,148.74,8
549307,2011-04-08,15119,88,266.4,14
549308,2011-04-08,13767,76,136.36,7
549309,2011-04-08,15114,234,215.34,16
549310,2011-04-08,16325,62,190.82,5
549311,2011-04-08,14924,64,310.05,10
549312,2011-04-08,14217,24,112.8,5
549313,2011-04-08,12393,224,421.6,17
549316,2011-04-08,12705,757,1321.25,63
549317,2011-04-08,15109,131,484.95,28
549318,2011-04-08,13911,105,247.95,14
549319,2011-04-08,16623,39,129.45,5
549320,2011-04-08,16010,61,118.75,14
549321,2011-04-08,14243,237,373.27,23
549322,2011-04-08,16558,116,230.98,14
549323,2011-04-08,12999,310,320.28,23
549324,2011-04-08,16045,107,196.8,11
549325,2011-04-08,12717,262,609.74,31
549353,2011-04-08,13962,30,117.6,7
549360,2011-04-08,17035,86,174.02,10
549368,2011-04-08,18036,83,110.8,40
549372,2011-04-08,14958,70,210.649999999999,18
549387,2011-04-08,13178,355,483.0,27
549412,2011-04-08,14258,1284,718.6,5
549417,2011-04-08,14258,12,79.8,1
549424,2011-04-08,15367,338,651.6,29
549425,2011-04-08,14030,248,337.67,44
549428,2011-04-08,15815,192,453.0,5
549429,2011-04-08,17001,158,313.5,13
549431,2011-04-08,15874,895,1163.75,45
549432,2011-04-08,14264,18,115.7,5
549433,2011-04-08,16709,26,149.899999999999,4
549434,2011-04-08,12647,88,350.76,6
549435,2011-04-08,12356,370,481.46,21
549436,2011-04-08,18041,123,113.89,6
549439,2011-04-08,13562,233,603.27,24
549440,2011-04-08,17162,61,173.25,10
549441,2011-04-08,17162,2,9.9,1
549442,2011-04-08,16996,102,330.94,6
549443,2011-04-08,15775,68,104.9,7
549444,2011-04-08,16013,100,375.0,1
549445,2011-04-08,17809,40,270.0,1
549446,2011-04-08,17054,319,314.07,23
549447,2011-04-08,17268,192,138.24,1
549448,2011-04-08,13078,182,306.18,21
549449,2011-04-08,14227,111,304.33,13
549451,2011-04-08,16556,167,318.07,18
549467,2011-04-08,13305,125,194.75,9
549468,2011-04-08,17940,1,1867.86,1
549471,2011-04-08,17389,72,73.5,3
549520,2011-04-08,13265,720,817.44,28
549522,2011-04-08,16873,341,528.93,32
549523,2011-04-08,12748,7,32.65,3
549526,2011-04-08,13630,311,431.78,32
549538,2011-04-08,17961,23,32.32,8
549539,2011-04-10,15465,48,292.799999999999,2
549541,2011-04-10,17268,192,138.24,1
549542,2011-04-10,15311,460,862.819999999999,24
549543,2011-04-10,18118,102,197.5,59
549546,2011-04-10,16889,310,705.56,57
549547,2011-04-10,16359,145,423.4,14
549548,2011-04-10,13548,164,281.01,61
549550,2011-04-10,15038,29,157.6,26
549551,2011-04-10,15955,229,491.79,19
549552,2011-04-10,13508,24,110.97,12
549553,2011-04-10,16931,90,147.06,27
549554,2011-04-10,16779,220,480.34,15
549555,2011-04-10,13606,129,180.4,37
549556,2011-04-10,17372,122,212.12,47
549557,2011-04-10,14450,71,108.42,12
549558,2011-04-10,15058,77,170.95,41
549559,2011-04-10,12447,190,476.49,26
549560,2011-04-10,15058,52,91.74,23
549561,2011-04-10,13570,161,239.49,27
549562,2011-04-10,13232,196,117.43,14
549563,2011-04-10,14030,80,113.619999999999,21
549564,2011-04-10,18129,48,112.55,14
549566,2011-04-10,13610,49,110.55,20
549567,2011-04-10,13632,98,261.58,41
549568,2011-04-10,15665,1174,1476.22,77
549569,2011-04-10,15547,287,280.66,44
549570,2011-04-10,17550,59,156.22,28
549571,2011-04-10,15655,324,560.67,34
549572,2011-04-10,17757,82,191.86,18
549573,2011-04-10,14504,117,260.92,42
549574,2011-04-10,18226,226,329.05,16
549575,2011-04-10,13956,77,173.95,34
549576,2011-04-11,17069,229,476.37,25
549577,2011-04-11,14286,1998,2050.08,141
549578,2011-04-11,17340,450,834.68,32
549579,2011-04-11,15780,127,225.61,13
549581,2011-04-11,16188,71,151.65,9
549583,2011-04-11,15214,402,514.93,35
549584,2011-04-11,17574,77,185.65,8
549585,2011-04-11,14616,32,158.4,1
549587,2011-04-11,15737,286,475.88,29
549588,2011-04-11,12428,237,373.72,21
549589,2011-04-11,16552,180,284.44,12
549590,2011-04-11,13324,400,423.0,7
549591,2011-04-11,18080,330,841.499999999999,1
549592,2011-04-11,14311,146,310.26,20
549593,2011-04-11,18008,130,162.5,1
549594,2011-04-11,16029,192,470.4,4
549595,2011-04-11,13324,697,903.87,8
549596,2011-04-11,14339,168,309.52,14
549597,2011-04-11,16133,146,403.34,6
549614,2011-04-11,12720,218,293.24,21
549619,2011-04-11,13798,496,666.32,6
549628,2011-04-11,13798,664,274.08,9
549633,2011-04-11,15671,184,375.96,12
549646,2011-04-11,12982,288,390.54,28
549664,2011-04-11,13113,24,148.0,3
549665,2011-04-11,14541,52,134.8,5
549667,2011-04-11,14911,477,744.41,49
549669,2011-04-11,13113,3,2.55,1
549670,2011-04-11,16168,88,141.2,7
549678,2011-04-11,16525,128,435.0,6
549679,2011-04-11,16407,48,60.0,3
549680,2011-04-11,12701,246,337.08,21
549681,2011-04-11,13881,322,309.88,17
549682,2011-04-11,12596,156,269.95,15
549683,2011-04-11,14273,54,112.8,6
549687,2011-04-11,12363,282,299.1,16
549689,2011-04-11,15971,7,22.65,2
549690,2011-04-11,17841,217,380.34,86
549691,2011-04-11,13549,134,183.5,10
549693,2011-04-11,14696,135,284.35,17
549694,2011-04-11,15414,12,36.2,5
549696,2011-04-11,13089,12,153.0,1
549705,2011-04-11,13668,114,145.26,9
549711,2011-04-11,13654,201,485.31,24
549713,2011-04-11,17611,141,282.4,37
549715,2011-04-11,13203,145,165.71,10
549716,2011-04-11,14628,106,331.58,12
549717,2011-04-11,14606,1,15.0,1
549718,2011-04-11,13846,111,252.53,15
549719,2011-04-11,14326,103,183.85,8
549720,2011-04-11,14606,56,142.84,33
549721,2011-04-11,14911,113,254.12,12
549722,2011-04-11,17236,69,118.45,15
549728,2011-04-11,17799,89,112.86,16
549729,2011-04-11,13634,126,263.41,35
549730,2011-04-11,15867,159,217.14,33
549732,2011-04-11,15615,436,758.92,32
549733,2011-04-11,17827,218,312.01,44
549734,2011-04-11,16409,400,532.0,70
549735,2011-04-12,13824,202,659.3,14
549736,2011-04-12,13599,102,173.01,8
549737,2011-04-12,13599,80,158.8,7
549739,2011-04-12,15935,1,308.82,1
549740,2011-04-12,15981,356,520.8,12
549741,2011-04-12,13655,115,383.65,21
549742,2011-04-12,12910,502,720.22,23
549743,2011-04-12,16186,428,392.41,28
549744,2011-04-12,15240,204,316.2,8
549745,2011-04-12,13577,131,356.75,20
549746,2011-04-12,15251,1918,2846.02,30
549747,2011-04-12,17428,400,614.0,4
549748,2011-04-12,17428,146,497.82,5
549749,2011-04-12,12928,236,387.7,21
549750,2011-04-12,18109,19,113.25,12
549751,2011-04-12,13089,403,737.42,18
549752,2011-04-12,13089,40,50.0,4
549754,2011-04-12,13700,380,314.52,22
549755,2011-04-12,16843,344,394.56,9
549756,2011-04-12,14111,148,94.2,2
549771,2011-04-12,14669,287,427.54,60
549787,2011-04-12,13268,163,180.43,24
549789,2011-04-12,17160,569,611.91,48
549790,2011-04-12,16172,180,199.38,16
549813,2011-04-12,17972,37,136.04,31
549825,2011-04-12,12463,189,350.57,20
549826,2011-04-12,15044,114,440.5,24
549828,2011-04-12,15044,12,25.08,2
549829,2011-04-12,16713,198,341.0,20
549830,2011-04-12,17811,57,117.83,9
549831,2011-04-12,14844,582,874.55,40
549832,2011-04-12,17278,179,246.04,15
549833,2011-04-12,13458,666,1015.14,37
549834,2011-04-12,16672,96,302.4,4
549835,2011-04-12,17511,990,1444.66,20
549836,2011-04-12,16814,75,180.85,16
549837,2011-04-12,16705,429,1311.9,20
549838,2011-04-12,16705,48,96.0,4
549839,2011-04-12,15212,36,101.8,5
549841,2011-04-12,15189,2,3.3,1
549842,2011-04-12,14738,58,162.7,7
549843,2011-04-12,13157,284,300.12,14
549844,2011-04-12,12854,260,420.469999999999,42
549845,2011-04-12,16729,390,504.27,31
549847,2011-04-12,15358,505,362.26,29
549850,2011-04-12,16168,9,44.55,1
549851,2011-04-12,16062,209,330.62,19
549852,2011-04-12,14289,40,147.3,9
549874,2011-04-12,16919,191,294.66,37
549880,2011-04-12,15932,180,311.16,7
549881,2011-04-12,14032,230,303.34,17
549885,2011-04-12,17204,119,461.25,11
549901,2011-04-12,17180,233,268.31,36
549902,2011-04-12,14006,211,357.65,13
549903,2011-04-12,17576,194,355.77,27
549904,2011-04-12,17180,125,49.01,7
549906,2011-04-12,14998,105,183.64,42
549907,2011-04-12,13484,44,313.8,8
549909,2011-04-12,15777,129,293.96,14
549910,2011-04-12,16697,27,112.75,21
549911,2011-04-13,14060,493,446.7,22
549914,2011-04-13,14931,97,293.0,9
549915,2011-04-13,18231,253,429.25,28
549916,2011-04-13,13717,318,272.54,15
549917,2011-04-13,16607,168,145.87,12
549918,2011-04-13,17017,184,267.96,13
549920,2011-04-13,18236,52,123.2,8
549923,2011-04-13,13138,72,193.62,12
549924,2011-04-13,16837,12,112.2,3
549925,2011-04-13,16333,1056,1119.36,1
549926,2011-04-13,16333,2232,725.76,2
549927,2011-04-13,16684,3300,3694.36,21
549928,2011-04-13,16684,200,324.0,2
549929,2011-04-13,13740,425,350.75,23
549932,2011-04-13,13534,70,124.8,8
549933,2011-04-13,15230,339,370.2,22
549934,2011-04-13,15134,50,110.1,6
549936,2011-04-13,15465,79,514.05,3
549937,2011-04-13,15046,125,328.55,7
549938,2011-04-13,13199,160,408.0,1
549939,2011-04-13,16309,304,334.2,21
549940,2011-04-13,13694,1661,1357.63,18
549941,2011-04-13,13694,96,81.6,1
549942,2011-04-13,12971,36,136.2,2
549943,2011-04-13,13544,75,122.91,49
549944,2011-04-13,14262,196,240.0,16
549946,2011-04-13,17819,24,189.839999999999,3
549947,2011-04-13,18260,314,451.58,19
549949,2011-04-13,13208,148,205.28,35
549951,2011-04-13,13134,162,500.2,24
549953,2011-04-13,12766,581,1206.29,56
549954,2011-04-13,13700,134,172.09,19
549956,2011-04-13,14898,248,186.88,6
549957,2011-04-13,13539,97,151.55,10
549958,2011-04-13,17589,446,590.77,71
549959,2011-04-13,16097,87,185.049999999999,10
549961,2011-04-13,16652,2,25.5,1
549964,2011-04-13,13122,537,903.67,54
549965,2011-04-13,16966,360,409.2,8
549966,2011-04-13,16224,406,375.74,30
549967,2011-04-13,17873,315,490.05,9
549969,2011-04-13,13408,260,381.0,4
549970,2011-04-13,15026,23,121.8,6
549971,2011-04-13,13408,20,33.0,1
549972,2011-04-13,13408,186,408.9,8
549974,2011-04-13,17746,29,110.25,6
549975,2011-04-13,16175,100,272.86,15
549976,2011-04-13,15855,66,106.4,8
549977,2011-04-13,14810,86,171.06,20
549978,2011-04-13,14834,81,243.69,11
549979,2011-04-13,17511,20,31.0,1
549980,2011-04-13,14062,156,317.26,12
549981,2011-04-13,16348,151,298.409999999999,52
549982,2011-04-13,17091,323,505.57,27
549983,2011-04-13,16348,77,157.29,30
549984,2011-04-13,15147,366,623.5,28
549985,2011-04-13,15640,553,1103.73,46
549988,2011-04-13,14367,221,431.65,25
549989,2011-04-13,13221,91,349.25,31
549990,2011-04-13,16678,46,147.3,10
549991,2011-04-14,18229,92,348.4,8
549992,2011-04-14,17669,320,516.0,7
549993,2011-04-14,14057,336,349.44,11
549994,2011-04-14,14057,20,41.6,2
549995,2011-04-14,16131,540,1056.36,24
549996,2011-04-14,15189,44,375.359999999999,2
549997,2011-04-14,15189,72,183.6,3
549998,2011-04-14,17675,244,498.16,11
549999,2011-04-14,15813,369,770.65,29
550000,2011-04-14,17058,351,582.72,35
550001,2011-04-14,17704,175,387.29,16
550002,2011-04-14,12709,41,68.0,2
550003,2011-04-14,14428,89,127.07,4
550004,2011-04-14,12569,102,279.18,9
550005,2011-04-14,17677,200,310.0,2
550006,2011-04-14,17841,98,242.39,54
550007,2011-04-14,15125,400,527.0,4
550008,2011-04-14,15570,90,294.04,16
550015,2011-04-14,17735,551,848.87,50
550016,2011-04-14,15416,522,899.19,38
550017,2011-04-14,17865,324,569.2,22
550025,2011-04-14,17315,56,146.0,3
550030,2011-04-14,17315,26,42.8999999999999,2
550031,2011-04-14,13629,350,642.0,4
550032,2011-04-14,15139,106,56.86,5
550033,2011-04-14,15005,116,193.96,35
550034,2011-04-14,16187,498,713.08,38
550035,2011-04-14,15039,332,787.84,53
550052,2011-04-14,17068,198,422.55,25
550054,2011-04-14,14040,84,171.1,5
550057,2011-04-14,14606,96,129.09,23
550071,2011-04-14,16735,304,437.56,21
550106,2011-04-14,13772,86,228.42,36
550120,2011-04-14,17071,102,278.5,10
550121,2011-04-14,15271,68,147.6,8
550122,2011-04-14,12931,1176,1488.0,4
550124,2011-04-14,12853,114,328.1,16
550125,2011-04-14,13317,215,444.63,23
550126,2011-04-14,12853,74,129.5,6
550129,2011-04-14,13001,317,636.45,18
550130,2011-04-14,14390,207,503.33,56
550131,2011-04-14,15935,114,108.039999999999,11
550132,2011-04-14,16933,127,224.73,20
550134,2011-04-14,16249,441,814.83,22
550135,2011-04-14,15769,360,1220.4,2
550136,2011-04-14,16957,108,301.8,12
550137,2011-04-14,12477,728,2221.02,57
550138,2011-04-14,12841,124,162.35,28
550144,2011-04-14,16520,139,297.16,54
550145,2011-04-14,12637,287,669.2,31
550148,2011-04-14,16882,100,205.8,14
550149,2011-04-14,13069,214,330.34,21
550150,2011-04-14,15230,12,59.4,1
550151,2011-04-14,13089,11,140.25,1
550152,2011-04-14,17362,115,162.23,23
550154,2011-04-14,13069,35,103.25,3
550155,2011-04-14,14198,104,183.3,12
550156,2011-04-14,17381,600,501.12,4
550157,2011-04-14,16393,66,128.25,19
550158,2011-04-14,13989,869,896.67,23
550159,2011-04-14,14062,662,1420.98,14
550160,2011-04-14,17930,172,390.6,5
550161,2011-04-14,14154,114,419.74,19
550162,2011-04-14,12569,80,168.54,9
550163,2011-04-14,14154,351,925.88,33
550164,2011-04-14,13590,338,301.42,8
550167,2011-04-14,14206,276,328.159999999999,20
550169,2011-04-14,14482,111,238.1,15
550173,2011-04-14,15235,82,186.5,9
550178,2011-04-14,12662,228,444.82,24
550179,2011-04-14,15220,116,195.68,13
550180,2011-04-14,14163,153,411.87,17
550182,2011-04-14,18198,248,331.28,6
550183,2011-04-14,14105,800,1266.23,74
550184,2011-04-14,17601,103,116.009999999999,9
550185,2011-04-14,17142,81,579.0,15
550186,2011-04-14,14051,106,504.3,8
550187,2011-04-14,13811,29,258.75,6
550188,2011-04-14,12457,197,669.25,23
550189,2011-04-14,13230,59,233.12,23
550190,2011-04-14,15135,43,139.05,9
550191,2011-04-14,16806,119,241.29,21
550192,2011-04-15,12582,159,306.2,10
550193,2011-04-15,13952,886,2042.761,93
550194,2011-04-15,15270,265,300.25,8
550196,2011-04-15,14796,244,425.93,64
550197,2011-04-15,15581,8,39.6,4
550198,2011-04-15,13120,12,30.5999999999999,1
550199,2011-04-15,16523,242,397.5,18
550200,2011-04-15,16523,16,64.2,2
550201,2011-04-15,12769,356,1143.6,32
550202,2011-04-15,13090,166,760.1,19
550216,2011-04-15,13516,56,146.0,7
550218,2011-04-15,14408,190,354.84,7
550242,2011-04-15,13117,100,65.28,8
550250,2011-04-15,18171,86,224.14,12
550251,2011-04-15,14323,222,299.82,19
550255,2011-04-15,13468,66,190.98,9
550264,2011-04-15,13426,108,339.2,11
550265,2011-04-15,17572,32,81.4,4
550272,2011-04-15,18079,3843,1612.83,29
550274,2011-04-15,15498,190,344.4,23
550275,2011-04-15,13993,114,278.22,15
550276,2011-04-15,12989,68,277.56,3
550277,2011-04-15,12639,201,486.1,22
550279,2011-04-15,14700,321,721.55,40
550280,2011-04-15,13048,316,462.31,37
550281,2011-04-15,12457,101,219.0,2
550282,2011-04-15,16686,80,141.68,9
550283,2011-04-15,18094,440,639.48,19
550284,2011-04-15,12383,77,142.16,11
550285,2011-04-15,15249,148,327.2,18
550286,2011-04-15,15027,140,341.4,8
550287,2011-04-15,14211,73,138.79,9
550288,2011-04-15,17367,150,168.4,34
550289,2011-04-15,13880,193,291.63,18
550290,2011-04-15,15246,161,328.15,21
550291,2011-04-15,13720,46,165.9,9
550292,2011-04-15,14527,11,58.85,7
550296,2011-04-15,13742,109,172.72,17
550297,2011-04-15,14056,217,321.83,41
550298,2011-04-15,17346,155,223.42,38
550299,2011-04-15,17389,732,2945.5,23
550301,2011-04-17,17243,172,345.05,18
550302,2011-04-17,14156,151,446.74,25
550303,2011-04-17,18213,232,232.48,15
550304,2011-04-17,14092,219,311.38,17
550305,2011-04-17,17920,560,417.93,25
550307,2011-04-17,13854,80,308.64,4
550308,2011-04-17,17029,200,358.0,1
550309,2011-04-17,13220,12,83.4,1
550310,2011-04-17,15985,878,899.58,27
550311,2011-04-17,16728,50,102.44,29
550312,2011-04-17,13089,361,379.32,17
550313,2011-04-17,12681,377,545.57,27
550314,2011-04-17,16905,79,218.55,18
550315,2011-04-17,17990,290,314.84,17
550316,2011-04-17,16193,219,314.45,19
550317,2011-04-17,15172,194,346.4,25
550318,2011-04-17,16085,129,143.69,29
550319,2011-04-17,14524,55,133.61,14
550320,2011-04-17,12748,348,625.27,89
550321,2011-04-17,16770,66,124.98,38
550322,2011-04-17,14524,52,158.47,34
550323,2011-04-17,13692,734,856.63,31
550324,2011-04-17,12997,185,302.92,18
550325,2011-04-17,15745,127,302.85,18
550326,2011-04-17,14532,166,140.55,20
550327,2011-04-17,12878,335,539.81,28
550328,2011-04-17,17582,123,175.27,29
550329,2011-04-17,13951,175,303.49,20
550330,2011-04-17,15827,36,63.36,3
550331,2011-04-17,15555,249,290.52,99
550332,2011-04-17,13474,132,229.59,64
550333,2011-04-17,15410,164,456.2,22
550334,2011-04-17,17320,256,459.18,26
550335,2011-04-17,15535,15,118.85,12
550336,2011-04-17,13089,98,246.74,9
550337,2011-04-17,18037,1,2.1,1
550338,2011-04-17,12413,25,84.65,4
550339,2011-04-17,17697,93,338.95,19
550340,2011-04-17,13695,50,71.42,5
550341,2011-04-17,13018,210,365.36,19
550342,2011-04-17,13018,215,391.67,25
550343,2011-04-17,12971,70,174.6,5
550344,2011-04-18,12754,6432,2949.12,14
550345,2011-04-18,15304,4,51.0,1
550346,2011-04-18,16639,112,308.2,14
550347,2011-04-18,14227,206,282.94,17
550348,2011-04-18,16947,312,406.48,21
550350,2011-04-18,15491,358,837.97,46
550351,2011-04-18,15491,160,184.48,14
550352,2011-04-18,16719,125,225.72,28
550354,2011-04-18,13811,1,222.75,1
550357,2011-04-18,16617,91,151.85,5
550359,2011-04-18,17841,162,366.48,55
550360,2011-04-18,14978,84,394.83,36
550361,2011-04-18,13082,997,840.24,20
550362,2011-04-18,13113,146,635.0,12
550364,2011-04-18,16713,36,152.2,8
550377,2011-04-18,13082,4,34.0,1
550389,2011-04-18,17284,202,212.34,43
550408,2011-04-18,16746,316,501.84,33
550437,2011-04-18,16923,94,192.33,22
550438,2011-04-18,15265,240,712.24,42
550439,2011-04-18,18231,122,458.25,26
550440,2011-04-18,12407,204,269.66,12
550446,2011-04-18,13871,226,509.34,24
550447,2011-04-18,16033,138,393.33,52
550448,2011-04-18,16746,7,20.85,4
550449,2011-04-18,15199,109,304.049999999999,3
550450,2011-04-18,15615,72,90.0,1
550452,2011-04-18,14525,70,169.47,7
550453,2011-04-18,16226,72,130.8,3
550457,2011-04-18,13798,750,1231.6,14
550459,2011-04-18,18116,127,189.98,48
550461,2011-04-18,15749,9014,21535.9,5
550462,2011-04-18,16458,138,198.0,17
550464,2011-04-18,16550,362,484.25,63
550465,2011-04-18,16217,31,121.25,4
550467,2011-04-18,18009,126,257.34,32
550468,2011-04-18,16700,238,405.16,27
550469,2011-04-18,16399,159,178.41,31
550473,2011-04-18,14623,104,192.68,32
550476,2011-04-18,15769,36,122.039999999999,2
550477,2011-04-18,17338,365,687.05,92
550478,2011-04-18,15755,157,306.05,18
550479,2011-04-18,15625,513,695.329999999999,36
550480,2011-04-18,13069,173,192.26,27
550481,2011-04-18,17634,33,164.75,9
550483,2011-04-18,16033,18,42.4,4
550487,2011-04-18,18219,122,200.32,11
550488,2011-04-18,16729,303,273.71,31
550490,2011-04-18,17054,78,298.3,16
550491,2011-04-18,16033,4,19.8,1
550492,2011-04-18,14180,37,187.75,11
550493,2011-04-18,15311,820,1026.61,39
550495,2011-04-18,13769,74,202.88,14
550497,2011-04-18,18064,160,408.0,2
550498,2011-04-18,14692,37,99.45,15
550503,2011-04-18,15508,154,311.42,18
550504,2011-04-18,16654,145,274.45,14
550512,2011-04-18,18069,293,391.9,109
550513,2011-04-18,16928,236,379.56,38
550514,2011-04-18,14631,192,320.58,13
550515,2011-04-18,14502,128,217.07,56
550516,2011-04-18,14502,9,89.55,1
550517,2011-04-19,14352,316,614.02,29
550518,2011-04-19,16628,162,360.65,21
550519,2011-04-19,13141,294,516.28,30
550520,2011-04-19,16170,232,309.56,22
550521,2011-04-19,13647,267,424.64,23
550522,2011-04-19,12947,478,429.57,34
550523,2011-04-19,15594,145,267.91,15
550524,2011-04-19,16422,264,385.2,4
550525,2011-04-19,14672,307,480.27,27
550526,2011-04-19,14309,155,347.49,20
550527,2011-04-19,12476,628,1411.67,51
550528,2011-04-19,17663,81,188.87,10
550531,2011-04-19,13199,12,35.4,1
550532,2011-04-19,14606,75,117.14,35
550535,2011-04-19,14211,72,155.6,9
550539,2011-04-19,13479,89,144.35,8
550560,2011-04-19,14242,70,142.2,8
550579,2011-04-19,13266,368,319.48,19
550606,2011-04-19,12594,208,255.04,8
550607,2011-04-19,16919,68,232.22,23
550608,2011-04-19,12901,462,970.2,1
550610,2011-04-19,14502,9,89.55,1
550612,2011-04-19,14662,35,155.3,21
550613,2011-04-19,16180,470,767.0,21
550615,2011-04-19,16730,305,293.92,23
550616,2011-04-19,15140,270,354.78,13
550617,2011-04-19,13376,191,376.0,21
550618,2011-04-19,14156,234,367.62,21
550619,2011-04-19,15717,70,150.3,7
550620,2011-04-19,12585,407,777.25,22
550621,2011-04-19,13263,105,171.01,47
550622,2011-04-19,13735,505,935.15,59
550623,2011-04-19,13719,78,132.9,6
550624,2011-04-19,14201,68,109.04,7
550625,2011-04-19,12619,468,425.679999999999,7
550626,2011-04-19,13184,250,185.08,32
550627,2011-04-19,16633,177,447.52,26
550628,2011-04-19,13101,113,101.19,8
550629,2011-04-19,13782,48,169.359999999999,9
550630,2011-04-19,14298,2621,1507.67,65
550631,2011-04-19,15225,226,409.4,23
550632,2011-04-19,16907,42,151.3,35
550633,2011-04-19,17449,186,300.09,45
550634,2011-04-19,14298,22,27.2999999999999,2
550635,2011-04-19,18173,156,423.36,6
550637,2011-04-19,14415,187,397.14,55
550639,2011-04-19,14152,369,314.51,29
550643,2011-04-19,18116,84,35.96,7
550644,2011-04-19,12733,137,383.95,22
550645,2011-04-19,16098,56,157.9,7
550649,2011-04-19,13134,6,25.5,1
550651,2011-04-19,15436,251,489.05,130
550655,2011-04-19,17217,24,113.5,9
550656,2011-04-20,17652,312,409.94,23
550657,2011-04-20,18198,296,302.56,4
550658,2011-04-20,13576,144,426.24,3
550659,2011-04-20,17730,296,347.17,19
550660,2011-04-20,15179,10,67.5,1
550661,2011-04-20,12656,200,541.2,18
550662,2011-04-20,15078,312,544.26,27
550663,2011-04-20,15078,20,36.0,2
550665,2011-04-20,12530,232,417.6,14
550666,2011-04-20,17719,503,469.19,23
550667,2011-04-20,13027,5040,2016.0,6
550669,2011-04-20,16837,8,102.0,1
550670,2011-04-20,17734,66,112.979999999999,9
550671,2011-04-20,12457,100,179.0,1
550673,2011-04-20,12971,160,379.0,9
550674,2011-04-20,12971,64,244.8,2
550675,2011-04-20,15260,126,267.7,12
550701,2011-04-20,14905,141,308.55,9
550710,2011-04-20,17450,1736,3108.64,9
550711,2011-04-20,18102,328,1196.96,3
550712,2011-04-20,15159,370,850.7,40
550713,2011-04-20,15159,1,12.5,1
550714,2011-04-20,15249,320,478.2,19
550723,2011-04-20,17454,57,115.43,18
550750,2011-04-20,13632,141,351.45,19
550754,2011-04-20,15465,60,596.999999999999,2
550755,2011-04-20,17548,58,103.3,5
550756,2011-04-20,14148,16,157.2,3
550764,2011-04-20,14527,25,103.15,12
550765,2011-04-20,16103,130,204.46,10
550766,2011-04-20,17463,109,234.25,14
550767,2011-04-20,14776,384,301.68,17
550768,2011-04-20,15039,235,712.64,25
550769,2011-04-20,15984,81,212.19,8
550772,2011-04-20,17856,30,74.7,2
550773,2011-04-20,17567,207,395.789999999999,20
550774,2011-04-20,14626,432,586.9,29
550775,2011-04-20,15805,515,1052.56,53
550776,2011-04-20,15805,67,140.85,9
550777,2011-04-20,16558,371,307.16,24
550778,2011-04-20,14868,231,439.33,24
550779,2011-04-20,17511,858,1466.13999999999,16
550781,2011-04-20,13097,218,460.94,19
550782,2011-04-20,18246,70,232.9,2
550783,2011-04-20,13485,277,454.24,23
550784,2011-04-20,13269,208,370.68,21
550785,2011-04-20,15517,293,267.03,27
550786,2011-04-20,16672,48,60.0,1
550796,2011-04-20,17211,76,128.41,19
550797,2011-04-20,12901,88,54.72,4
550798,2011-04-20,15290,120,290.4,6
550799,2011-04-20,17115,166,310.02,18
550801,2011-04-20,17402,30,212.5,3
550802,2011-04-20,17120,120,307.46,18
550803,2011-04-20,18177,121,225.05,21
550804,2011-04-20,16676,134,329.24,19
550805,2011-04-20,13162,453,548.43,22
550806,2011-04-20,14334,178,268.68,17
550811,2011-04-20,16011,78,119.1,5
550817,2011-04-20,17946,66,132.03,17
550818,2011-04-20,15912,66,141.49,13
550819,2011-04-20,17530,254,430.76,71
550820,2011-04-21,13148,101,341.58,18
550821,2011-04-21,12506,23,73.5,23
550822,2011-04-21,14001,538,1007.9,15
550823,2011-04-21,16133,1270,2210.05,26
550824,2011-04-21,18177,5,8.25,1
550826,2011-04-21,17158,210,284.76,14
550827,2011-04-21,12670,278,633.05,22
550828,2011-04-21,17315,36,110.7,12
550829,2011-04-21,17841,107,293.2,50
550830,2011-04-21,13534,66,174.15,10
550831,2011-04-21,13534,60,171.2,10
550832,2011-04-21,17588,56,397.2,10
550833,2011-04-21,15860,5,24.75,3
550834,2011-04-21,14730,87,162.02,25
550835,2011-04-21,15034,388,791.97,81
550836,2011-04-21,14759,119,572.25,35
550837,2011-04-21,15034,155,199.75,16
550838,2011-04-21,14577,60,121.11,24
550885,2011-04-21,16185,153,335.0,19
550890,2011-04-21,14711,187,526.5,30
550899,2011-04-21,13505,489,1009.69,54
550900,2011-04-21,16553,730,682.38,18
550901,2011-04-21,13389,115,257.89,18
550906,2011-04-21,14298,2460,1368.16,59
550907,2011-04-21,13798,150,306.5,2
550911,2011-04-21,12354,530,1079.4,58
550912,2011-04-21,13267,111,313.65,14
550913,2011-04-21,17631,92,302.55,21
550914,2011-04-21,17061,522,1701.5,28
550915,2011-04-21,13263,69,133.59,30
550916,2011-04-21,17718,83,139.35,6
550917,2011-04-21,17381,1848,721.439999999999,4
550918,2011-04-21,17630,112,335.5,19
550919,2011-04-21,14735,10,19.5,1
550920,2011-04-21,14735,22,110.1,3
550921,2011-04-21,14770,310,597.819999999999,35
550923,2011-04-21,13748,59,147.45,4
550924,2011-04-21,12664,153,642.0,4
550925,2011-04-21,17061,64,237.25,13
550934,2011-04-21,16163,100,415.0,1
550936,2011-04-21,13495,108,207.0,6
550937,2011-04-21,13223,48,100.8,1
550938,2011-04-21,16019,162,232.68,13
550939,2011-04-21,16146,211,385.69,19
550940,2011-04-21,18008,492,615.0,1
550941,2011-04-21,17109,227,400.64,47
550942,2011-04-21,16587,71,225.15,13
550944,2011-04-21,17109,21,63.9499999999999,6
550946,2011-04-21,12708,146,202.5,12
550949,2011-04-21,17961,19,8.97,4
550955,2011-04-21,14189,226,318.78,20
550956,2011-04-21,17179,110,245.31,39
550957,2011-04-21,18283,87,117.68,56
550958,2011-04-21,15281,137,252.23,15
550960,2011-04-21,12622,69,180.1,11
550964,2011-04-21,15856,377,504.9,16
550965,2011-04-21,16750,18,118.7,10
550967,2011-04-21,12971,36,47.3999999999999,3
550968,2011-04-21,14961,360,727.78,40
550971,2011-04-21,13482,116,184.64,11
550972,2011-04-21,14031,46,99.63,22
550973,2011-04-21,14031,394,875.79,16
550974,2011-04-21,13862,126,173.46,11
550978,2011-04-21,13983,261,305.43,18
550988,2011-04-21,14231,176,309.0,19
550989,2011-04-21,13969,159,255.69,29
550990,2011-04-21,16553,252,447.6,4
550991,2011-04-21,14060,72,153.84,3
550992,2011-04-21,14512,50,126.32,14
550993,2011-04-21,15810,280,476.8,32
550994,2011-04-21,14562,291,481.4,37
550995,2011-04-26,16722,326,451.6,17
550996,2011-04-26,16681,260,314.919999999999,8
550997,2011-04-26,17735,351,488.01,32
550998,2011-04-26,12414,113,242.8,5
550999,2011-04-26,17670,110,205.7,11
551000,2011-04-26,18172,66,159.2,7
551001,2011-04-26,13408,190,564.5,6
551002,2011-04-26,16834,358,413.46,24
551003,2011-04-26,16456,218,339.93,23
551011,2011-04-26,17090,81,187.049999999999,4
551013,2011-04-26,15108,34,191.4,11
551014,2011-04-26,13209,1703,1932.24,127
551016,2011-04-26,17975,253,765.85,28
551021,2011-04-26,13798,128,326.4,1
551028,2011-04-26,13842,99,308.73,19
551033,2011-04-26,15039,146,354.26,20
551035,2011-04-26,15065,173,632.74,24
551054,2011-04-26,12429,198,437.98,21
551055,2011-04-26,15903,292,480.36,10
551056,2011-04-26,16442,291,285.37,56
551057,2011-04-26,16942,138,285.04,41
551058,2011-04-26,14606,47,110.52,31
551059,2011-04-26,13668,213,360.03,24
551060,2011-04-26,16356,1,2.1,1
551062,2011-04-26,18092,832,884.4,6
551085,2011-04-26,14854,295,535.97,23
551088,2011-04-26,14640,179,413.45,24
551124,2011-04-26,15738,130,291.9,10
551125,2011-04-26,17277,68,348.33,17
551133,2011-04-26,16656,772,708.6,5
551134,2011-04-26,16729,459,604.73,44
551135,2011-04-26,16729,5,7.25,1
551136,2011-04-26,15301,258,501.22,32
551137,2011-04-26,15581,64,172.75,45
551138,2011-04-26,17061,36,38.16,1
551141,2011-04-26,17061,6,22.5,1
551142,2011-04-26,17613,221,426.4,55
551143,2011-04-26,13092,26,103.3,6
551144,2011-04-26,13695,72,76.32,1
551145,2011-04-26,16168,18,107.1,2
551146,2011-04-26,13199,20,59.0,1
551147,2011-04-26,14210,100,305.46,16
551148,2011-04-26,15939,1044,1265.39999999999,12
551149,2011-04-26,13184,302,231.31,8
551150,2011-04-26,18144,30,159.1,7
551151,2011-04-26,18144,24,134.4,4
551152,2011-04-26,13230,260,366.96,79
551158,2011-04-26,16823,136,358.38,38
551159,2011-04-26,16203,72,147.6,9
551160,2011-04-26,15237,670,938.92,65
551161,2011-04-26,18183,251,319.27,18
551162,2011-04-26,12901,1336,339.24,6
551163,2011-04-26,12573,84,160.54,28
551164,2011-04-26,17262,7,20.4,5
551165,2011-04-26,17262,96,81.6,1
551166,2011-04-26,17857,408,918.0,1
551170,2011-04-26,15145,187,301.8,15
551171,2011-04-26,13263,157,282.7,61
551172,2011-04-26,17854,64,111.76,12
551181,2011-04-27,13089,186,600.899999999999,5
551182,2011-04-27,14282,128,107.28,8
551183,2011-04-27,17692,114,169.5,7
551184,2011-04-27,18220,288,305.28,2
551185,2011-04-27,16103,40,330.0,6
551186,2011-04-27,17857,60,25.2,1
551187,2011-04-27,14911,163,362.9,5
551188,2011-04-27,15898,118,312.6,3
551189,2011-04-27,16029,500,870.0,4
551191,2011-04-27,16698,320,816.0,1
551192,2011-04-27,16188,368,414.12,30
551193,2011-04-27,17954,150,228.15,37
551194,2011-04-27,14606,77,114.84,18
551197,2011-04-27,14078,68,166.4,10
551198,2011-04-27,13694,560,347.68,8
551199,2011-04-27,13018,348,373.44,24
551200,2011-04-27,17069,6,13.5,4
551202,2011-04-27,17436,48,122.399999999999,4
551211,2011-04-27,13113,91,443.25,6
551218,2011-04-27,18077,126,167.92,20
551234,2011-04-27,17450,184,476.4,3
551247,2011-04-27,15640,131,316.85,10
551250,2011-04-27,17841,188,261.24,63
551258,2011-04-27,12621,468,1209.8,34
551259,2011-04-27,17949,150,1642.5,1
551262,2011-04-27,14527,55,117.66,10
551268,2011-04-27,16965,291,201.19,26
551269,2011-04-27,12840,493,854.069999999999,50
551270,2011-04-27,15891,442,524.52,62
551271,2011-04-27,17187,144,203.95,10
551272,2011-04-27,17530,12,29.88,1
551273,2011-04-27,14051,208,665.52,11
551274,2011-04-27,14235,280,414.24,17
551275,2011-04-27,13285,320,506.38,30
551276,2011-04-27,16016,89,219.01,34
551277,2011-04-27,13637,215,422.6,64
551278,2011-04-27,12483,109,323.0,12
551279,2011-04-27,16013,240,172.799999999999,1
551280,2011-04-27,16016,18,89.1,7
551281,2011-04-27,13571,91,126.74,16
551282,2011-04-27,16919,116,223.33,31
551283,2011-04-27,16755,491,592.41,67
551284,2011-04-27,15005,163,253.94,47
551286,2011-04-27,13767,106,397.02,8
551287,2011-04-27,17961,20,15.4,3
551288,2011-04-27,13767,4,31.8,1
551289,2011-04-27,18226,482,720.92,20
551290,2011-04-27,13854,50,207.5,1
551291,2011-04-27,14298,3103,1502.78,47
551292,2011-04-27,14298,362,431.74,9
551293,2011-04-27,14298,618,428.64,28
551294,2011-04-27,13468,94,154.66,8
551299,2011-04-27,17530,4,15.0,1
551301,2011-04-27,17675,386,1007.4,31
551305,2011-04-27,16145,458,337.36,23
551314,2011-04-27,16333,2936,1292.96,5
551315,2011-04-27,17725,152,304.16,15
551332,2011-04-27,13078,165,450.45,13
551334,2011-04-27,17991,2,5.9,2
551337,2011-04-27,16418,87,145.91,18
551338,2011-04-27,15581,3,5.11,2
551341,2011-04-28,15189,223,459.45,6
551342,2011-04-28,16099,206,318.3,19
551343,2011-04-28,16187,46,200.2,7
551344,2011-04-28,16187,266,433.7,12
551345,2011-04-28,14646,432,692.36,9
551346,2011-04-28,12362,275,495.24,29
551347,2011-04-28,15768,101,354.349999999999,10
551349,2011-04-28,14740,224,371.4,25
551350,2011-04-28,16672,96,438.0,8
551351,2011-04-28,14298,4476,4390.56,128
551352,2011-04-28,16637,140,303.62,16
551383,2011-04-28,17460,53,119.9,6
551384,2011-04-28,15223,98,454.9,8
551385,2011-04-28,16814,135,390.85,25
551387,2011-04-28,14240,79,226.85,10
551389,2011-04-28,12437,147,209.1,8
551390,2011-04-28,15143,150,259.45,14
551391,2011-04-28,15514,152,385.2,15
551392,2011-04-28,13229,63,160.95,10
551393,2011-04-28,14973,51,654.6,5
551395,2011-04-28,14271,88,112.32,10
551396,2011-04-28,17720,178,430.38,16
551397,2011-04-28,15952,123,232.65,14
551398,2011-04-28,12417,267,436.3,23
551399,2011-04-28,17874,123,371.29,30
551400,2011-04-28,17160,382,593.16,32
551401,2011-04-28,17874,4,6.0,2
551412,2011-04-28,15508,111,207.05,20
551413,2011-04-28,16227,90,314.22,6
551414,2011-04-28,15622,867,1537.2,85
551415,2011-04-28,15622,24,78.6,3
551416,2011-04-28,17874,4,23.8,1
551417,2011-04-28,15632,333,547.27,29
551418,2011-04-28,17893,161,112.25,16
551419,2011-04-28,12748,1,400.0,1
551420,2011-04-28,17068,154,385.5,17
551421,2011-04-28,14077,20,82.5,6
551424,2011-04-28,12748,1,16.95,1
551426,2011-04-28,14022,487,440.0,28
551427,2011-04-28,14735,36,142.52,6
551428,2011-04-28,13499,144,305.56,12
551436,2011-04-28,16904,64,222.47,35
551437,2011-04-28,13725,76,152.799999999999,11
551438,2011-04-28,13408,588,453.2,11
551439,2011-04-28,14758,102,327.719999999999,16
551440,2011-04-28,15311,86,173.43,60
551445,2011-04-28,17991,23,87.45,3
551462,2011-04-28,15210,228,331.18,20
551467,2011-04-28,12600,85,286.88,8
551469,2011-04-28,18037,6,15.27,6
551470,2011-04-28,16782,44,112.96,7
551471,2011-04-28,16370,169,275.54,63
551501,2011-04-28,16422,344,354.72,5
551507,2011-04-28,18272,276,340.72,22
551514,2011-04-28,17874,20,94.45,3
551515,2011-05-01,15606,104,320.88,7
551516,2011-05-01,14800,462,800.01,68
551517,2011-05-01,16931,136,204.24,48
551518,2011-05-01,15708,146,443.85,30
551519,2011-05-01,14304,139,383.45,17
551520,2011-05-01,13301,94,153.86,21
551523,2011-05-01,16634,18,53.1,1
551524,2011-05-01,16401,431,477.09,24
551525,2011-05-01,14667,274,439.85,21
551527,2011-05-01,14395,149,388.21,33
551528,2011-05-01,12841,47,116.09,8
551529,2011-05-01,12524,647,1094.33,33
551530,2011-05-01,12748,1,2.1,1
551531,2011-05-01,15376,375,654.17,59
551532,2011-05-01,16554,128,313.26,20
551533,2011-05-01,15407,77,164.86,38
551534,2011-05-01,14655,522,810.56,14
551535,2011-05-01,17615,69,153.75,5
551539,2011-05-03,12598,368,528.88,20
551542,2011-05-03,14732,156,306.5,17
551543,2011-05-03,16055,22,134.8,8
551544,2011-05-03,12683,354,692.84,21
551545,2011-05-03,12683,6,24.9,1
551546,2011-05-03,18062,172,316.12,15
551548,2011-05-03,14149,218,446.62,28
551549,2011-05-03,17501,151,248.25,15
551550,2011-05-03,17501,9,40.35,3
551552,2011-05-03,12598,2,36.0,1
551555,2011-05-03,17315,125,108.87,3
551556,2011-05-03,14191,113,150.32,10
551558,2011-05-03,17841,152,327.71,81
551559,2011-05-03,16133,422,612.16,6
551560,2011-05-03,16133,402,820.74,10
551561,2011-05-03,17422,128,306.82,17
551562,2011-05-03,13026,192,159.359999999999,1
551563,2011-05-03,16210,374,1102.86,5
551564,2011-05-03,16609,226,534.65,33
551566,2011-05-03,13113,133,609.5,4
551576,2011-05-03,17857,60,21.5999999999999,1
551584,2011-05-03,15620,205,450.52,29
551595,2011-05-03,12891,600,204.0,1
551599,2011-05-03,15696,87,312.49,17
551603,2011-05-03,16745,237,467.7,24
551616,2011-05-03,15048,90,157.75,38
551617,2011-05-03,16013,192,489.599999999999,1
551618,2011-05-03,16013,158,626.1,3
551623,2011-05-03,12843,99,214.15,11
551647,2011-05-03,13089,36,62.28,4
551649,2011-05-03,12643,122,202.48,4
551650,2011-05-03,13089,616,1110.72,54
551651,2011-05-03,14800,10,8.5,1
551652,2011-05-03,12643,194,338.24,5
551653,2011-05-03,13282,84,344.7,14
551654,2011-05-03,16837,18,195.1,2
551655,2011-05-03,17757,79,115.95,20
551656,2011-05-03,14911,297,619.2,37
551657,2011-05-03,14911,235,545.01,31
551658,2011-05-03,16746,307,481.64,29
551660,2011-05-03,15271,54,106.66,6
551661,2011-05-03,15656,11,63.91,4
551662,2011-05-03,16210,123,311.13,8
551665,2011-05-03,17442,230,374.0,22
551686,2011-05-03,13668,338,478.51,21
551687,2011-05-03,14135,468,309.35,13
551688,2011-05-03,14107,179,299.81,13
551693,2011-05-03,15582,255,303.61,22
551696,2011-05-03,14110,402,797.26,29
551697,2011-05-03,16029,1,8142.75,1
551698,2011-05-03,13694,645,1132.95,8
551702,2011-05-03,13014,135,494.849999999999,15
551713,2011-05-03,16230,195,275.93,19
551714,2011-05-03,16806,80,173.079999999999,16
551715,2011-05-03,13102,203,337.38,19
551717,2011-05-03,13263,129,257.86,57
551720,2011-05-03,18146,27,76.65,4
551721,2011-05-03,14711,95,288.75,32
551724,2011-05-03,15976,125,209.99,50
551725,2011-05-04,13798,260,565.0,4
551726,2011-05-04,13798,288,593.52,5
551727,2011-05-04,14245,345,688.35,41
551728,2011-05-04,12720,110,133.6,8
551729,2011-05-04,12720,10,20.8,1
551730,2011-05-04,16539,66,306.36,8
551731,2011-05-04,14307,311,424.42,28
551733,2011-05-04,13012,146,313.62,15
551734,2011-05-04,18178,409,465.99,33
551736,2011-05-04,17443,504,534.24,1
551739,2011-05-04,18118,69,141.94,43
551747,2011-05-04,14298,4760,2805.27999999999,58
551774,2011-05-04,14606,50,109.38,29
551775,2011-05-04,12886,416,775.0,47
551776,2011-05-04,13268,226,250.04,40
551791,2011-05-04,13220,96,476.29,15
551809,2011-05-04,17511,1498,3566.14,28
551810,2011-05-04,15719,123,231.27,43
551811,2011-05-04,15039,249,756.73,33
551812,2011-05-04,15527,182,319.74,20
551813,2011-05-04,18065,70,224.78,13
551814,2011-05-04,18065,34,95.8,6
551815,2011-05-04,18065,34,77.1,4
551816,2011-05-04,15906,117,271.83,32
551817,2011-05-04,17974,87,172.77,21
551818,2011-05-04,12569,146,238.74,8
551819,2011-05-04,14739,374,364.18,6
551820,2011-05-04,12645,240,429.6,20
551821,2011-05-04,16942,101,270.02,27
551822,2011-05-04,13524,100,159.2,9
551823,2011-05-04,17955,46,261.95,11
551824,2011-05-04,15128,360,483.7,33
551825,2011-05-04,16942,4,22.9,2
551826,2011-05-04,17955,20,8.4,2
551832,2011-05-04,15987,24,9.36,1
551833,2011-05-04,16779,324,500.09,20
551834,2011-05-04,16610,66,75.66,6
551835,2011-05-04,17646,128,411.54,24
551836,2011-05-04,17394,241,203.869999999999,4
551839,2011-05-04,15311,176,453.02,5
551840,2011-05-04,15144,302,1030.7,16
551842,2011-05-04,16678,186,223.22,13
551843,2011-05-04,16094,164,252.1,16
551844,2011-05-04,14173,40,114.04,11
551845,2011-05-04,17961,10,17.14,8
551846,2011-05-04,13047,176,419.0,19
551849,2011-05-04,16258,372,1032.46,35
551850,2011-05-04,13731,112,302.47,18
551851,2011-05-04,17511,200,997.5,2
551852,2011-05-04,14948,72,278.4,13
551854,2011-05-04,13576,80,302.88,4
551855,2011-05-04,12836,443,814.71,62
551856,2011-05-04,15027,264,312.719999999999,6
551857,2011-05-04,13037,136,326.9,18
551858,2011-05-04,18041,98,128.01,16
551859,2011-05-04,14336,301,230.03,14
551860,2011-05-04,15508,32,110.64,16
551862,2011-05-04,17384,43,227.65,3
551868,2011-05-04,12540,747,1380.11,41
551869,2011-05-04,16767,537,418.2,31
551870,2011-05-04,17811,132,194.3,14
551872,2011-05-04,12955,124,206.6,10
551874,2011-05-05,16422,222,385.14,4
551875,2011-05-05,17061,196,484.12,2
551876,2011-05-05,14867,136,313.4,16
551877,2011-05-05,16990,100,179.0,1
551878,2011-05-05,15129,30,119.7,2
551879,2011-05-05,13831,78,311.299999999999,3
551880,2011-05-05,17374,56,303.82,16
551881,2011-05-05,13784,556,346.08,6
551882,2011-05-05,13873,37,108.95,7
551883,2011-05-05,13762,272,306.72,7
551884,2011-05-05,16109,528,296.88,15
551885,2011-05-05,16700,447,378.24,25
551886,2011-05-05,12569,49,129.18,7
551887,2011-05-05,12593,100,236.0,11
551888,2011-05-05,15304,4,51.0,1
551889,2011-05-05,18198,248,306.72,11
551890,2011-05-05,14340,58,134.7,6
551891,2011-05-05,17429,256,186.86,17
551893,2011-05-05,17675,222,464.3,16
551894,2011-05-05,12971,39,64.95,3
551895,2011-05-05,12877,28,89.4,2
551896,2011-05-05,13711,122,170.96,9
551897,2011-05-05,13711,18,81.1,4
551902,2011-05-05,17512,168,99.6,2
551907,2011-05-05,16027,149,116.95,3
551944,2011-05-05,14553,51,110.38,16
551945,2011-05-05,16714,1,15.0,1
551946,2011-05-05,18229,44,307.0,3
551950,2011-05-05,14911,193,366.86,23
551951,2011-05-05,18094,1200,633.0,3
551952,2011-05-05,15838,194,494.7,2
551953,2011-05-05,13448,388,593.72,37
551954,2011-05-05,14515,177,425.4,16
551955,2011-05-05,13199,420,321.48,2
551956,2011-05-05,15021,110,277.97,44
551957,2011-05-05,16949,66,303.54,8
551958,2011-05-05,13883,200,263.24,22
551959,2011-05-05,13883,55,112.63,7
551960,2011-05-05,18239,197,466.71,26
551961,2011-05-05,13883,192,386.5,19
551962,2011-05-05,17955,15,123.75,5
551963,2011-05-05,13266,258,305.9,16
551966,2011-05-05,15356,225,369.95,64
551967,2011-05-05,16457,140,208.36,9
551976,2011-05-05,15061,232,809.4,5
551977,2011-05-05,15061,124,225.6,3
551978,2011-05-05,17527,57,292.11,7
551979,2011-05-05,14199,28,185.399999999999,2
551980,2011-05-05,17849,35,109.25,4
551981,2011-05-05,13694,352,897.599999999999,3
551982,2011-05-05,15023,631,1051.99,103
551983,2011-05-05,17735,335,562.29,34
551984,2011-05-05,15841,234,281.66,17
551985,2011-05-05,12395,72,149.97,11
551986,2011-05-05,13888,78,239.52,20
551987,2011-05-05,15005,152,250.47,43
551988,2011-05-05,12576,116,154.8,11
551989,2011-05-05,14423,120,265.2,3
551990,2011-05-05,15759,8,68.0,1
551991,2011-05-05,14697,74,89.3999999999999,10
551992,2011-05-05,12747,116,442.96,9
551993,2011-05-05,14697,107,99.21,12
551994,2011-05-05,12868,276,437.52,29
551996,2011-05-05,16628,192,352.26,17
551998,2011-05-05,14099,235,258.6,23
552004,2011-05-05,17522,120,147.44,10
552005,2011-05-05,15491,376,622.47,30
552007,2011-05-05,13269,188,310.78,16
552008,2011-05-05,12476,20,311.2,3
552010,2011-05-05,14713,196,292.42,43
552011,2011-05-05,13867,31,138.85,8
552013,2011-05-05,12451,1771,2388.31,94
552018,2011-05-05,16817,72,217.8,10
552023,2011-05-05,17624,312,400.3,25
552025,2011-05-05,13969,233,378.95,31
552026,2011-05-05,17940,432,108.0,1
552028,2011-05-05,13969,37,64.06,4
552032,2011-05-05,14393,13,67.95,5
552033,2011-05-05,14776,236,214.56,8
552034,2011-05-05,17578,138,143.459999999999,5
552036,2011-05-05,12748,81,211.15,22
552037,2011-05-05,13450,156,240.6,8
552038,2011-05-06,14156,1694,3869.18,20
552039,2011-05-06,13081,3253,4655.85,176
552040,2011-05-06,12502,88,522.6,15
552041,2011-05-06,14273,55,105.9,6
552042,2011-05-06,13952,545,1208.31,44
552044,2011-05-06,17423,314,449.42,11
552045,2011-05-06,18241,241,365.83,24
552046,2011-05-06,15235,187,370.77,24
552048,2011-05-06,17809,100,519.0,2
552051,2011-05-06,14796,349,415.02,60
552053,2011-05-06,16153,96,186.9,12
552054,2011-05-06,15062,276,353.06,21
552055,2011-05-06,16353,240,327.96,15
552056,2011-05-06,16353,72,356.4,1
552057,2011-05-06,17504,208,251.75,13
552058,2011-05-06,15218,372,647.75,17
552059,2011-05-06,17470,282,140.579999999999,11
552060,2011-05-06,15668,72,76.32,1
552061,2011-05-06,13001,696,1264.08,47
552062,2011-05-06,13117,122,95.56,10
552064,2011-05-06,15874,36,118.3,14
552065,2011-05-06,16729,88,190.54,20
552078,2011-05-06,16748,160,300.4,15
552080,2011-05-06,16319,72,404.4,3
552108,2011-05-06,17841,152,289.82,50
552121,2011-05-06,15757,167,261.36,16
552127,2011-05-06,17174,41,59.9,4
552134,2011-05-06,14944,272,550.12,16
552135,2011-05-06,14944,24,19.9199999999999,1
552139,2011-05-06,14659,86,162.24,19
552149,2011-05-06,13365,404,700.6,39
552166,2011-05-06,13475,308,371.96,24
552167,2011-05-06,18227,21,93.75,5
552168,2011-05-06,13880,142,226.9,11
552169,2011-05-06,17800,55,115.15,7
552170,2011-05-06,16458,122,216.3,13
552171,2011-05-06,14145,228,1128.6,4
552172,2011-05-06,16308,2000,640.0,1
552174,2011-05-06,15144,24,15.6,1
552176,2011-05-06,17516,94,127.38,25
552179,2011-05-06,16919,44,116.49,10
552180,2011-05-06,18235,332,430.46,29
552181,2011-05-06,17381,820,1484.4,9
552182,2011-05-06,14180,27,195.149999999999,9
552183,2011-05-06,17604,115,173.12,36
552184,2011-05-06,13741,76,162.96,8
552185,2011-05-06,12921,292,464.01,25
552186,2011-05-06,12921,326,483.02,21
552188,2011-05-06,12394,182,381.08,21
552189,2011-05-06,12748,24,10.08,1
552191,2011-05-06,16832,20,58.9,6
552192,2011-05-06,15258,78,315.66,16
552193,2011-05-06,15114,240,243.519999999999,16
552195,2011-05-06,13089,34,204.299999999999,3
552196,2011-05-06,18078,45,138.19,8
552197,2011-05-06,13743,264,211.44,7
552198,2011-05-06,15552,60,90.12,17
552202,2011-05-06,12414,42,165.85,6
552211,2011-05-06,12709,224,246.079999999999,9
552217,2011-05-06,18170,119,304.21,11
552231,2011-05-06,17364,312,628.85,44
552233,2011-05-06,17068,25,112.05,3
552235,2011-05-06,15194,197,313.3,13
552236,2011-05-06,16525,162,529.7,8
552238,2011-05-06,14403,129,185.31,3
552239,2011-05-06,14056,172,367.52,44
552240,2011-05-06,13723,43,199.85,6
552242,2011-05-06,12748,15,62.6799999999999,9
552243,2011-05-06,12748,19,84.49,18
552244,2011-05-06,12748,17,29.89,14
552245,2011-05-06,12748,14,108.87,13
552246,2011-05-06,12748,9,19.72,8
552247,2011-05-06,12748,14,21.39,11
552248,2011-05-06,12748,3,7.15,3
552249,2011-05-06,12748,18,35.97,11
552250,2011-05-06,12748,2,3.3,2
552251,2011-05-06,12748,14,22.14,8
552252,2011-05-08,15227,208,251.75,13
552253,2011-05-08,14201,74,187.98,6
552254,2011-05-08,16168,76,158.26,6
552255,2011-05-08,14005,240,187.16,14
552256,2011-05-08,16621,95,327.85,12
552257,2011-05-08,16923,204,386.72,27
552259,2011-05-08,15796,92,253.47,25
552260,2011-05-08,17002,156,480.46,13
552261,2011-05-08,16807,168,280.6,15
552262,2011-05-08,14911,446,862.53,49
552263,2011-05-08,15561,51,265.75,7
552264,2011-05-08,14959,204,243.72,23
552265,2011-05-08,14161,187,564.33,57
552266,2011-05-08,13975,117,282.85,11
552267,2011-05-08,15038,21,117.33,20
552268,2011-05-08,14709,290,426.84,17
552269,2011-05-08,16121,142,287.89,74
552270,2011-05-08,16928,49,105.55,13
552271,2011-05-08,13069,58,150.35,16
552272,2011-05-08,13694,746,1128.94,7
552273,2011-05-08,13021,198,348.3,16
552274,2011-05-08,16523,100,236.1,9
552275,2011-05-08,16523,4,59.8,1
552276,2011-05-08,18142,292,282.48,9
552277,2011-05-08,13642,173,354.8,66
552278,2011-05-08,15059,98,199.11,41
552279,2011-05-08,15117,670,312.4,8
552280,2011-05-08,13561,83,141.859999999999,14
552281,2011-05-08,15704,407,938.85,47
552282,2011-05-08,14040,151,364.23,38
552283,2011-05-08,13468,36,109.8,5
552284,2011-05-08,18149,178,321.9,5
552285,2011-05-08,14684,225,350.9,145
552286,2011-05-08,16393,105,205.37,26
552287,2011-05-08,17705,65,107.0,7
552288,2011-05-08,13313,160,302.44,14
552289,2011-05-08,17869,5,5.55,2
552290,2011-05-08,16007,420,369.75,79
552291,2011-05-08,15421,183,406.1,23
552292,2011-05-08,15421,22,38.2,2
552293,2011-05-08,16232,110,173.12,11
552294,2011-05-08,16232,121,193.35,8
552295,2011-05-08,14224,131,251.019999999999,41
552296,2011-05-08,15518,283,356.92,43
552297,2011-05-08,15092,19,134.65,7
552298,2011-05-08,14507,64,236.46,16
552299,2011-05-08,15827,17,114.05,8
552302,2011-05-08,14606,59,97.09,26
552303,2011-05-08,14341,150,247.77,15
552304,2011-05-08,12748,138,183.299999999999,28
552305,2011-05-08,14341,65,119.75,7
552306,2011-05-08,13911,157,283.99,18
552307,2011-05-08,12748,20,95.85,16
552308,2011-05-08,17410,100,302.4,15
552309,2011-05-08,13835,157,328.45,21
552310,2011-05-08,17323,138,155.68,38
552311,2011-05-08,15312,163,318.159999999999,13
552312,2011-05-08,13427,130,214.5,9
552313,2011-05-08,13139,248,760.52,29
552314,2011-05-08,14353,64,90.6,6
552315,2011-05-08,12700,779,1092.43,62
552316,2011-05-08,15674,229,334.71,21
552318,2011-05-08,17231,161,377.36,60
552319,2011-05-09,13003,31,59.05,4
552320,2011-05-09,13985,124,247.799999999999,13
552321,2011-05-09,17049,194,368.26,18
552322,2011-05-09,17049,108,289.0,15
552323,2011-05-09,16756,106,239.4,13
552324,2011-05-09,16672,386,681.5,14
552325,2011-05-09,12490,164,331.5,17
552326,2011-05-09,15596,109,309.19,16
552327,2011-05-09,17007,93,137.95,6
552328,2011-05-09,14188,190,362.9,11
552329,2011-05-09,13492,114,315.3,15
552330,2011-05-09,12948,120,357.3,20
552332,2011-05-09,13908,209,335.11,24
552333,2011-05-09,15039,221,553.35,34
552336,2011-05-09,15159,147,399.15,17
552337,2011-05-09,12621,380,667.11,33
552340,2011-05-09,17949,60,417.0,1
552341,2011-05-09,17949,96,816.0,1
552342,2011-05-09,17949,120,738.0,2
552353,2011-05-09,17612,309,360.29,29
552357,2011-05-09,18219,86,227.62,13
552358,2011-05-09,15673,466,815.78,46
552364,2011-05-09,13004,424,404.2,30
552365,2011-05-09,16440,115,272.46,35
552371,2011-05-09,17629,110,101.179999999999,13
552372,2011-05-09,13394,293,301.15,19
552376,2011-05-09,16326,19,109.05,13
552404,2011-05-09,15932,262,305.02,13
552410,2011-05-09,14527,31,118.49,18
552418,2011-05-09,13971,242,331.7,18
552441,2011-05-09,16359,83,160.65,6
552442,2011-05-09,14667,102,342.78,26
552444,2011-05-09,17634,63,172.18,25
552445,2011-05-09,16839,351,667.61,17
552446,2011-05-09,16729,285,351.83,37
552447,2011-05-09,16729,5,37.5,1
552448,2011-05-09,18120,31,111.15,17
552449,2011-05-09,12355,240,459.4,13
552450,2011-05-09,13798,650,967.52,8
552451,2011-05-09,14543,78,352.54,6
552452,2011-05-09,13752,108,148.08,15
552453,2011-05-09,12840,370,723.9,24
552454,2011-05-09,18172,256,652.8,2
552456,2011-05-09,13999,262,335.64,24
552457,2011-05-09,16477,217,376.3,25
552460,2011-05-09,13178,316,719.8,35
552461,2011-05-09,17723,84,331.8,4
552463,2011-05-09,14699,77,109.13,8
552464,2011-05-09,12726,333,223.4,10
552465,2011-05-09,16242,79,181.54,21
552466,2011-05-09,13458,421,443.659999999999,21
552467,2011-05-09,15249,260,485.76,19
552468,2011-05-09,13141,347,360.18,28
552469,2011-05-09,12867,594,451.25,71
552472,2011-05-09,16503,108,251.6,16
552479,2011-05-09,12821,70,92.72,6
552491,2011-05-09,17033,66,300.299999999999,6
552492,2011-05-09,12888,24,81.36,1
552521,2011-05-09,16668,48,71.82,5
552523,2011-05-09,15797,200,330.0,1
552526,2011-05-09,17576,89,147.15,17
552528,2011-05-09,17218,110,172.95,19
552529,2011-05-09,14541,26,38.3,2
552530,2011-05-10,13055,252,344.86,22
552531,2011-05-10,13742,89,298.43,10
552532,2011-05-10,15615,279,521.49,24
552533,2011-05-10,13767,217,456.55,13
552536,2011-05-10,14209,154,314.6,18
552537,2011-05-10,17315,146,111.03,11
552538,2011-05-10,13692,1,14.95,1
552542,2011-05-10,16841,232,319.12,18
552543,2011-05-10,12399,494,480.9,22
552544,2011-05-10,13320,320,319.81,24
552545,2011-05-10,13320,106,188.8,12
552547,2011-05-10,13098,590,1077.4,33
552548,2011-05-10,16357,22,137.9,7
552549,2011-05-10,15674,1,334.71,1
552550,2011-05-10,13881,1006,1560.34,17
552551,2011-05-10,15433,118,160.66,11
552554,2011-05-10,12843,152,319.51,33
552555,2011-05-10,18242,118,314.26,9
552557,2011-05-10,16696,90,404.7,6
552558,2011-05-10,14766,203,357.15,22
552559,2011-05-10,15865,178,313.93,16
552560,2011-05-10,17581,364,791.33,30
552561,2011-05-10,17581,9,44.55,1
552562,2011-05-10,17581,158,323.7,15
552563,2011-05-10,17597,1176,2044.37,55
552565,2011-05-10,15381,9,314.55,1
552566,2011-05-10,13694,400,716.0,2
552567,2011-05-10,12971,28,77.1999999999999,3
552571,2011-05-10,14688,199,340.05,20
552572,2011-05-10,14680,1558,2944.7,21
552573,2011-05-10,16306,22,37.8,3
552574,2011-05-10,15311,2023,2764.29,44
552575,2011-05-10,14397,184,165.44,11
552576,2011-05-10,13242,20,41.6,2
552577,2011-05-10,13242,30,62.4,3
552614,2011-05-10,14849,387,562.54,31
552624,2011-05-10,14505,222,647.76,65
552631,2011-05-10,12684,460,489.1,30
552638,2011-05-10,17700,180,522.96,28
552639,2011-05-10,15134,113,129.35,8
552640,2011-05-10,17841,126,186.91,57
552641,2011-05-10,16525,518,653.98,11
552642,2011-05-10,14288,188,426.6,16
552643,2011-05-10,16791,56,155.35,28
552644,2011-05-10,15063,56,370.799999999999,5
552645,2011-05-10,16791,8,13.52,1
552646,2011-05-10,14078,33,111.289999999999,9
552647,2011-05-10,13012,2,16.5,1
552648,2011-05-10,17581,1,195.0,1
552649,2011-05-10,12592,165,231.8,9
552651,2011-05-10,16431,249,298.88,33
552652,2011-05-10,14591,105,250.22,45
552654,2011-05-10,15756,61,125.53,48
552655,2011-05-10,14587,82,195.13,43
552656,2011-05-10,12712,148,565.25,16
552657,2011-05-10,18041,172,256.159999999999,7
552658,2011-05-10,14534,80,221.15,23
552661,2011-05-10,14051,62,300.1,5
552664,2011-05-10,14051,166,332.1,7
552669,2011-05-10,16710,142,324.76,35
552690,2011-05-10,16676,74,304.44,16
552692,2011-05-10,13990,190,311.3,16
552693,2011-05-10,12748,36,21.5999999999999,2
552694,2011-05-10,12749,262,859.1,43
552695,2011-05-10,16320,654,852.68,47
552696,2011-05-10,13592,38,95.94,6
552697,2011-05-10,13695,20,54.6,2
552699,2011-05-10,16210,140,302.28,8
552703,2011-05-10,14462,127,251.29,44
552708,2011-05-10,13487,128,215.65,13
552710,2011-05-11,13098,1015,1974.06,42
552711,2011-05-11,16143,152,361.32,20
552712,2011-05-11,17634,71,237.049999999999,13
552714,2011-05-11,17164,175,316.09,18
552715,2011-05-11,12921,146,305.26,17
552716,2011-05-11,12921,6,24.9,1
552717,2011-05-11,12483,2,8.5,1
552721,2011-05-11,14691,162,439.6,17
552723,2011-05-11,16229,92,358.2,12
552724,2011-05-11,13418,354,879.92,31
552725,2011-05-11,13418,40,72.0,4
552726,2011-05-11,14920,217,405.53,24
552727,2011-05-11,14920,292,572.24,33
552728,2011-05-11,13089,292,765.4,3
552729,2011-05-11,13089,24,39.5999999999999,2
552730,2011-05-11,16837,260,519.6,30
552731,2011-05-11,12372,368,515.7,19
552732,2011-05-11,17428,361,590.949999999999,9
552734,2011-05-11,17428,824,1160.67,26
552735,2011-05-11,17428,310,360.039999999999,8
552764,2011-05-11,17489,232,208.56,16
552769,2011-05-11,16241,88,166.66,51
552770,2011-05-11,13404,99,217.81,9
552779,2011-05-11,13013,77,194.63,9
552786,2011-05-11,16029,432,1024.8,7
552789,2011-05-11,16029,48,237.6,1
552802,2011-05-11,16115,110,166.94,25
552803,2011-05-11,14573,160,311.11,44
552804,2011-05-11,15615,159,396.77,20
552806,2011-05-11,15729,28,85.0,5
552811,2011-05-11,17677,995,1798.33,23
552813,2011-05-11,15079,107,314.47,19
552814,2011-05-11,15079,2,71.9,1
552815,2011-05-11,17677,1,16.95,1
552816,2011-05-11,15521,156,258.4,49
552817,2011-05-11,13136,276,574.46,30
552818,2011-05-11,17770,14,102.3,3
552819,2011-05-11,16652,688,1440.96,23
552820,2011-05-11,16644,751,722.41,54
552821,2011-05-11,18118,95,248.02,48
552822,2011-05-11,15521,290,428.69,38
552823,2011-05-11,14731,86,127.66,24
552824,2011-05-11,14056,312,508.63,61
552825,2011-05-11,15296,362,578.48,35
552826,2011-05-11,14277,859,1637.43,75
552827,2011-05-11,18144,178,288.7,3
552828,2011-05-11,13662,188,305.24,18
552829,2011-05-11,12748,200,465.859999999999,33
552830,2011-05-11,15187,172,431.6,9
552831,2011-05-11,13052,222,348.15,18
552833,2011-05-11,18133,1350,931.499999999999,1
552835,2011-05-11,17664,409,326.19,23
552837,2011-05-11,12901,72,140.04,5
552838,2011-05-11,15732,118,156.02,9
552839,2011-05-11,14367,280,785.79,51
552840,2011-05-11,12901,116,36.2399999999999,2
552842,2011-05-11,17888,32,56.65,6
552843,2011-05-11,14649,317,401.77,35
552844,2011-05-11,12649,204,375.0,17
552845,2011-05-11,14646,206,536.4,7
552846,2011-05-11,14646,73,288.0,2
552847,2011-05-11,14649,33,182.45,14
552848,2011-05-11,14367,21,61.95,3
552850,2011-05-11,14367,21,61.95,3
552851,2011-05-11,12731,734,1381.3,23
552852,2011-05-11,16712,215,416.45,62
552853,2011-05-11,16712,45,66.14,14
552854,2011-05-11,14748,279,300.71,19
552855,2011-05-11,15815,624,514.08,4
552859,2011-05-11,13069,258,123.52,10
552860,2011-05-11,17889,35,102.02,9
552861,2011-05-11,12748,8,27.31,4
552864,2011-05-11,13235,441,1031.07,58
552867,2011-05-12,15513,292,1105.0,25
552868,2011-05-12,15513,12,5.04,1
552869,2011-05-12,15106,302,367.75,27
552870,2011-05-12,15513,62,123.5,7
552871,2011-05-12,12693,85,228.87,12
552872,2011-05-12,16985,250,766.9,15
552873,2011-05-12,16985,14,46.0,3
552874,2011-05-12,12621,650,918.4,42
552875,2011-05-12,12621,104,186.52,6
552877,2011-05-12,14883,234,310.56,19
552878,2011-05-12,12625,703,967.2,33
552879,2011-05-12,12976,561,738.6,22
552880,2011-05-12,18245,330,340.34,29
552881,2011-05-12,18245,76,161.04,8
552882,2011-05-12,14646,924,1792.72,15
552883,2011-05-12,14646,12266,14415.74,92
552884,2011-05-12,12395,83,181.82,13
552885,2011-05-12,14646,72,270.0,1
552886,2011-05-12,16244,236,466.12,28
552887,2011-05-12,13092,16,40.8,2
552888,2011-05-12,15061,1264,2613.36,13
552890,2011-05-12,14233,97,328.15,5
552891,2011-05-12,14681,48,393.95,5
552893,2011-05-12,14421,194,455.18,15
552894,2011-05-12,14606,64,108.94,35
552904,2011-05-12,16013,428,1177.0,1
552905,2011-05-12,15974,370,656.3,35
552945,2011-05-12,15953,72,171.92,4
552946,2011-05-12,12683,106,296.53,12
552947,2011-05-12,16943,20,172.1,5
552948,2011-05-12,18136,118,311.86,14
552949,2011-05-12,16033,226,667.44,50
552950,2011-05-12,16116,248,612.78,34
552951,2011-05-12,14988,141,334.54,40
552952,2011-05-12,13837,121,157.54,10
552953,2011-05-12,16745,901,561.81,22
552954,2011-05-12,14064,222,281.659999999999,8
552955,2011-05-12,13113,90,483.4,6
552956,2011-05-12,12431,184,475.16,23
552957,2011-05-12,17404,2794,2557.88,16
552958,2011-05-12,15498,152,463.2,15
552959,2011-05-12,12748,480,474.6,12
552960,2011-05-12,18218,226,352.7,5
552961,2011-05-12,15489,220,348.26,23
552962,2011-05-12,14364,371,719.15,8
552963,2011-05-12,16743,219,270.69,27
552964,2011-05-12,16057,127,305.21,16
552965,2011-05-12,13477,147,330.63,15
552966,2011-05-12,16057,33,70.35,4
552967,2011-05-12,16006,84,101.4,8
552968,2011-05-12,16184,26,148.22,9
552969,2011-05-12,14021,98,302.8,15
552970,2011-05-12,17388,360,381.6,1
552971,2011-05-12,14738,66,140.82,6
552972,2011-05-12,16043,85,224.54,10
552973,2011-05-12,16186,236,269.88,12
552974,2011-05-12,16186,30,77.24,4
552975,2011-05-12,17932,391,589.01,42
552977,2011-05-12,18221,123,234.47,15
552978,2011-05-12,12590,4282,9341.26,67
552980,2011-05-12,12590,1,523.0,1
552988,2011-05-12,14853,34,214.5,3
552990,2011-05-12,17667,210,366.5,21
553000,2011-05-12,17667,32,62.12,4
553001,2011-05-12,17658,216,317.599999999999,9
553002,2011-05-12,13263,133,265.14,54
553003,2011-05-12,13263,12,7.8,6
553004,2011-05-12,17764,148,261.97,19
553005,2011-05-12,14651,186,416.32,60
553006,2011-05-12,15544,393,560.35,40
553007,2011-05-12,14000,710,635.66,15
553008,2011-05-12,17315,77,191.44,23
553009,2011-05-12,13601,275,373.2,42
553011,2011-05-12,14390,149,309.05,21
553012,2011-05-12,17671,121,392.549999999999,11
553014,2011-05-12,13451,416,640.01,96
553015,2011-05-12,12748,18,56.2,17
553016,2011-05-12,12748,2,7.5,1
553017,2011-05-12,12757,311,602.83,76
553018,2011-05-12,12757,1,557.72,1
553021,2011-05-12,18172,162,600.36,9
553022,2011-05-12,18172,4,59.8,1
553034,2011-05-12,17970,525,582.59,31
553035,2011-05-12,17337,277,500.9,125
553036,2011-05-13,15129,344,340.88,11
553037,2011-05-13,12471,292,774.599999999999,13
553038,2011-05-13,12471,32,106.6,5
553039,2011-05-13,16422,409,600.63,7
553040,2011-05-13,15981,84,231.4,5
553042,2011-05-13,15845,128,304.58,11
553043,2011-05-13,13953,600,750.0,1
553044,2011-05-13,12682,204,495.98,24
553045,2011-05-13,12770,743,1351.45,12
553046,2011-05-13,13534,154,314.0,16
553047,2011-05-13,13534,12,19.7999999999999,1
553048,2011-05-13,14291,348,612.08,36
553049,2011-05-13,14291,10,16.5,1
553050,2011-05-13,15498,161,344.15,19
553051,2011-05-13,15498,10,19.5,1
553052,2011-05-13,15251,730,1249.7,15
553053,2011-05-13,12857,69,304.8,12
553054,2011-05-13,17886,132,173.07,31
553055,2011-05-13,16618,132,341.52,9
553056,2011-05-13,16618,1,16.95,1
553057,2011-05-13,16161,207,407.35,21
553058,2011-05-13,17790,64,149.34,16
553059,2011-05-13,16660,96,101.76,1
553060,2011-05-13,15826,488,720.0,28
553061,2011-05-13,17238,101,262.25,41
553062,2011-05-13,13629,450,821.0,4
553063,2011-05-13,13018,170,311.3,22
553064,2011-05-13,13018,23,51.4,4
553067,2011-05-13,16871,366,1110.51,51
553074,2011-05-13,15529,425,413.37,80
553088,2011-05-13,16180,678,1147.15,39
553093,2011-05-13,13798,406,558.94,5
553095,2011-05-13,16180,236,417.4,5
553099,2011-05-13,13798,50,127.499999999999,1
553102,2011-05-13,12980,114,892.62,3
553120,2011-05-13,17139,369,850.72,29
553125,2011-05-13,17139,212,507.14,26
553129,2011-05-13,17765,60,141.3,25
553130,2011-05-13,17398,77,222.77,12
553131,2011-05-13,16401,172,212.399999999999,4
553134,2011-05-13,15382,264,568.6,34
553140,2011-05-13,15373,59,115.54,19
553141,2011-05-13,15907,157,251.18,58
553142,2011-05-13,14527,23,90.84,14
553143,2011-05-13,12695,33,89.25,6
553144,2011-05-13,17669,338,619.5,6
553145,2011-05-13,14342,102,309.6,7
553146,2011-05-13,14873,168,519.68,28
553149,2011-05-13,14226,377,726.1,18
553151,2011-05-13,13089,416,692.96,31
553152,2011-05-13,13089,169,375.45,19
553153,2011-05-13,13089,12,17.4,1
553154,2011-05-13,17061,160,384.0,4
553155,2011-05-13,13089,4,34.0,1
553156,2011-05-13,17841,174,240.73,60
553158,2011-05-13,14194,246,689.42,35
553159,2011-05-13,14194,207,383.06,23
553160,2011-05-13,14194,50,85.36,5
553161,2011-05-13,12681,268,415.28,23
553164,2011-05-13,17961,8,18.9,8
553165,2011-05-13,13623,36,147.58,15
553166,2011-05-13,17655,46,306.0,13
553168,2011-05-13,15159,112,308.3,8
553169,2011-05-13,15159,30,103.5,3
553170,2011-05-13,14676,396,223.44,3
553172,2011-05-13,14031,16,132.0,4
553173,2011-05-13,17400,64,243.75,13
553174,2011-05-15,16206,70,127.45,16
553176,2011-05-15,14689,76,112.8,13
553177,2011-05-15,13094,162,205.74,3
553178,2011-05-15,17302,91,120.27,24
553179,2011-05-15,15440,78,125.8,20
553180,2011-05-15,16466,102,212.4,19
553181,2011-05-15,16168,108,159.0,2
553182,2011-05-15,17107,1025,2423.6,104
553183,2011-05-15,16076,137,305.45,16
553184,2011-05-15,13232,123,314.26,60
553185,2011-05-15,17504,295,537.49,21
553186,2011-05-15,13183,228,388.2,8
553187,2011-05-15,16809,110,128.8,19
553188,2011-05-15,15379,100,209.18,10
553189,2011-05-15,15033,189,419.34,80
553190,2011-05-15,15164,94,194.79,40
553191,2011-05-15,13118,50,185.22,15
553192,2011-05-15,15333,344,1028.56,16
553193,2011-05-15,15081,56,136.9,9
553194,2011-05-15,16283,160,277.81,36
553195,2011-05-15,12599,141,151.4,10
553196,2011-05-15,17114,6,45.7,6
553197,2011-05-15,17263,36,63.44,23
553198,2011-05-15,13752,230,298.99,25
553199,2011-05-15,17758,245,445.29,59
553200,2011-05-15,16034,66,137.7,9
553201,2011-05-15,17758,13,25.75,4
553202,2011-05-15,15854,262,217.19,52
553203,2011-05-15,14911,139,603.78,18
553204,2011-05-15,16877,35,77.75,26
553205,2011-05-16,15813,234,533.26,11
553206,2011-05-16,14156,526,1543.0,32
553207,2011-05-16,17001,179,382.35,18
553208,2011-05-16,12674,222,586.74,17
553209,2011-05-16,13777,150,266.7,6
553210,2011-05-16,14016,543,1133.33,32
553211,2011-05-16,15358,383,439.75,27
553212,2011-05-16,15358,72,104.159999999999,6
553213,2011-05-16,13408,416,636.64,6
553214,2011-05-16,13408,298,464.1,10
553215,2011-05-16,13408,34,205.88,4
553216,2011-05-16,13408,32,132.8,1
553217,2011-05-16,13408,36,306.0,1
553218,2011-05-16,13408,30,134.1,2
553219,2011-05-16,13769,118,318.06,11
553220,2011-05-16,13319,292,732.92,31
553221,2011-05-16,16607,179,327.0,14
553223,2011-05-16,12993,28,72.4,4
553224,2011-05-16,17228,225,208.2,34
553225,2011-05-16,16912,96,283.32,11
553226,2011-05-16,16912,52,124.7,6
553227,2011-05-16,14211,28,150.4,5
553228,2011-05-16,16496,334,448.34,30
553229,2011-05-16,15039,254,496.49,37
553235,2011-05-16,13018,311,345.42,22
553239,2011-05-16,16226,108,109.32,4
553315,2011-05-16,16705,492,1203.32,18
553316,2011-05-16,12682,59,139.88,7
553317,2011-05-16,16705,108,343.44,5
553319,2011-05-16,16705,20,33.0,1
553339,2011-05-16,15125,768,1820.64,15
553340,2011-05-16,15125,572,1122.2,18
553341,2011-05-16,16293,110,307.88,18
553342,2011-05-16,16293,81,125.55,8
553343,2011-05-16,16642,131,307.73,15
553344,2011-05-16,14952,72,298.8,4
553345,2011-05-16,16729,312,533.7,34
553346,2011-05-16,17054,147,306.45,15
553347,2011-05-16,14755,203,560.27,27
553348,2011-05-16,14911,711,754.81,35
553350,2011-05-16,12871,80,132.0,4
553351,2011-05-16,18118,176,311.7,55
553352,2011-05-16,13089,86,239.48,11
553356,2011-05-16,14038,501,716.32,45
553357,2011-05-16,12684,2,30.0,1
553363,2011-05-16,13650,150,373.4,17
553368,2011-05-16,18102,1787,8895.66,17
553369,2011-05-16,15044,109,474.85,26
553371,2011-05-16,17288,204,245.88,5
553374,2011-05-16,14489,299,463.38,30
553375,2011-05-16,14911,494,1184.22,39
553377,2011-05-16,14888,184,369.2,20
553379,2011-05-16,14676,180,368.76,3
553380,2011-05-16,17190,1,195.0,1
553381,2011-05-16,13456,100,207.66,13
553382,2011-05-16,14217,96,202.24,8
553383,2011-05-16,18230,240,403.26,13
553384,2011-05-16,16899,64,177.0,25
553385,2011-05-16,16710,375,423.3,70
553386,2011-05-16,13381,330,655.24,27
553388,2011-05-16,15910,115,120.82,26
553390,2011-05-16,17841,220,466.28,93
553392,2011-05-16,16131,252,608.16,11
553402,2011-05-16,17898,124,99.84,20
553403,2011-05-17,18061,41,159.49,6
553404,2011-05-17,14952,228,392.88,16
553405,2011-05-17,14952,312,581.6,25
553406,2011-05-17,14952,50,77.5,1
553408,2011-05-17,13976,154,357.98,10
553410,2011-05-17,14320,90,125.28,8
553411,2011-05-17,12714,479,793.62,45
553412,2011-05-17,14344,26,61.5,4
553415,2011-05-17,12463,168,297.38,18
553416,2011-05-17,18198,340,422.28,3
553417,2011-05-17,13871,278,631.49,32
553418,2011-05-17,18257,192,357.4,17
553419,2011-05-17,16639,47,162.95,6
553420,2011-05-17,17519,87,306.85,12
553421,2011-05-17,16139,84,139.799999999999,6
553422,2011-05-17,16923,40,130.0,1
553423,2011-05-17,17811,90,187.42,33
553427,2011-05-17,17522,90,100.98,3
553461,2011-05-17,16316,462,680.14,46
553462,2011-05-17,17147,267,563.61,28
553463,2011-05-17,13488,471,927.45,44
553464,2011-05-17,16218,572,925.16,17
553465,2011-05-17,16218,80,116.0,1
553466,2011-05-17,17949,360,259.2,1
553467,2011-05-17,17857,150,159.0,1
553468,2011-05-17,16029,576,921.599999999999,4
553469,2011-05-17,16029,372,905.76,5
553470,2011-05-17,18102,1325,5410.05999999999,11
553471,2011-05-17,18102,330,2462.26,9
553472,2011-05-17,15093,617,793.47,16
553473,2011-05-17,18102,216,254.88,3
553474,2011-05-17,18102,144,276.48,1
553475,2011-05-17,18102,306,866.4,5
553476,2011-05-17,14221,209,551.03,23
553477,2011-05-17,14239,183,319.21,17
553484,2011-05-17,14513,162,298.6,4
553485,2011-05-17,13208,180,326.48,33
553487,2011-05-17,13246,342,564.96,36
553488,2011-05-17,18043,74,135.35,33
553489,2011-05-17,15730,314,467.43,29
553490,2011-05-17,13309,149,155.93,13
553491,2011-05-17,15624,66,127.5,8
553496,2011-05-17,14410,20,122.2,6
553497,2011-05-17,14410,14,75.8,3
553498,2011-05-17,17504,150,302.1,6
553499,2011-05-17,17504,65,210.35,5
553500,2011-05-17,17504,12,39.0,1
553501,2011-05-17,17504,2,9.9,1
553503,2011-05-17,14606,56,111.14,23
553504,2011-05-17,13310,161,407.47,25
553505,2011-05-17,12949,350,677.8,38
553506,2011-05-17,12949,20,38.6,2
553507,2011-05-17,17220,94,215.15,29
553509,2011-05-17,17220,175,194.38,27
553515,2011-05-17,17515,68,139.19,20
553520,2011-05-17,17238,40,103.83,17
553522,2011-05-17,15005,188,274.29,50
553524,2011-05-17,15570,75,247.29,32
553525,2011-05-17,16266,99,127.289999999999,8
553526,2011-05-17,16266,32,131.0,15
553527,2011-05-17,15123,509,1069.47,53
553537,2011-05-17,14032,179,303.17,17
553538,2011-05-17,15855,117,140.31,25
553540,2011-05-17,17511,2316,2649.52,47
553546,2011-05-17,12415,8268,11924.8,73
553547,2011-05-17,12474,530,760.28,38
553550,2011-05-17,13631,100,850.0,1
553551,2011-05-17,13631,20,100.0,1
553552,2011-05-17,17702,484,439.8,30
553553,2011-05-17,16156,205,447.71,20
553556,2011-05-17,17530,132,246.89,51
553559,2011-05-17,14931,1,293.0,1
553565,2011-05-18,17505,269,486.99,26
553566,2011-05-18,12690,106,389.01,16
553567,2011-05-18,13592,3,32.8499999999999,1
553570,2011-05-18,13756,141,399.21,21
553571,2011-05-18,17287,12,132.4,9
553572,2011-05-18,18223,255,591.65,29
553573,2011-05-18,16446,2,2.9,2
553574,2011-05-18,16422,1710,1373.46,15
553575,2011-05-18,18260,144,427.97,20
553576,2011-05-18,14282,394,664.0,16
553577,2011-05-18,12437,154,368.2,10
553578,2011-05-18,13767,136,356.16,10
553579,2011-05-18,13767,12,19.7999999999999,1
553585,2011-05-18,15301,311,306.909999999999,25
553607,2011-05-18,16684,4084,5176.12,25
553612,2011-05-18,17556,101,157.9,6
553614,2011-05-18,16684,180,427.8,4
553625,2011-05-18,16684,348,822.599999999999,4
553638,2011-05-18,14180,37,193.75,11
553650,2011-05-18,14731,96,123.36,6
553653,2011-05-18,16701,398,319.25,11
553654,2011-05-18,13094,162,205.74,3
553655,2011-05-18,16775,31,114.7,12
553657,2011-05-18,14583,98,174.51,64
553658,2011-05-18,16818,322,554.42,35
553660,2011-05-18,14620,141,177.43,11
553661,2011-05-18,13572,534,1384.25,33
553662,2011-05-18,14758,59,224.47,13
553663,2011-05-18,14527,96,159.65,17
553664,2011-05-18,16906,21,99.0,14
553666,2011-05-18,12679,74,112.32,2
553668,2011-05-18,13993,73,391.75,16
553670,2011-05-18,14407,282,645.5,16
553671,2011-05-18,13659,322,527.8,42
553672,2011-05-18,15811,159,397.51,25
553673,2011-05-18,16814,187,600.39,24
553674,2011-05-18,12483,37,115.6,2
553675,2011-05-18,13719,108,205.84,14
553676,2011-05-18,16553,566,647.26,9
553677,2011-05-18,16553,88,162.0,2
553678,2011-05-18,14009,223,380.91,24
553679,2011-05-18,14565,259,710.14,24
553680,2011-05-18,13258,82,224.62,15
553681,2011-05-18,15410,57,152.17,7
553682,2011-05-18,14646,412,732.4,5
553683,2011-05-18,14060,214,285.1,7
553684,2011-05-18,16389,248,550.52,10
553685,2011-05-18,18097,560,799.38,40
553686,2011-05-18,14911,636,1414.36,60
553689,2011-05-18,17389,102,370.26,7
553690,2011-05-18,17389,16,108.0,1
553691,2011-05-18,15311,438,870.92,34
553701,2011-05-18,14463,96,115.92,2
553702,2011-05-18,13263,102,167.64,40
553703,2011-05-18,13192,298,464.32,33
553706,2011-05-18,13854,174,302.64,5
553707,2011-05-18,16843,469,1026.27,30
553708,2011-05-18,16843,68,112.199999999999,3
553709,2011-05-18,13767,167,454.34,15
553710,2011-05-18,17338,98,300.05,35
553711,2011-05-18,13552,128,538.18,14
553712,2011-05-18,13552,208,540.36,11
553713,2011-05-18,13798,220,325.4,2
553714,2011-05-18,16987,47,213.05,22
553720,2011-05-18,13417,72,236.0,10
553721,2011-05-18,16570,313,569.089999999999,23
553722,2011-05-18,12999,26,59.0999999999999,4
553724,2011-05-18,17047,207,439.39,24
553725,2011-05-18,17047,145,310.04,19
553726,2011-05-18,16681,228,259.32,5
553727,2011-05-18,13531,71,178.35,7
553730,2011-05-19,16525,514,555.46,7
553731,2011-05-19,12481,429,738.96,37
553732,2011-05-19,12481,90,134.82,7
553733,2011-05-19,14735,50,92.1,5
553734,2011-05-19,14735,26,147.54,4
553735,2011-05-19,14735,20,36.0,2
553736,2011-05-19,14735,48,60.0,1
553737,2011-05-19,15116,147,479.65,15
553738,2011-05-19,17469,130,305.36,14
553739,2011-05-19,14895,361,1073.09,46
553740,2011-05-19,16647,65,127.75,9
553741,2011-05-19,12520,199,463.599999999999,25
553742,2011-05-19,16133,414,310.5,6
553747,2011-05-19,13627,242,294.73,21
553749,2011-05-19,13468,100,253.8,5
553750,2011-05-19,15660,210,358.22,21
553751,2011-05-19,15630,280,396.86,21
553752,2011-05-19,14896,95,211.55,11
553753,2011-05-19,12971,112,259.2,5
553754,2011-05-19,16175,120,194.119999999999,13
553755,2011-05-19,17457,144,367.2,1
553762,2011-05-19,18145,296,414.77,25
553765,2011-05-19,17245,75,171.45,9
553781,2011-05-19,16008,75,139.15,6
553828,2011-05-19,17865,399,862.89,30
553829,2011-05-19,16455,114,188.1,10
553830,2011-05-19,17871,182,155.9,10
553831,2011-05-19,14442,223,914.24,33
553832,2011-05-19,12957,425,384.58,27
553833,2011-05-19,17346,139,222.31,42
553834,2011-05-19,15189,162,696.099999999999,16
553835,2011-05-19,13529,30,181.1,7
553836,2011-05-19,17017,458,566.18,19
553837,2011-05-19,17017,12,24.96,1
553838,2011-05-19,12620,434,561.66,33
553839,2011-05-19,12897,46,87.7,2
553842,2011-05-19,12524,470,400.88,20
553843,2011-05-19,12553,128,352.85,19
553844,2011-05-19,13450,422,437.94,13
553845,2011-05-19,17675,216,727.0,21
553846,2011-05-19,15738,155,299.45,9
553847,2011-05-19,15738,4,16.6,1
553848,2011-05-19,17364,156,284.76,11
553850,2011-05-19,18075,50,141.54,7
553852,2011-05-19,15599,361,448.83,29
553853,2011-05-19,16782,30,129.95,8
553855,2011-05-19,15854,78,310.5,6
553856,2011-05-19,16813,151,206.25,98
553859,2011-05-19,14505,210,595.7,57
553860,2011-05-19,17841,161,184.95,53
553861,2011-05-19,13591,135,314.03,15
553863,2011-05-19,13418,293,446.82,46
553864,2011-05-19,15862,235,136.78,23
553867,2011-05-19,17306,986,451.7,4
553868,2011-05-19,16998,48,189.6,1
553869,2011-05-19,15394,304,848.78,30
553870,2011-05-19,17980,221,267.55,11
553871,2011-05-19,16998,2,7.5,1
553872,2011-05-19,13050,164,343.08,20
553873,2011-05-19,14859,209,296.86,11
553874,2011-05-19,15660,2,16.5,1
553876,2011-05-19,16463,179,319.37,19
553878,2011-05-19,14733,142,347.26,8
553879,2011-05-19,15791,558,1223.24,54
553881,2011-05-19,16966,288,318.24,6
553882,2011-05-19,16672,78,249.3,3
553883,2011-05-19,16672,48,100.8,1
553884,2011-05-19,12600,47,202.26,5
553885,2011-05-19,12601,35,140.6,6
553886,2011-05-19,15648,130,340.5,13
553887,2011-05-19,17068,74,192.3,9
553888,2011-05-19,15201,351,300.79,19
553889,2011-05-19,13405,126,397.4,19
553891,2011-05-19,16839,400,682.4,12
553892,2011-05-19,14825,44,140.7,6
553893,2011-05-19,17560,137,323.95,13
553894,2011-05-19,13658,300,933.3,32
553895,2011-05-19,15271,70,116.5,7
553896,2011-05-19,13887,147,349.55,19
553897,2011-05-19,14911,113,267.46,16
553898,2011-05-19,17389,48,141.6,1
553899,2011-05-19,14292,235,662.21,23
553900,2011-05-19,12353,20,89.0,4
553901,2011-05-19,14911,284,936.34,30
553902,2011-05-19,15809,79,121.09,9
553907,2011-05-19,14551,66,125.43,7
553908,2011-05-19,18177,158,311.3,11
553909,2011-05-19,12951,45,163.6,9
553911,2011-05-19,18168,85,191.67,25
553912,2011-05-19,15122,261,533.57,22
553913,2011-05-19,18109,292,456.57,27
553915,2011-05-19,18225,283,587.21,26
553916,2011-05-20,17166,57,127.59,10
553917,2011-05-20,17615,41,118.55,6
553918,2011-05-20,16146,156,273.44,9
553919,2011-05-20,17416,510,1005.7,27
553920,2011-05-20,15955,115,381.45,13
553921,2011-05-20,13376,165,394.0,18
553922,2011-05-20,17926,134,211.73,11
553923,2011-05-20,13266,454,279.02,12
553925,2011-05-20,15370,140,373.72,15
553926,2011-05-20,12955,20,17.0,1
553927,2011-05-20,17381,1084,784.92,4
553928,2011-05-20,12931,472,392.4,2
553929,2011-05-20,12931,72,104.399999999999,1
553930,2011-05-20,13178,218,392.4,11
553931,2011-05-20,14911,226,380.32,23
553932,2011-05-20,15768,52,124.8,8
553933,2011-05-20,15078,298,573.66,24
553934,2011-05-20,15078,22,38.2,2
553935,2011-05-20,15856,615,772.57,63
553936,2011-05-20,15078,32,71.4,4
553937,2011-05-20,14056,53,171.29,21
553938,2011-05-20,14112,38,115.6,6
553940,2011-05-20,14112,250,419.8,25
553941,2011-05-20,14334,177,370.45,21
553942,2011-05-20,18055,336,968.5,39
553946,2011-05-20,15601,333,691.54,42
553952,2011-05-20,13391,4,59.8,1
553978,2011-05-20,16182,1000,1692.0,6
553979,2011-05-20,15694,110,481.7,4
553996,2011-05-20,15220,392,346.4,20
553997,2011-05-20,12656,473,1118.39999999999,14
554000,2011-05-20,14794,147,200.459999999999,14
554003,2011-05-20,13324,256,504.0,5
554007,2011-05-20,17961,1,8.25,1
554008,2011-05-20,17455,66,131.7,8
554009,2011-05-20,12935,303,434.6,26
554013,2011-05-20,13308,519,814.95,26
554014,2011-05-20,13856,104,94.3999999999999,7
554015,2011-05-20,17644,225,400.0,27
554016,2011-05-20,13243,233,600.07,58
554018,2011-05-20,17644,34,79.3,5
554019,2011-05-20,17591,228,455.82,22
554026,2011-05-20,13324,376,648.72,6
554027,2011-05-20,15260,94,194.4,9
554028,2011-05-20,15410,240,809.92,23
554030,2011-05-20,16497,454,718.64,45
554031,2011-05-20,16497,85,144.38,8
554032,2011-05-20,13824,24,130.8,1
554033,2011-05-20,16187,338,477.86,20
554034,2011-05-20,13324,144,208.799999999999,3
554035,2011-05-20,16187,26,63.9,4
554036,2011-05-20,13767,138,288.98,11
554037,2011-05-20,12415,396,766.359999999999,4
554038,2011-05-20,12775,128,294.72,13
554039,2011-05-20,15095,705,770.5,29
554040,2011-05-20,15290,217,362.19,17
554041,2011-05-20,16226,12,15.0,1
554042,2011-05-20,15237,128,154.73,11
554043,2011-05-20,16832,8,77.75,5
554050,2011-05-20,18048,123,168.49,6
554051,2011-05-20,16696,24,118.8,1
554052,2011-05-20,18048,4,3.8,1
554053,2011-05-20,14282,140,143.6,5
554055,2011-05-20,18198,258,303.46,5
554057,2011-05-20,17867,291,578.55,4
554058,2011-05-20,17757,115,213.07,35
554059,2011-05-20,14388,356,458.94,26
554060,2011-05-20,18008,200,380.0,1
554061,2011-05-20,18008,20,17.0,1
554062,2011-05-22,13654,276,374.599999999999,20
554063,2011-05-22,13631,48,300.0,1
554064,2011-05-22,14195,24,183.6,2
554065,2011-05-22,18287,488,765.28,29
554066,2011-05-22,12916,251,815.15,21
554067,2011-05-22,18150,140,227.579999999999,14
554068,2011-05-22,16690,46,86.5,5
554069,2011-05-22,15281,215,508.11,30
554070,2011-05-22,13555,405,976.12,30
554071,2011-05-22,13113,285,1961.05,7
554072,2011-05-22,13555,463,613.93,25
554073,2011-05-22,17007,90,117.66,8
554074,2011-05-22,13230,81,184.55,13
554075,2011-05-22,16038,187,316.95,19
554076,2011-05-22,16556,210,369.76,26
554077,2011-05-22,13972,42,145.9,9
554078,2011-05-22,12971,24,40.56,1
554079,2011-05-22,14546,144,313.59,46
554080,2011-05-22,16931,184,230.609999999999,48
554081,2011-05-22,13227,99,257.7,9
554082,2011-05-22,14878,151,219.96,20
554083,2011-05-22,18125,190,212.93,47
554084,2011-05-22,12909,188,624.92,22
554085,2011-05-22,16945,94,182.6,11
554086,2011-05-22,16945,74,134.5,9
554087,2011-05-22,13946,168,276.12,5
554088,2011-05-22,16801,271,513.93,18
554089,2011-05-22,13527,199,475.19,41
554090,2011-05-22,17315,72,117.93,13
554091,2011-05-22,13657,132,152.34,9
554092,2011-05-22,17176,170,306.13,15
554093,2011-05-22,14837,338,492.26,30
554094,2011-05-22,15716,112,240.08,35
554095,2011-05-22,14682,32,20.8,1
554096,2011-05-22,14921,631,903.01,53
554097,2011-05-22,12567,234,705.21,35
554098,2011-05-22,14769,1627,2516.57,264
554099,2011-05-22,16341,534,797.65,29
554101,2011-05-22,13549,120,223.7,11
554102,2011-05-22,14647,95,243.22,30
554103,2011-05-22,15555,373,379.409999999999,76
554104,2011-05-22,12705,582,984.85,53
554105,2011-05-22,14711,111,213.06,36
554106,2011-05-22,12710,386,718.96,44
554107,2011-05-22,16249,46,205.7,5
554108,2011-05-22,13668,169,318.51,23
554109,2011-05-22,12682,64,205.5,10
554110,2011-05-22,13468,32,111.4,5
554111,2011-05-22,15724,42,114.6,6
554112,2011-05-22,17611,176,305.1,78
554113,2011-05-22,16700,215,403.23,24
554114,2011-05-22,15292,56,180.94,25
554115,2011-05-22,15938,34,92.7,3
554116,2011-05-22,14514,52,147.86,13
554117,2011-05-22,13758,832,893.37,47
554118,2011-05-22,16592,190,238.98,14
554119,2011-05-22,16592,16,53.8,2
554120,2011-05-22,16592,30,57.3,3
554121,2011-05-22,17690,71,142.65,9
554122,2011-05-22,15705,62,143.1,6
554123,2011-05-22,16818,76,171.82,10
554124,2011-05-23,13339,326,860.12,54
554125,2011-05-23,13885,159,399.15,23
554126,2011-05-23,12431,231,472.09,17
554129,2011-05-23,14189,326,306.34,16
554130,2011-05-23,17949,24,204.0,1
554131,2011-05-23,13988,343,725.02,31
554132,2011-05-23,12360,434,1083.58,45
554134,2011-05-23,12583,306,421.96,20
554135,2011-05-23,12877,44,92.92,5
554137,2011-05-23,12708,163,371.95,19
554138,2011-05-23,14239,12,35.4,1
554139,2011-05-23,14911,401,1007.75,52
554141,2011-05-23,14189,72,51.36,4
554142,2011-05-23,15288,136,471.6,12
554146,2011-05-23,13479,45,156.6,7
554147,2011-05-23,12423,161,333.82,22
554151,2011-05-23,14049,1269,2026.62999999999,143
554155,2011-05-23,12757,1,1241.98,1
554156,2011-05-23,13798,184,366.0,3
554157,2011-05-23,18283,62,99.47,44
554158,2011-05-23,15563,427,465.43,40
554159,2011-05-23,12464,14,147.0,4
554160,2011-05-23,17841,179,320.48,80
554161,2011-05-23,12464,4,34.0,2
554162,2011-05-23,16722,454,397.78,12
554163,2011-05-23,14573,52,183.26,23
554164,2011-05-23,14364,229,398.05,5
554181,2011-05-23,13078,165,486.7,20
554202,2011-05-23,13546,109,188.16,27
554207,2011-05-23,14573,1,1.95,1
554261,2011-05-23,16033,89,256.98,40
554262,2011-05-23,17715,384,326.4,1
554263,2011-05-23,12474,12,7.8,1
554264,2011-05-23,15602,84,138.2,5
554268,2011-05-23,15311,369,638.24,27
554269,2011-05-23,13223,40,62.4,4
554270,2011-05-23,15046,260,439.52,26
554271,2011-05-23,16422,1479,1733.85,14
554272,2011-05-23,12901,3863,2843.6,6
554274,2011-05-23,16266,19,113.55,6
554275,2011-05-23,14903,406,686.47,91
554277,2011-05-23,12901,120,127.2,1
554278,2011-05-23,13831,157,378.69,53
554279,2011-05-23,17723,100,415.0,1
554280,2011-05-23,14817,281,529.55,29
554281,2011-05-23,18160,147,318.55,19
554282,2011-05-23,15769,848,1742.8,6
554283,2011-05-23,17686,494,1044.54,54
554284,2011-05-23,17686,16,12.64,1
554286,2011-05-23,17686,97,386.96,18
554289,2011-05-23,15434,199,306.96,12
554301,2011-05-23,12757,1,1241.98,1
554305,2011-05-23,12757,1,557.72,1
554306,2011-05-23,15734,133,578.65,11
554307,2011-05-23,12989,280,457.68,5
554309,2011-05-23,12989,144,241.2,2
554315,2011-05-23,16086,139,308.61,10
554322,2011-05-23,17512,180,109.8,4
554323,2011-05-23,16729,271,330.6,24
554324,2011-05-23,12712,31,146.8,4
554325,2011-05-23,12621,245,495.1,21
554326,2011-05-23,13737,125,339.599999999999,30
554329,2011-05-23,15796,92,379.4,11
554337,2011-05-23,17920,94,259.9,12
554347,2011-05-24,16523,459,720.4,24
554348,2011-05-24,13523,438,1695.54,66
554349,2011-05-24,14191,196,278.78,17
554350,2011-05-24,13523,25,106.75,6
554351,2011-05-24,15132,118,176.1,6
554353,2011-05-24,14258,636,1541.16,15
554354,2011-05-24,15987,62,39.9,2
554355,2011-05-24,16992,128,249.55,15
554356,2011-05-24,12670,210,393.34,13
554357,2011-05-24,15987,906,353.34,1
554358,2011-05-24,17450,828,2825.39999999999,2
554359,2011-05-24,13590,207,301.55,18
554362,2011-05-24,17811,43,150.35,15
554363,2011-05-24,12647,121,293.25,15
554364,2011-05-24,16029,124,264.0,2
554365,2011-05-24,13089,350,688.06,28
554366,2011-05-24,17450,3084,9468.48,4
554367,2011-05-24,13089,159,237.15,10
554368,2011-05-24,13267,117,257.39,13
554369,2011-05-24,13267,12,9.95999999999999,1
554370,2011-05-24,13267,30,62.0999999999999,3
554371,2011-05-24,17659,451,595.29,28
554372,2011-05-24,13842,142,301.14,19
554375,2011-05-24,18044,163,245.92,17
554376,2011-05-24,15719,273,491.719999999999,79
554379,2011-05-24,14047,100,339.7,5
554380,2011-05-24,16709,104,580.36,12
554381,2011-05-24,16709,28,133.8,3
554382,2011-05-24,17365,511,610.93,67
554392,2011-05-24,14534,68,211.5,19
554415,2011-05-24,18202,298,747.24,36
554421,2011-05-24,18202,86,164.02,9
554424,2011-05-24,14527,35,138.87,14
554441,2011-05-24,13213,182,320.48,21
554465,2011-05-24,13534,170,300.8,18
554483,2011-05-24,13771,231,593.25,21
554484,2011-05-24,13854,156,302.88,4
554485,2011-05-24,18018,3,37.45,2
554487,2011-05-24,16919,68,146.5,29
554489,2011-05-24,17272,497,751.76,38
554490,2011-05-24,17058,104,236.94,14
554491,2011-05-24,14606,62,99.83,28
554492,2011-05-24,13168,46,131.43,11
554494,2011-05-24,16327,402,729.07,75
554495,2011-05-24,17961,1,3.75,1
554496,2011-05-24,18173,208,452.0,5
554497,2011-05-24,15819,392,537.5,36
554498,2011-05-24,15314,313,327.97,24
554502,2011-05-24,14289,26,124.68,6
554503,2011-05-24,14163,128,337.92,8
554504,2011-05-24,17719,130,304.4,17
554505,2011-05-24,17521,116,159.56,8
554506,2011-05-24,14083,26,15.18,2
554507,2011-05-24,15513,228,317.16,13
554508,2011-05-24,13213,24,94.8,2
554509,2011-05-24,17375,48,113.73,26
554510,2011-05-24,17389,36,336.6,5
554513,2011-05-24,14057,250,342.46,12
554515,2011-05-24,15042,30,135.93,5
554520,2011-05-24,17841,137,468.01,48
554524,2011-05-24,14738,12,17.4,1
554534,2011-05-24,16923,40,50.0,1
554542,2011-05-25,15194,260,499.08,19
554543,2011-05-25,16091,83,157.25,10
554545,2011-05-25,13102,207,219.78,13
554547,2011-05-25,13102,48,79.56,4
554549,2011-05-25,12747,145,328.349999999999,14
554552,2011-05-25,13694,1196,2044.84,8
554554,2011-05-25,13694,187,262.549999999999,3
554555,2011-05-25,12437,182,267.12,11
554556,2011-05-25,13098,597,829.63,27
554557,2011-05-25,15804,314,525.36,34
554560,2011-05-25,13317,116,424.0,21
554561,2011-05-25,13317,76,207.3,10
554570,2011-05-25,13728,35,152.35,10
554579,2011-05-25,18229,92,469.0,7
554597,2011-05-25,15140,348,326.52,9
554598,2011-05-25,13263,139,260.04,51
554603,2011-05-25,14593,39,219.769999999999,23
554617,2011-05-25,14593,79,119.82,41
554628,2011-05-25,15039,299,659.35,52
554629,2011-05-25,15882,106,135.14,6
554630,2011-05-25,13268,447,296.32,40
554631,2011-05-25,15882,6,9.89999999999999,1
554632,2011-05-25,14287,72,66.0,3
554633,2011-05-25,14287,144,17.28,1
554635,2011-05-25,13069,37,117.75,7
554636,2011-05-25,16763,319,611.85,23
554637,2011-05-25,14688,110,206.46,12
554638,2011-05-25,14810,102,196.9,28
554639,2011-05-25,17955,192,163.2,1
554640,2011-05-25,14680,396,1126.6,8
554641,2011-05-25,17770,58,123.3,2
554642,2011-05-25,14646,960,1392.0,1
554643,2011-05-25,16133,277,792.62,11
554644,2011-05-25,15311,464,714.77,29
554645,2011-05-25,17770,30,52.9,5
554646,2011-05-25,17790,40,124.25,8
554647,2011-05-25,14705,100,179.0,1
554648,2011-05-25,12562,183,444.96,21
554649,2011-05-25,16133,48,79.1999999999999,1
554650,2011-05-25,12681,377,568.74,30
554651,2011-05-25,12779,261,752.209999999999,27
554654,2011-05-25,12815,239,615.36,31
554655,2011-05-25,12924,192,367.28,6
554656,2011-05-25,17663,85,230.55,9
554658,2011-05-25,12839,286,306.88,23
554663,2011-05-25,14985,171,172.24,37
554664,2011-05-25,14397,40,76.8,3
554665,2011-05-25,14336,254,349.94,16
554666,2011-05-25,13599,180,371.3,14
554667,2011-05-25,15727,214,374.82,14
554668,2011-05-25,18226,174,317.599999999999,13
554669,2011-05-25,15203,449,480.96,36
554670,2011-05-25,18044,26,77.52,5
554671,2011-05-25,14009,142,314.7,18
554672,2011-05-25,14415,188,387.1,20
554674,2011-05-25,14522,168,278.63,7
554682,2011-05-25,14085,170,311.5,46
554684,2011-05-25,16448,78,188.89,20
554695,2011-05-25,16161,110,219.46,25
554697,2011-05-25,14584,104,220.38,29
554698,2011-05-26,16678,199,301.35,11
554699,2011-05-26,12613,194,501.83,22
554700,2011-05-26,12613,79,139.03,6
554701,2011-05-26,12974,24,144.8,8
554702,2011-05-26,15805,257,385.81,25
554703,2011-05-26,15281,18,48.1,2
554704,2011-05-26,15658,115,418.95,21
554705,2011-05-26,12910,126,364.38,5
554706,2011-05-26,12910,26,57.9,2
554707,2011-05-26,14101,476,1090.76,6
554708,2011-05-26,16449,130,291.0,17
554709,2011-05-26,15769,600,1086.0,3
554710,2011-05-26,15769,300,537.0,1
554711,2011-05-26,12654,40,123.05,8
554712,2011-05-26,16873,218,546.88,22
554713,2011-05-26,12654,34,48.0999999999999,3
554718,2011-05-26,12942,35,137.77,8
554756,2011-05-26,16837,32,75.0,3
554762,2011-05-26,16837,148,320.5,17
554765,2011-05-26,16837,131,341.6,22
554770,2011-05-26,14911,305,482.44,26
554776,2011-05-26,14911,4,5.8,1
554787,2011-05-26,16356,48,107.67,15
554788,2011-05-26,12987,108,304.3,14
554789,2011-05-26,16966,528,426.96,6
554791,2011-05-26,14911,4,5.8,1
554792,2011-05-26,12547,25,48.4,2
554794,2011-05-26,12720,186,215.519999999999,15
554795,2011-05-26,14210,108,316.8,17
554798,2011-05-26,15189,284,610.599999999999,9
554808,2011-05-26,17059,154,329.01,57
554809,2011-05-26,16838,92,196.73,11
554810,2011-05-26,14816,5,271.85,4
554812,2011-05-26,15005,171,252.329999999999,39
554813,2011-05-26,15852,38,103.21,21
554814,2011-05-26,16609,342,895.44,42
554815,2011-05-26,13798,254,589.78,4
554816,2011-05-26,17550,22,100.44,9
554817,2011-05-26,15622,68,302.8,16
554818,2011-05-26,13199,224,292.6,6
554819,2011-05-26,17550,5,10.5,5
554820,2011-05-26,15622,44,107.4,5
554821,2011-05-26,13199,52,67.88,3
554822,2011-05-26,12937,76,210.8,12
554823,2011-05-26,16624,196,426.43,21
554824,2011-05-26,15785,197,401.82,16
554825,2011-05-26,16843,163,309.41,16
554826,2011-05-26,12493,88,232.5,12
554827,2011-05-26,14646,4664,8980.88,50
554832,2011-05-26,16092,234,282.86,17
554834,2011-05-26,17416,168,327.599999999999,2
554835,2011-05-26,15241,172,201.97,14
554836,2011-05-26,13015,238,783.67,30
554837,2011-05-26,14584,79,254.42,23
554838,2011-05-26,18232,57,107.85,8
554839,2011-05-26,14056,126,374.29,50
554840,2011-05-26,12684,426,398.0,13
554842,2011-05-26,14740,251,555.71,34
554843,2011-05-26,13911,590,330.42,16
554844,2011-05-26,18073,28,63.0,3
554845,2011-05-26,17450,2140,5518.68,8
554850,2011-05-27,17739,158,388.18,6
554853,2011-05-27,16839,294,366.56,7
554854,2011-05-27,16369,199,354.45,15
554855,2011-05-27,15172,286,179.8,13
554858,2011-05-27,17042,120,222.18,13
554859,2011-05-27,14828,508,1063.84,9
554860,2011-05-27,15249,229,548.39,28
554861,2011-05-27,12633,342,716.73,38
554865,2011-05-27,14280,52,134.04,8
554866,2011-05-27,13488,291,493.27,24
554868,2011-05-27,13135,4300,3096.0,1
554869,2011-05-27,16525,408,338.28,5
554906,2011-05-27,14194,369,670.61,39
554915,2011-05-27,16133,88,325.6,5
554916,2011-05-27,17345,46,82.79,11
554917,2011-05-27,15104,417,652.8,41
554918,2011-05-27,17345,16,45.54,11
554919,2011-05-27,13225,300,537.0,3
554920,2011-05-27,16275,336,559.87,33
554921,2011-05-27,13854,56,411.599999999999,2
554922,2011-05-27,14735,110,316.1,8
554923,2011-05-27,14735,22,89.7,2
554924,2011-05-27,12748,4,12.85,2
554927,2011-05-27,16726,68,191.4,10
554929,2011-05-27,13018,313,366.87,27
554930,2011-05-27,15939,600,252.0,1
554932,2011-05-27,12999,6,76.5,1
554933,2011-05-27,13232,173,260.21,40
554934,2011-05-27,12971,18,65.9,3
554935,2011-05-27,14338,334,579.97,30
554936,2011-05-27,12971,84,100.199999999999,3
554937,2011-05-27,15402,431,440.99,28
554938,2011-05-27,12876,651,726.43,34
554939,2011-05-27,15311,328,373.039999999999,18
554940,2011-05-27,12494,157,403.09,21
554941,2011-05-27,16016,58,127.19,16
554942,2011-05-27,17841,111,157.579999999999,42
554943,2011-05-27,13798,258,556.3,4
554944,2011-05-27,18073,168,178.08,2
554946,2011-05-27,18242,290,379.82,17
554947,2011-05-27,12748,97,100.48,3
554948,2011-05-27,14447,177,336.03,24
554949,2011-05-27,14092,130,327.66,15
554950,2011-05-27,14227,448,797.48,46
554951,2011-05-27,16323,50,207.5,1
554952,2011-05-27,14227,30,81.0,2
554953,2011-05-27,14227,12,17.4,1
554954,2011-05-27,14227,87,179.67,9
554955,2011-05-27,17412,56,120.7,6
554963,2011-05-27,14625,80,314.1,19
554964,2011-05-27,15867,208,252.3,39
554965,2011-05-27,14560,17,67.15,2
554966,2011-05-27,16034,48,146.4,4
554968,2011-05-27,17961,21,94.41,14
554969,2011-05-27,14976,42,178.74,10
554974,2011-05-27,14031,337,1100.55,26
554975,2011-05-29,17819,314,843.06,10
554976,2011-05-29,15046,193,320.35,22
554977,2011-05-29,16444,61,121.0,19
554978,2011-05-29,16889,250,350.06,30
554979,2011-05-29,16931,125,161.58,37
554980,2011-05-29,17613,16,55.2,9
554981,2011-05-29,17613,210,415.04,54
554982,2011-05-29,17152,271,1155.6,4
554984,2011-05-29,17152,40,218.0,2
554985,2011-05-29,12426,258,582.73,30
554986,2011-05-29,14451,204,360.0,52
554987,2011-05-29,14823,16,68.65,14
554988,2011-05-29,15897,145,119.71,6
554989,2011-05-29,15897,116,102.34,18
554990,2011-05-29,16567,520,308.039999999999,9
554991,2011-05-29,14823,32,142.0,32
554992,2011-05-29,16686,406,382.14,76
554993,2011-05-29,17051,184,247.14,43
554994,2011-05-29,14606,72,149.01,45
554995,2011-05-29,18109,82,161.71,16
554996,2011-05-29,16407,92,194.4,16
554997,2011-05-29,16746,226,321.96,18
554998,2011-05-29,15925,93,207.15,12
554999,2011-05-29,15547,198,407.43,56
555000,2011-05-31,18232,113,263.13,16
555001,2011-05-31,16566,114,185.22,4
555002,2011-05-31,17682,180,350.12,17
555003,2011-05-31,12787,65,158.1,8
555004,2011-05-31,13549,53,105.35,7
555005,2011-05-31,16656,1240,1093.44,8
555007,2011-05-31,13694,144,208.799999999999,2
555008,2011-05-31,17061,66,382.7,2
555009,2011-05-31,17340,294,607.74,22
555010,2011-05-31,17450,144,213.12,1
555011,2011-05-31,16168,20,75.0,4
555012,2011-05-31,16814,254,420.43,27
555015,2011-05-31,16558,471,613.54,41
555016,2011-05-31,13113,258,792.5,9
555017,2011-05-31,16801,27,213.05,9
555025,2011-05-31,17648,114,474.02,26
555028,2011-05-31,17648,6,49.5,3
555070,2011-05-31,15863,2,9.2,2
555073,2011-05-31,16470,71,129.32,20
555075,2011-05-31,16013,150,382.5,1
555076,2011-05-31,13900,275,374.87,26
555077,2011-05-31,17975,44,147.48,9
555091,2011-05-31,12748,92,170.02,29
555092,2011-05-31,16483,44,139.35,19
555093,2011-05-31,12720,32,74.96,4
555094,2011-05-31,13398,281,457.34,26
555095,2011-05-31,12540,608,1306.49,47
555096,2011-05-31,12682,203,458.84,18
555097,2011-05-31,16333,96,177.6,1
555098,2011-05-31,16333,168,310.8,1
555099,2011-05-31,16333,1720,844.0,3
555101,2011-05-31,13070,110,228.8,9
555102,2011-05-31,14819,48,84.72,3
555103,2011-05-31,17454,50,104.0,5
555104,2011-05-31,17949,96,816.0,1
555106,2011-05-31,12790,166,324.92,21
555107,2011-05-31,12594,267,587.45,23
555108,2011-05-31,18231,167,671.02,48
555109,2011-05-31,16023,175,322.85,41
555110,2011-05-31,17841,160,197.55,71
555111,2011-05-31,16434,123,201.269999999999,11
555112,2011-05-31,17725,201,314.47,16
555113,2011-05-31,18190,38,113.0,6
555114,2011-05-31,13571,107,120.59,15
555116,2011-05-31,16919,173,317.3,29
555119,2011-05-31,15163,48,155.0,10
555124,2011-05-31,18204,392,549.43,93
555125,2011-05-31,13481,165,313.71,17
555127,2011-05-31,15241,294,368.1,21
555133,2011-05-31,16810,114,309.54,15
555147,2011-05-31,13505,364,906.4,42
555156,2011-06-01,15643,7,39.45,2
555157,2011-06-01,15643,63,287.45,8
555158,2011-06-01,14842,628,1378.48,76
555159,2011-06-01,15124,89,90.75,9
555160,2011-06-01,14646,1038,1799.6,13
555161,2011-06-01,12423,57,84.92,5
555162,2011-06-01,12473,557,672.189999999999,35
555164,2011-06-01,14646,1836,3623.2,13
555194,2011-06-01,16422,524,588.36,7
555195,2011-06-01,15240,245,416.28,20
555198,2011-06-01,15916,65,113.35,9
555199,2011-06-01,14606,57,109.369999999999,29
555200,2011-06-01,17315,177,262.61,13
555201,2011-06-01,16969,388,397.36,27
555202,2011-06-01,16813,66,110.55,34
555203,2011-06-01,17191,160,354.82,36
555207,2011-06-01,16818,253,421.73,24
555213,2011-06-01,13094,144,152.64,2
555232,2011-06-01,14597,118,165.1,3
555233,2011-06-01,13917,38,65.38,5
555234,2011-06-01,14515,194,340.25,14
555240,2011-06-01,15039,151,213.86,31
555241,2011-06-01,14377,95,302.45,7
555242,2011-06-01,16424,88,133.56,5
555243,2011-06-01,13475,78,153.3,7
555245,2011-06-01,14800,198,198.46,30
555247,2011-06-01,14315,128,325.8,10
555249,2011-06-01,17472,169,259.27,60
555251,2011-06-01,13062,343,346.98,11
555257,2011-06-01,17596,818,541.95,44
555259,2011-06-01,13069,44,90.6,2
555260,2011-06-01,13263,81,161.87,36
555263,2011-06-01,15192,441,422.99,25
555264,2011-06-01,17757,64,122.74,17
555266,2011-06-01,15611,12,100.6,3
555270,2011-06-01,17723,100,415.0,1
555279,2011-06-01,16348,66,127.62,28
555280,2011-06-02,17162,135,233.92,11
555281,2011-06-02,17162,6,47.75,3
555282,2011-06-02,12709,653,1225.26,42
555283,2011-06-02,17162,42,64.3,4
555284,2011-06-02,14298,3280,3056.72,105
555285,2011-06-02,14298,186,362.7,1
555286,2011-06-02,14298,36,51.0,2
555287,2011-06-02,14298,146,214.94,5
555289,2011-06-02,15078,188,345.7,14
555312,2011-06-02,16484,152,285.7,18
555340,2011-06-02,13334,514,1071.4,84
555343,2011-06-02,15918,87,192.23,18
555344,2011-06-02,15311,845,1541.98,30
555347,2011-06-02,14389,189,311.14,19
555348,2011-06-02,15184,73,235.23,20
555349,2011-06-02,16729,262,294.69,31
555350,2011-06-02,17652,388,811.36,49
555351,2011-06-02,13408,212,397.8,7
555352,2011-06-02,15838,1110,2105.98,11
555353,2011-06-02,16928,118,156.2,12
555356,2011-06-02,16672,96,352.8,4
555359,2011-06-02,18135,88,109.82,10
555363,2011-06-02,14453,49,119.93,22
555367,2011-06-02,17900,49,79.8,4
555368,2011-06-02,13437,398,1440.9,80
555381,2011-06-02,17900,24,32.4,2
555382,2011-06-02,17133,728,1437.12,5
555383,2011-06-02,12517,420,766.95,134
555385,2011-06-02,15658,2,7.5,1
555388,2011-06-02,17719,115,305.85,17
555389,2011-06-02,14543,33,233.75,3
555392,2011-06-02,14221,24,30.0,1
555393,2011-06-02,14221,446,759.85,39
555394,2011-06-02,12971,84,126.44,4
555395,2011-06-02,12971,72,94.68,4
555396,2011-06-02,16529,198,455.25,30
555399,2011-06-02,15555,70,123.749999999999,23
555400,2011-06-02,14088,1330,5913.9,68
555401,2011-06-02,14088,413,1896.03,21
555403,2011-06-02,12676,54,121.55,5
555405,2011-06-02,17531,136,296.7,14
555406,2011-06-02,17231,263,393.59,55
555407,2011-06-03,12775,329,419.8,15
555408,2011-06-03,13294,136,390.09,22
555410,2011-06-03,16239,182,347.9,15
555412,2011-06-03,13069,42,61.3,2
555413,2011-06-03,17994,169,228.63,29
555414,2011-06-03,16230,170,266.1,16
555415,2011-06-03,14500,103,284.85,5
555416,2011-06-03,14408,264,376.15,23
555417,2011-06-03,12601,23,68.1,4
555418,2011-06-03,15498,347,1299.04,32
555419,2011-06-03,15498,2,17.0,1
555420,2011-06-03,13458,308,630.46,25
555422,2011-06-03,12779,4,25.0,1
555470,2011-06-03,12455,107,264.4,13
555471,2011-06-03,16117,130,232.21,30
555472,2011-06-03,16701,381,303.12,8
555473,2011-06-03,14700,537,836.05,37
555476,2011-06-03,16593,37,185.9,20
555477,2011-06-03,12359,356,1109.32,47
555478,2011-06-03,13777,336,1139.04,1
555479,2011-06-03,15189,102,229.26,4
555485,2011-06-03,17722,90,357.3,19
555486,2011-06-03,13248,251,387.469999999999,21
555488,2011-06-03,16942,107,330.28,51
555489,2011-06-03,17949,360,259.2,1
555490,2011-06-03,17949,120,1314.0,1
555491,2011-06-03,16525,104,333.0,4
555492,2011-06-03,16967,333,319.02,21
555493,2011-06-03,13695,228,340.44,10
555494,2011-06-03,15737,79,204.85,12
555495,2011-06-03,17068,137,312.75,15
555496,2011-06-03,15405,193,349.1,8
555497,2011-06-03,16659,72,39.12,2
555498,2011-06-03,13885,23,107.65,5
555499,2011-06-03,15812,147,289.46,27
555500,2011-06-03,15508,49,114.68,23
555501,2011-06-03,15508,90,241.48,14
555504,2011-06-03,15508,4,15.0,1
555507,2011-06-03,16186,218,300.14,16
555508,2011-06-03,16880,168,269.88,28
555509,2011-06-03,13435,410,443.72,21
555511,2011-06-05,17708,58,156.48,9
555512,2011-06-05,18198,296,325.68,2
555513,2011-06-05,12980,114,892.62,3
555514,2011-06-05,17071,102,252.19,21
555515,2011-06-05,17690,234,856.63,50
555516,2011-06-05,17706,100,302.42,25
555517,2011-06-05,13131,128,324.9,14
555518,2011-06-05,14891,434,449.38,27
555519,2011-06-05,16682,514,525.5,11
555520,2011-06-05,15038,32,116.09,29
555521,2011-06-05,13576,147,389.61,5
555522,2011-06-05,15796,105,273.13,14
555523,2011-06-05,12468,239,508.95,26
555524,2011-06-05,16923,265,610.77,76
555525,2011-06-05,14709,136,332.9,12
555526,2011-06-05,14364,352,645.3,9
555527,2011-06-05,14364,73,399.35,4
555528,2011-06-05,15694,104,324.72,3
555530,2011-06-05,16923,24,61.1999999999999,1
555531,2011-06-05,12678,1195,1939.52,18
555533,2011-06-05,15722,186,446.6,23
555534,2011-06-05,14682,48,31.2,1
555535,2011-06-05,16458,112,166.3,10
555536,2011-06-05,17675,86,239.46,11
555537,2011-06-05,15453,97,197.09,41
555538,2011-06-05,14512,72,148.959999999999,9
555539,2011-06-05,14472,117,201.45,26
555540,2011-06-05,13668,160,302.81,29
555541,2011-06-05,16883,50,148.7,21
555542,2011-06-05,15108,127,387.05,19
555543,2011-06-05,13089,324,627.04,13
555544,2011-06-05,14621,152,330.61,17
555545,2011-06-05,17735,581,873.85,50
555546,2011-06-05,17735,118,228.3,13
555547,2011-06-05,12681,351,709.91,32
555548,2011-06-05,17811,99,147.05,9
555549,2011-06-05,13637,139,262.25,29
555550,2011-06-05,15245,408,486.24,16
555551,2011-06-05,14696,185,298.79,16
555552,2011-06-05,13610,69,124.65,29
555553,2011-06-05,12662,290,493.68,31
555554,2011-06-05,13742,54,319.0,13
555555,2011-06-05,16963,35,110.55,7
555556,2011-06-05,15704,255,568.47,27
555557,2011-06-05,13682,10,59.5,3
555558,2011-06-05,14159,429,462.53,105
555559,2011-06-05,13862,206,300.2,20
555560,2011-06-05,17346,193,165.63,46
555561,2011-06-05,16654,12,35.4,1
555562,2011-06-05,17841,199,372.36,76
555564,2011-06-05,15005,279,296.32,49
555565,2011-06-05,15298,354,538.76,33
555566,2011-06-05,14659,91,216.63,25
555567,2011-06-05,17050,306,459.75,42
555568,2011-06-05,17589,372,620.65,55
555569,2011-06-05,12727,363,793.08,19
555570,2011-06-05,15152,429,756.1,43
555571,2011-06-05,15462,76,105.0,5
555572,2011-06-05,12449,390,858.93,48
555573,2011-06-05,15349,250,366.11,60
555574,2011-06-05,12417,134,437.19,23
555575,2011-06-05,14466,143,310.05,10
555576,2011-06-05,13410,72,140.4,2
555577,2011-06-05,15301,241,557.85,29
555578,2011-06-05,15301,66,114.06,4
555579,2011-06-05,13983,94,125.19,5
555580,2011-06-05,13983,25,10.5,1
555581,2011-06-06,13865,58,159.22,10
555582,2011-06-06,14312,145,260.57,16
555583,2011-06-06,13534,178,304.28,17
555584,2011-06-06,16906,118,181.3,6
555585,2011-06-06,16029,324,612.0,4
555586,2011-06-06,14232,241,310.79,14
555587,2011-06-06,15687,128,277.0,14
555588,2011-06-06,16849,33,124.57,8
555589,2011-06-06,12802,314,427.58,25
555590,2011-06-06,17690,60,75.0,3
555591,2011-06-06,15073,214,430.98,22
555592,2011-06-06,14215,132,176.16,11
555593,2011-06-06,16298,50,114.3,7
555594,2011-06-06,13880,122,312.94,17
555601,2011-06-06,15852,10,57.5,1
555602,2011-06-06,16235,145,320.83,17
555603,2011-06-06,16209,273,262.11,17
555604,2011-06-06,16612,197,428.85,24
555620,2011-06-06,12748,20,13.0,1
555626,2011-06-06,16103,92,270.8,13
555627,2011-06-06,15805,212,130.44,10
555628,2011-06-06,15260,148,387.88,16
555630,2011-06-06,14732,284,302.72,23
555631,2011-06-06,18118,85,191.609999999999,40
555632,2011-06-06,13798,280,509.2,4
555633,2011-06-06,14534,73,144.97,17
555634,2011-06-06,13319,88,210.06,9
555635,2011-06-06,13319,140,272.0,15
555637,2011-06-06,12535,115,371.45,18
555638,2011-06-06,15150,623,816.819999999999,61
555640,2011-06-06,14475,112,315.62,12
555642,2011-06-06,18248,242,496.46,28
555644,2011-06-06,16520,202,423.65,42
555645,2011-06-06,18016,87,164.01,18
555646,2011-06-06,14135,232,320.2,6
555647,2011-06-06,12957,220,586.52,28
555648,2011-06-06,14623,91,205.18,41
555649,2011-06-06,15386,446,394.14,31
555650,2011-06-06,14156,404,958.12,45
555651,2011-06-06,17361,51,218.92,16
555653,2011-06-06,17673,202,287.19,44
555654,2011-06-06,18236,66,181.3,10
555691,2011-06-06,12843,195,444.45,23
555695,2011-06-06,16168,66,143.5,5
555701,2011-06-06,14498,96,147.02,14
555702,2011-06-06,14201,28,46.8399999999999,3
555703,2011-06-06,15379,291,309.38,19
555704,2011-06-06,14944,357,507.7,22
555705,2011-06-06,14713,137,247.609999999999,23
555719,2011-06-06,12609,295,512.8,27
555720,2011-06-06,16611,47,129.49,10
555721,2011-06-06,15108,3,45.0,1
555724,2011-06-06,15737,2,15.0,1
555725,2011-06-06,15737,4,34.0,2
555726,2011-06-06,12540,173,357.99,23
555728,2011-06-06,17252,191,341.96,86
555731,2011-06-07,16655,139,418.45,19
555732,2011-06-07,14542,19,103.25,5
555733,2011-06-07,16839,304,402.08,5
555734,2011-06-07,17696,157,343.75,13
555735,2011-06-07,13327,296,450.4,18
555736,2011-06-07,17730,538,586.01,30
555737,2011-06-07,16153,237,298.19,16
555738,2011-06-07,16825,358,318.7,11
555739,2011-06-07,12380,293,607.55,36
555740,2011-06-07,18226,360,387.42,21
555741,2011-06-07,16817,123,230.18,13
555742,2011-06-07,16949,197,388.0,10
555743,2011-06-07,12868,106,248.06,14
555744,2011-06-07,18072,288,247.44,18
555745,2011-06-07,14462,71,184.52,10
555746,2011-06-07,14606,44,105.6,26
555751,2011-06-07,16462,4,34.0,1
555759,2011-06-07,13220,24,166.8,1
555798,2011-06-07,16422,875,1121.12999999999,11
555808,2011-06-07,14867,74,96.14,5
555810,2011-06-07,17091,346,585.84,33
555813,2011-06-07,13643,60,87.9,6
555815,2011-06-07,13089,568,916.74,49
555816,2011-06-07,13089,16,47.2,1
555817,2011-06-07,17091,3,14.85,1
555818,2011-06-07,13784,60,255.96,2
555819,2011-06-07,15073,214,430.98,22
555820,2011-06-07,16133,196,304.719999999999,11
555829,2011-06-07,13330,202,392.4,14
555832,2011-06-07,15969,44,308.7,10
555834,2011-06-07,12891,250,85.0,1
555835,2011-06-07,14525,310,783.07,98
555836,2011-06-07,13098,469,531.36,20
555839,2011-06-07,13283,30,25.5,2
555840,2011-06-07,15805,36,70.2,1
555841,2011-06-07,14583,155,139.82,49
555842,2011-06-07,17874,22,122.76,6
555843,2011-06-07,12584,31,159.11,9
555844,2011-06-07,14711,70,160.15,34
555845,2011-06-07,17015,549,524.5,121
555846,2011-06-07,14180,21,149.15,8
555847,2011-06-07,14880,179,234.07,18
555848,2011-06-07,16081,182,424.24,21
555849,2011-06-07,13266,458,315.86,9
555850,2011-06-07,16550,320,387.42,47
555851,2011-06-07,13050,346,585.17,105
555852,2011-06-07,17429,78,189.28,11
555853,2011-06-07,14375,194,257.68,75
555854,2011-06-07,12748,68,167.81,30
555855,2011-06-07,15311,1912,2517.44,47
555856,2011-06-07,17124,130,298.89,32
555857,2011-06-07,16393,104,133.62,23
555858,2011-06-07,14911,192,254.31,13
555859,2011-06-07,17987,261,198.57,13
555861,2011-06-07,12990,80,166.4,4
555862,2011-06-07,12757,146,243.2,14
555863,2011-06-07,17026,72,121.679999999999,1
555865,2011-06-07,14530,157,413.93,36
555866,2011-06-07,16841,316,306.68,16
555870,2011-06-07,17707,66,68.7,2
555871,2011-06-07,18073,224,263.16,3
555872,2011-06-07,13395,336,307.72,21
555875,2011-06-07,12748,3,7.25,3
555876,2011-06-07,15799,358,161.02,15
555884,2011-06-07,17389,70,147.62,4
555896,2011-06-07,15640,618,1008.61,54
555916,2011-06-07,14958,39,181.63,16
555917,2011-06-07,17854,20,199.5,3
555918,2011-06-07,16098,66,211.92,8
555920,2011-06-07,18102,2274,10999.52,12
555921,2011-06-07,15449,268,301.78,17
555928,2011-06-08,12383,20,99.45,5
555929,2011-06-08,16525,402,765.819999999999,8
555930,2011-06-08,14745,283,341.07,24
555931,2011-06-08,17828,378,833.16,44
555932,2011-06-08,14217,58,165.36,10
555933,2011-06-08,12567,216,286.34,17
555934,2011-06-08,15061,456,557.7,7
555936,2011-06-08,12567,216,286.34,17
555937,2011-06-08,12683,467,669.36,30
555938,2011-06-08,14257,179,410.45,17
555939,2011-06-08,17659,30,57.78,3
555940,2011-06-08,14191,98,357.6,9
555941,2011-06-08,12726,445,356.039999999999,17
555942,2011-06-08,15743,91,322.55,18
555943,2011-06-08,13520,245,612.68,16
555944,2011-06-08,16955,72,163.69,10
555945,2011-06-08,17409,64,511.3,8
555946,2011-06-08,17238,77,184.59,24
555947,2011-06-08,14911,2090,2233.28,57
555948,2011-06-08,13752,147,166.86,7
555949,2011-06-08,16626,395,596.13,26
555950,2011-06-08,17966,325,136.5,6
555979,2011-06-08,15039,681,891.42,36
556009,2011-06-08,18221,178,302.54,15
556010,2011-06-08,17414,1380,598.0,5
556016,2011-06-08,18092,232,452.4,5
556017,2011-06-08,15382,406,512.7,29
556018,2011-06-08,15382,48,26.4,2
556019,2011-06-08,18092,64,221.4,7
556020,2011-06-08,13571,82,114.71,20
556021,2011-06-08,12921,317,477.68,22
556022,2011-06-08,12921,40,79.1999999999999,4
556023,2011-06-08,14527,49,209.28,25
556024,2011-06-08,12808,55,151.95,9
556032,2011-06-08,15159,140,542.22,15
556034,2011-06-08,16672,96,313.2,2
556035,2011-06-08,15159,152,54.48,4
556036,2011-06-08,15159,8,52.8,3
556038,2011-06-08,13184,179,173.66,22
556039,2011-06-08,13001,314,501.5,12
556040,2011-06-08,14622,146,320.58,21
556041,2011-06-08,17954,205,336.84,56
556042,2011-06-08,14367,412,1037.37,66
556043,2011-06-08,14078,73,243.929999999999,13
556044,2011-06-08,15764,51,165.55,9
556045,2011-06-08,15764,197,408.04,24
556047,2011-06-08,12901,90,276.24,4
556048,2011-06-08,15609,148,298.48,16
556049,2011-06-08,16013,66,382.7,2
556050,2011-06-08,14367,128,279.04,16
556051,2011-06-08,13742,49,180.04,16
556052,2011-06-08,13742,10,14.5,1
556053,2011-06-08,15400,46,112.7,2
556054,2011-06-08,14561,183,222.07,16
556055,2011-06-08,14477,200,358.0,2
556056,2011-06-08,17841,261,426.05,99
556058,2011-06-08,13985,244,524.5,29
556059,2011-06-08,13630,260,320.919999999999,9
556060,2011-06-08,14911,492,1118.04,8
556062,2011-06-08,15189,114,379.5,4
556063,2011-06-08,14587,82,193.2,41
556064,2011-06-08,13777,171,300.63,6
556065,2011-06-08,14829,74,146.3,8
556066,2011-06-08,16872,382,388.36,3
556067,2011-06-08,12748,150,269.9,31
556068,2011-06-08,12748,48,5.76,1
556070,2011-06-08,17873,181,396.14,8
556071,2011-06-08,15974,497,481.36,29
556072,2011-06-08,16126,263,952.65,20
556073,2011-06-08,16358,221,462.15,22
556079,2011-06-08,18229,252,351.2,13
556084,2011-06-08,17491,52,135.0,5
556097,2011-06-08,15809,2,15.9,1
556098,2011-06-08,16832,5,62.5,1
556099,2011-06-08,13162,1,3.75,1
556100,2011-06-08,15238,222,300.14,14
556102,2011-06-08,13115,621,878.55,55
556103,2011-06-08,16011,162,237.57,28
556104,2011-06-08,13875,284,384.2,22
556105,2011-06-08,13466,259,307.9,17
556106,2011-06-08,14056,187,393.34,49
556107,2011-06-08,17360,167,330.95,60
556109,2011-06-09,13741,67,200.17,12
556110,2011-06-09,13856,160,124.6,3
556111,2011-06-09,13004,288,313.0,22
556112,2011-06-09,13265,256,340.78,21
556113,2011-06-09,13510,421,585.319999999999,38
556114,2011-06-09,12569,79,142.14,6
556115,2011-06-09,15241,76,99.96,7
556116,2011-06-09,15214,154,136.7,11
556118,2011-06-09,13811,38,333.0,6
556119,2011-06-09,12594,24,42.96,1
556120,2011-06-09,16722,521,290.2,19
556121,2011-06-09,15855,68,132.18,20
556125,2011-06-09,12947,136,303.62,15
556126,2011-06-09,14911,245,338.0,22
556127,2011-06-09,12406,793,1621.25,49
556128,2011-06-09,13038,94,196.66,7
556129,2011-06-09,14060,294,438.0,10
556130,2011-06-09,15738,154,316.02,11
556139,2011-06-09,14231,116,307.76,12
556179,2011-06-09,13756,426,308.2,15
556181,2011-06-09,15407,120,410.87,13
556182,2011-06-09,16892,77,102.979999999999,20
556183,2011-06-09,13134,162,360.04,21
556184,2011-06-09,16592,205,337.55,14
556185,2011-06-09,16592,36,30.6,2
556186,2011-06-09,14241,146,213.7,10
556187,2011-06-09,15296,98,299.78,15
556189,2011-06-09,15615,234,400.7,21
556190,2011-06-09,15780,28,72.52,4
556191,2011-06-09,14501,116,184.28,6
556192,2011-06-09,15615,64,82.2,4
556193,2011-06-09,14132,388,306.86,24
556194,2011-06-09,12483,188,319.95,11
556195,2011-06-09,16745,355,535.01,25
556196,2011-06-09,18065,16,62.04,3
556197,2011-06-09,18065,114,202.38,13
556198,2011-06-09,14963,167,294.2,38
556199,2011-06-09,16170,232,319.29,21
556201,2011-06-09,12347,196,382.52,18
556202,2011-06-09,14606,90,109.3,20
556203,2011-06-09,12399,145,130.08,5
556204,2011-06-09,17169,102,308.68,18
556205,2011-06-09,15827,94,203.98,13
556206,2011-06-09,14911,262,646.27,26
556207,2011-06-09,17372,110,128.76,19
556208,2011-06-09,14040,198,506.679999999999,12
556214,2011-06-09,14913,455,301.32,20
556216,2011-06-09,15252,99,300.55,14
556218,2011-06-09,17731,97,352.91,17
556219,2011-06-09,17731,84,309.659999999999,15
556222,2011-06-09,17522,539,539.12,46
556228,2011-06-09,13538,16,115.2,2
556229,2011-06-09,12839,178,304.48,20
556230,2011-06-09,17402,58,226.28,6
556234,2011-06-09,17961,11,26.36,10
556235,2011-06-09,12778,85,84.0,5
556236,2011-06-09,16818,16,45.2,3
556238,2011-06-09,13397,109,378.7,12
556239,2011-06-09,15712,67,158.85,9
556240,2011-06-09,18041,140,105.0,7
556241,2011-06-09,12597,445,912.66,48
556244,2011-06-09,15867,86,302.72,28
556245,2011-06-09,17841,200,538.43,64
556246,2011-06-09,16113,176,161.38,30
556247,2011-06-09,15058,138,270.55,15
556248,2011-06-09,15681,188,332.64,14
556249,2011-06-09,15681,6,24.9,1
556252,2011-06-09,16779,343,480.96,19
556253,2011-06-09,17652,30,185.8,9
556254,2011-06-09,13213,119,136.25,10
556255,2011-06-09,18102,3600,16488.0,12
556256,2011-06-09,14309,198,196.68,15
556257,2011-06-09,17576,196,294.86,30
556258,2011-06-09,12694,323,439.5,20
556259,2011-06-09,12721,464,591.09,36
556263,2011-06-09,13969,242,491.38,56
556264,2011-06-09,16107,94,532.9,10
556266,2011-06-09,13900,1,8.5,1
556267,2011-06-09,13694,9811,3027.31,31
556271,2011-06-09,17483,50,155.1,7
556279,2011-06-09,14562,59,215.39,18
556280,2011-06-09,14584,118,354.01,34
556282,2011-06-10,15679,212,178.22,13
556283,2011-06-10,15628,193,314.11,17
556284,2011-06-10,17115,94,302.8,14
556285,2011-06-10,13686,70,72.0,8
556288,2011-06-10,13426,297,273.66,18
556290,2011-06-10,17088,170,383.28,22
556296,2011-06-10,15114,350,309.34,22
556298,2011-06-10,16581,134,105.84,9
556302,2011-06-10,15267,488,1035.76,5
556303,2011-06-10,17064,115,313.45,20
556304,2011-06-10,12840,296,572.8,16
556305,2011-06-10,12643,164,480.0,3
556318,2011-06-10,16767,382,399.18,16
556323,2011-06-10,17819,115,599.449999999999,6
556325,2011-06-10,17234,55,149.89,14
556329,2011-06-10,14573,44,157.76,13
556330,2011-06-10,17797,249,272.41,44
556341,2011-06-10,16614,223,506.19,26
556365,2011-06-10,16370,158,271.04,46
556386,2011-06-10,16668,36,74.16,3
556397,2011-06-10,16029,200,358.0,2
556408,2011-06-10,13533,97,124.149999999999,33
556413,2011-06-10,16005,45,120.49,26
556415,2011-06-10,12409,3142,6207.08,64
556416,2011-06-10,15527,64,247.25,24
556417,2011-06-10,14543,4,19.8,1
556419,2011-06-10,15411,48,156.4,10
556425,2011-06-10,14178,161,197.37,29
556426,2011-06-10,16729,145,249.49,21
556432,2011-06-10,16184,139,299.67,10
556434,2011-06-10,14895,267,658.78,26
556435,2011-06-10,14895,74,151.2,8
556437,2011-06-10,14077,65,110.789999999999,8
556439,2011-06-10,18061,25,147.75,4
556440,2011-06-10,14401,364,428.44,15
556441,2011-06-10,14415,162,360.07,35
556442,2011-06-10,15098,60,297.0,1
556443,2011-06-10,12712,92,627.4,9
556444,2011-06-10,15098,60,38970.0,1
556446,2011-06-10,15098,1,649.5,1
556447,2011-06-10,15632,144,314.16,9
556454,2011-06-10,12947,48,40.8,1
556455,2011-06-10,15856,580,734.44,18
556456,2011-06-10,12748,1,3.75,1
556460,2011-06-12,14276,296,379.2,24
556461,2011-06-12,13798,558,830.54,8
556462,2011-06-12,14450,89,213.8,17
556463,2011-06-12,12583,716,360.18,14
556464,2011-06-12,18281,54,80.82,7
556465,2011-06-12,14984,21,110.179999999999,17
556466,2011-06-12,15465,31,189.05,6
556467,2011-06-12,13232,57,186.55,18
556468,2011-06-12,14878,33,111.03,9
556469,2011-06-12,12516,345,583.2,13
556470,2011-06-12,15291,148,301.42,18
556471,2011-06-12,16466,153,198.769999999999,12
556472,2011-06-12,16633,124,255.8,15
556473,2011-06-12,17265,217,384.09,77
556474,2011-06-12,16007,163,363.7,81
556475,2011-06-12,18109,497,417.33,22
556476,2011-06-12,17175,182,302.62,13
556477,2011-06-12,12841,86,199.73,15
556478,2011-06-12,13069,455,226.489999999999,20
556479,2011-06-12,16983,86,262.88,20
556480,2011-06-12,13617,113,131.109999999999,13
556481,2011-06-12,16115,72,147.76,27
556482,2011-06-12,17242,411,709.44,29
556483,2011-06-12,14823,40,110.78,24
556484,2011-06-12,16938,2190,2133.4,205
556485,2011-06-12,17211,48,210.95,17
556486,2011-06-12,17422,688,375.04,32
556487,2011-06-12,17289,134,167.359999999999,34
556488,2011-06-12,16018,44,161.9,15
556489,2011-06-12,14704,58,110.12,30
556490,2011-06-12,13078,96,302.24,16
556491,2011-06-12,16794,260,274.74,57
556492,2011-06-12,15939,376,587.52,8
556494,2011-06-12,17802,332,532.22,63
556495,2011-06-12,18069,179,304.31,56
556496,2011-06-12,14397,36,45.0,1
556497,2011-06-12,15271,97,175.09,11
556498,2011-06-12,17961,3,35.8499999999999,2
556500,2011-06-13,13468,32,102.72,6
556501,2011-06-13,16700,250,394.42,20
556502,2011-06-13,13761,224,491.71,32
556503,2011-06-13,13517,715,1101.86,76
556504,2011-06-13,13936,330,376.58,26
556505,2011-06-13,17381,696,462.959999999999,2
556506,2011-06-13,17381,48,50.88,1
556507,2011-06-13,12567,557,1650.1,61
556508,2011-06-13,16342,47,136.95,7
556509,2011-06-13,12708,101,289.77,16
556510,2011-06-13,14911,427,821.32,42
556512,2011-06-13,14688,120,143.54,14
556517,2011-06-13,12481,417,1001.21,29
556519,2011-06-13,16794,3,3.32,2
556520,2011-06-13,14177,39,118.08,20
556521,2011-06-13,14573,44,116.759999999999,13
556523,2011-06-13,16938,15,9.75,1
556526,2011-06-13,12732,111,236.26,12
556527,2011-06-13,16205,64,112.35,27
556528,2011-06-13,13269,236,312.44,19
556529,2011-06-13,12714,236,513.26,24
556531,2011-06-13,15491,321,765.03,39
556533,2011-06-13,15625,206,249.94,10
556534,2011-06-13,15036,65,53.15,3
556536,2011-06-13,17795,150,187.14,29
556537,2011-06-13,17725,274,310.48,20
556538,2011-06-13,15845,330,426.18,21
556539,2011-06-13,13589,28,147.0,9
556540,2011-06-13,13552,76,146.2,4
556541,2011-06-13,13552,115,271.6,10
556542,2011-06-13,14719,210,264.66,37
556571,2011-06-13,13018,106,178.94,12
556572,2011-06-13,15311,112,149.2,4
556573,2011-06-13,14667,157,480.98,25
556574,2011-06-13,16209,409,1336.2,3
556575,2011-06-13,17027,94,212.0,41
556576,2011-06-13,14606,71,134.48,31
556577,2011-06-13,17579,91,164.41,11
556578,2011-06-13,12472,791,1266.66,68
556579,2011-06-13,15069,520,1109.53,70
556580,2011-06-13,17719,120,311.4,16
556596,2011-06-13,17349,112,110.75,9
556629,2011-06-13,14841,284,593.72,25
556630,2011-06-13,13999,135,315.05,15
556631,2011-06-13,13080,120,58.08,6
556632,2011-06-13,16987,17,114.15,10
556641,2011-06-13,13663,91,189.47,13
556642,2011-06-13,17236,83,133.91,20
556667,2011-06-13,15838,196,254.12,4
556670,2011-06-13,15838,388,786.36,7
556671,2011-06-13,17841,130,259.08,80
556672,2011-06-13,13742,150,293.0,23
556680,2011-06-14,13971,132,306.46,14
556681,2011-06-14,12826,108,121.52,7
556682,2011-06-14,15358,195,201.839999999999,16
556683,2011-06-14,15358,112,212.04,12
556684,2011-06-14,12901,12,83.4,1
556685,2011-06-14,14503,381,597.07,40
556714,2011-06-14,14680,555,976.25,6
556718,2011-06-14,16013,780,2145.0,2
556719,2011-06-14,17428,328,188.44,9
556720,2011-06-14,17428,84,372.6,4
556721,2011-06-14,15218,397,690.339999999999,23
556722,2011-06-14,17428,90,236.28,10
556723,2011-06-14,18102,756,3060.4,7
556724,2011-06-14,16745,89,246.49,14
556725,2011-06-14,18102,200,2496.0,1
556726,2011-06-14,18102,2096,8915.52,9
556727,2011-06-14,17675,234,555.8,24
556728,2011-06-14,15719,170,342.15,75
556731,2011-06-14,18283,52,103.72,24
556732,2011-06-14,15039,238,474.87,52
556733,2011-06-14,16919,279,325.36,51
556734,2011-06-14,13476,253,510.87,29
556740,2011-06-14,17346,182,147.42,35
556746,2011-06-14,17644,15,32.55,3
556751,2011-06-14,15251,748,1393.48,13
556767,2011-06-14,18073,329,454.68,13
556768,2011-06-14,17243,88,433.0,20
556776,2011-06-14,14730,114,211.47,55
556777,2011-06-14,14426,386,714.35,44
556778,2011-06-14,16712,125,393.78,37
556779,2011-06-14,16774,82,143.4,13
556780,2011-06-14,14524,107,275.14,26
556781,2011-06-14,13384,666,1172.6,54
556782,2011-06-14,14871,38,106.15,17
556783,2011-06-14,13408,198,451.26,9
556784,2011-06-14,14461,326,969.99,102
556785,2011-06-14,13408,24,102.0,1
556786,2011-06-14,13408,72,109.2,3
556788,2011-06-14,15129,133,414.1,11
556789,2011-06-14,15129,3,14.85,1
556790,2011-06-14,15656,102,256.77,16
556791,2011-06-14,16928,136,176.6,19
556792,2011-06-14,17043,195,150.37,15
556794,2011-06-14,13720,150,120.45,4
556795,2011-06-14,15912,119,123.13,6
556797,2011-06-14,17101,158,230.579999999999,17
556804,2011-06-14,15125,318,554.62,10
556805,2011-06-14,15125,124,213.8,2
556806,2011-06-14,15125,36,122.04,1
556808,2011-06-14,17749,63,305.51,13
556809,2011-06-14,17179,82,223.48,21
556811,2011-06-14,14997,312,155.28,9
556814,2011-06-15,14852,34,153.24,9
556815,2011-06-15,14852,345,564.61,25
556816,2011-06-15,12437,359,501.64,13
556817,2011-06-15,14609,720,151.2,1
556819,2011-06-15,12682,174,420.94,12
556820,2011-06-15,12682,139,364.15,17
556822,2011-06-15,17155,154,143.3,9
556827,2011-06-15,15134,101,171.63,10
556828,2011-06-15,17284,196,184.19,32
556829,2011-06-15,12809,220,489.31,25
556830,2011-06-15,15874,15,44.95,3
556831,2011-06-15,13631,20,160.0,1
556842,2011-06-15,13631,10,40.0,1
556845,2011-06-15,17511,3007,4415.44,55
556876,2011-06-15,16241,121,173.82,79
556878,2011-06-15,15574,46,112.1,9
556879,2011-06-15,16461,49,151.42,33
556881,2011-06-15,17389,86,263.06,7
556882,2011-06-15,14395,146,340.28,35
556883,2011-06-15,13343,135,353.43,19
556885,2011-06-15,18073,6,17.7,1
556886,2011-06-15,12624,208,299.94,19
556887,2011-06-15,14606,101,119.289999999999,16
556889,2011-06-15,16644,75,111.37,8
556890,2011-06-15,17581,509,1063.35,29
556891,2011-06-15,17581,88,139.64,9
556892,2011-06-15,17581,52,120.94,7
556903,2011-06-15,14527,45,144.26,15
556905,2011-06-15,16904,168,336.11,99
556906,2011-06-15,12843,166,306.1,18
556908,2011-06-15,18165,254,302.46,10
556909,2011-06-15,17536,6,76.5,3
556910,2011-06-15,12748,859,873.87,99
556912,2011-06-15,15005,245,289.86,51
556913,2011-06-15,16523,208,392.0,12
556914,2011-06-15,12877,177,276.79,25
556915,2011-06-15,15036,86,192.54,56
556916,2011-06-15,16898,152,203.39,71
556917,2011-06-15,12415,15049,22775.93,138
556918,2011-06-15,12415,192,650.88,1
556921,2011-06-15,16038,42,76.38,4
556922,2011-06-15,12748,5,14.25,5
556926,2011-06-15,16324,97,166.56,51
556927,2011-06-15,14156,2642,3876.86,27
556928,2011-06-15,14156,384,606.72,4
556929,2011-06-15,15611,25,53.91,2
556931,2011-06-15,15864,96,171.84,1
556935,2011-06-15,17651,283,360.9,24
556937,2011-06-15,17716,626,1175.32,48
556942,2011-06-15,14222,607,683.17,41
556953,2011-06-16,14911,268,1012.86,33
556954,2011-06-16,15585,320,455.3,31
556956,2011-06-16,13694,632,1084.24,6
556958,2011-06-16,17490,140,305.2,18
556959,2011-06-16,16739,172,323.0,13
556960,2011-06-16,14844,354,668.8,26
556961,2011-06-16,16276,420,810.6,6
556964,2011-06-16,16145,144,331.44,18
556965,2011-06-16,15129,192,252.0,6
556967,2011-06-16,17193,96,299.04,4
556968,2011-06-16,12980,336,1077.12,3
556969,2011-06-16,16257,2,46.95,2
556970,2011-06-16,13082,97,245.75,11
556971,2011-06-16,13082,24,39.5999999999999,2
556972,2011-06-16,17193,48,149.52,4
556977,2011-06-16,17446,96,52.8,4
556998,2011-06-16,16672,96,305.4,6
557002,2011-06-16,16672,48,180.0,1
557005,2011-06-16,13700,438,302.14,12
557006,2011-06-16,14282,233,214.2,12
557007,2011-06-16,12484,424,1137.99,61
557008,2011-06-16,16729,92,112.88,14
557009,2011-06-16,14321,509,300.11,29
557010,2011-06-16,14289,38,129.3,4
557011,2011-06-16,16279,156,359.08,16
557012,2011-06-16,18241,24,62.4,3
557013,2011-06-16,15044,137,542.74,27
557014,2011-06-16,12971,88,87.44,4
557015,2011-06-16,14735,130,331.0,8
557016,2011-06-16,16942,58,169.66,24
557017,2011-06-16,13199,204,181.56,3
557018,2011-06-16,14285,2,5.9,1
557019,2011-06-16,15907,99,278.34,65
557020,2011-06-16,13246,209,212.47,15
557021,2011-06-16,17642,284,395.3,26
557023,2011-06-16,16225,53,183.95,9
557026,2011-06-16,16571,513,460.11,30
557027,2011-06-16,12816,77,318.65,15
557032,2011-06-16,16011,90,141.299999999999,10
557033,2011-06-16,13826,82,189.5,10
557034,2011-06-16,13627,336,421.08,23
557038,2011-06-16,14037,12,35.4,2
557039,2011-06-16,16814,181,297.15,12
557040,2011-06-16,14243,99,263.09,15
557041,2011-06-16,13575,33,88.55,5
557042,2011-06-16,13004,4,15.8,1
557055,2011-06-16,12621,459,633.55,11
557056,2011-06-16,12621,12,49.8,1
557057,2011-06-16,16843,2014,1830.72,68
557058,2011-06-16,16843,14,69.3,2
557063,2011-06-16,17368,107,190.95,22
557064,2011-06-16,13263,156,324.29,69
557065,2011-06-16,17157,102,161.46,8
557066,2011-06-16,17463,199,301.88,18
557067,2011-06-16,13098,768,1221.55,34
557068,2011-06-16,13263,48,13.44,3
557069,2011-06-16,12562,270,510.27,28
557070,2011-06-16,14755,153,376.77,20
557089,2011-06-16,13576,120,343.44,4
557092,2011-06-16,12908,600,432.0,1
557100,2011-06-16,16027,154,108.7,3
557103,2011-06-16,16852,51,113.06,7
557109,2011-06-16,15694,88,304.08,2
557110,2011-06-16,17865,12,102.0,1
557113,2011-06-16,16266,36,117.0,4
557114,2011-06-16,13951,144,158.4,7
557115,2011-06-16,14107,204,361.76,18
557116,2011-06-16,15219,45,305.75,9
557117,2011-06-16,14849,573,620.58,30
557118,2011-06-16,14849,254,364.16,24
557119,2011-06-16,17416,604,937.74,21
557120,2011-06-16,15669,126,235.94,14
557121,2011-06-16,14062,160,360.039999999999,5
557122,2011-06-16,16558,264,305.18,19
557123,2011-06-16,15555,194,164.22,37
557124,2011-06-16,16359,139,230.57,8
557125,2011-06-16,17450,3104,5405.48,11
557126,2011-06-16,18168,83,115.15,10
557127,2011-06-16,15014,68,117.729999999999,3
557128,2011-06-16,14765,18,80.5,7
557129,2011-06-16,17841,204,463.6,80
557130,2011-06-17,14005,270,144.3,8
557131,2011-06-17,13456,60,217.4,7
557132,2011-06-17,13107,348,368.38,15
557133,2011-06-17,17306,288,305.28,1
557134,2011-06-17,17306,236,511.799999999999,4
557135,2011-06-17,17306,998,461.9,4
557136,2011-06-17,14911,356,626.13,33
557141,2011-06-17,16779,238,387.659999999999,12
557143,2011-06-17,13090,192,832.02,19
557144,2011-06-17,13113,128,600.08,12
557145,2011-06-17,17139,459,802.13,28
557146,2011-06-17,17139,56,86.84,7
557147,2011-06-17,12408,378,654.18,29
557149,2011-06-17,17961,19,13.05,7
557150,2011-06-17,15555,46,174.27,13
557152,2011-06-17,15296,2,13.8999999999999,2
557153,2011-06-17,13735,214,474.54,43
557208,2011-06-17,16172,215,351.97,22
557210,2011-06-17,18118,130,265.05,33
557211,2011-06-17,15513,186,1025.34,21
557212,2011-06-17,12901,576,610.56,1
557213,2011-06-17,15021,119,218.14,51
557214,2011-06-17,17677,544,964.77,21
557215,2011-06-17,17677,90,68.22,5
557216,2011-06-17,17677,24,42.42,3
557217,2011-06-17,17426,1259,1987.19,98
557218,2011-06-17,17426,36,98.16,5
557219,2011-06-17,14776,406,323.28,17
557220,2011-06-17,14776,60,58.08,3
557221,2011-06-17,16869,170,233.53,36
557222,2011-06-17,14936,836,2060.02999999999,81
557223,2011-06-17,13647,174,379.22,10
557225,2011-06-17,15311,229,411.48,10
557226,2011-06-17,15805,205,252.63,16
557227,2011-06-17,15805,4,23.0,1
557228,2011-06-17,15805,6,17.7,1
557230,2011-06-17,15181,204,135.0,8
557232,2011-06-17,12463,220,337.84,23
557233,2011-06-17,15356,269,405.76,64
557235,2011-06-17,17204,108,245.5,11
557237,2011-06-17,17204,30,68.9,3
557247,2011-06-17,12731,514,1359.58,22
557248,2011-06-17,14491,99,213.73,13
557250,2011-06-17,12748,26,68.44,18
557251,2011-06-17,14085,320,147.95,15
557252,2011-06-17,17961,2,11.9,1
557255,2011-06-19,17616,64,163.2,1
557256,2011-06-19,17282,344,274.56,5
557257,2011-06-19,14051,150,535.86,9
557258,2011-06-19,12951,58,126.9,7
557259,2011-06-19,15909,98,191.94,7
557260,2011-06-19,17932,202,345.5,22
557261,2011-06-19,13005,37,192.05,8
557262,2011-06-19,16923,88,174.53,23
557263,2011-06-19,14646,4718,5683.05999999999,52
557264,2011-06-19,13618,246,177.34,13
557265,2011-06-19,13097,106,341.81,13
557266,2011-06-19,14878,69,120.25,7
557267,2011-06-19,16805,269,245.82,43
557268,2011-06-19,13097,303,655.79,58
557270,2011-06-19,14162,32,111.68,12
557271,2011-06-19,17769,302,624.12,48
557272,2011-06-19,17368,100,535.0,2
557273,2011-06-19,16050,278,137.9,10
557274,2011-06-19,14004,356,580.34,28
557275,2011-06-19,15544,414,318.02,29
557276,2011-06-19,16931,202,184.23,35
557277,2011-06-19,16484,48,118.6,7
557278,2011-06-19,13089,616,1152.52,51
557279,2011-06-19,18077,169,233.89,19
557280,2011-06-19,16701,549,373.5,15
557281,2011-06-19,13632,77,201.57,25
557283,2011-06-19,16813,128,146.609999999999,44
557284,2011-06-19,17377,63,133.07,12
557285,2011-06-19,15046,574,602.8,8
557286,2011-06-19,17879,45,178.519999999999,6
557287,2011-06-19,18109,485,340.58,14
557289,2011-06-19,16880,91,144.23,26
557290,2011-06-19,16880,16,6.95,2
557291,2011-06-19,18230,144,388.98,10
557292,2011-06-19,17562,366,300.1,21
557293,2011-06-19,16326,57,249.95,25
557294,2011-06-19,13629,400,778.0,4
557295,2011-06-19,12724,63,125.46,7
557296,2011-06-19,15334,84,114.5,29
557297,2011-06-19,12421,145,239.35,14
557298,2011-06-19,17519,146,200.5,8
557299,2011-06-19,13047,174,562.4,32
557301,2011-06-19,15373,67,328.55,17
557302,2011-06-19,13102,184,236.44,11
557303,2011-06-19,12450,64,101.88,6
557304,2011-06-19,16326,24,132.95,8
557305,2011-06-19,13568,70,192.85,44
557306,2011-06-19,18062,40,234.6,7
557307,2011-06-19,14820,87,139.77,8
557308,2011-06-19,16744,47,109.96,29
557309,2011-06-19,16493,462,414.49,20
557310,2011-06-19,13240,36,111.2,8
557311,2011-06-19,15700,355,692.78,85
557312,2011-06-19,17001,234,408.45,20
557313,2011-06-19,13524,30,88.5,3
557314,2011-06-19,12541,131,223.74,11
557315,2011-06-19,15535,38,125.01,25
557316,2011-06-19,17299,228,151.63,18
557317,2011-06-19,12837,24,134.1,12
557318,2011-06-19,14911,84,303.3,14
557319,2011-06-20,15076,571,880.85,49
557320,2011-06-20,15854,54,321.3,4
557321,2011-06-20,15854,48,132.0,1
557322,2011-06-20,17444,1092,1171.46,57
557325,2011-06-20,15291,186,325.26,7
557326,2011-06-20,14194,205,479.45,20
557327,2011-06-20,14194,20,81.84,4
557328,2011-06-20,14646,61,154.67,59
557329,2011-06-20,17227,104,107.6,6
557330,2011-06-20,14291,358,361.98,28
557331,2011-06-20,14291,18,32.28,2
557332,2011-06-20,14291,6,22.5,1
557333,2011-06-20,17723,158,662.1,2
557349,2011-06-20,16717,154,298.44,18
557350,2011-06-20,16670,393,587.54,34
557351,2011-06-20,16670,4,13.0,1
557389,2011-06-20,15921,166,336.03,25
557397,2011-06-20,17897,73,131.98,42
557406,2011-06-20,15747,132,242.65,19
557407,2011-06-20,14701,37,97.95,11
557409,2011-06-20,15410,226,561.04,16
557410,2011-06-20,14701,61,109.58,15
557414,2011-06-20,15840,256,241.74,17
557416,2011-06-20,17809,72,90.0,1
557426,2011-06-20,15016,76,170.04,20
557427,2011-06-20,12429,393,1125.4,29
557428,2011-06-20,17857,200,750.0,1
557429,2011-06-20,17857,504,181.44,1
557430,2011-06-20,16013,100,375.0,1
557431,2011-06-20,18260,177,427.13,23
557442,2011-06-20,14808,476,679.62,85
557464,2011-06-20,15301,24,37.2,1
557466,2011-06-20,13815,1357,1965.74,83
557468,2011-06-20,16713,396,529.67,95
557469,2011-06-20,12904,165,244.69,32
557470,2011-06-20,13798,256,589.44,5
557471,2011-06-20,15825,220,532.94,20
557472,2011-06-20,12432,1090,2862.06,62
557473,2011-06-20,17428,216,524.5,28
557474,2011-06-20,12432,336,454.6,13
557476,2011-06-20,18223,103,342.11,16
557477,2011-06-20,18223,9,33.75,1
557483,2011-06-20,12643,51,250.5,2
557484,2011-06-20,14796,384,539.81,83
557485,2011-06-20,15769,1600,2876.0,6
557488,2011-06-20,15581,9,18.88,9
557489,2011-06-20,12490,211,484.06,20
557490,2011-06-20,13199,96,243.84,2
557492,2011-06-20,13717,535,183.63,20
557498,2011-06-20,12971,52,107.04,2
557499,2011-06-20,16320,78,185.78,9
557503,2011-06-20,16839,296,488.54,15
557504,2011-06-20,16839,40,215.6,2
557509,2011-06-20,15389,400,500.0,1
557510,2011-06-20,17588,204,305.04,2
557513,2011-06-20,15700,2,3.9,1
557514,2011-06-20,14667,108,173.42,18
557517,2011-06-20,15125,100,179.0,1
557518,2011-06-20,15280,154,113.12,16
557523,2011-06-21,12971,120,100.92,4
557524,2011-06-21,12748,16,38.08,5
557525,2011-06-21,12759,353,637.72,39
557526,2011-06-21,14397,52,91.8,3
557527,2011-06-21,13941,402,712.3,9
557528,2011-06-21,17159,305,528.45,30
557529,2011-06-21,15189,154,385.78,5
557560,2011-06-21,15329,112,309.1,16
557568,2011-06-21,17629,190,108.94,8
557569,2011-06-21,12474,272,427.76,24
557570,2011-06-21,15998,269,329.84,69
557571,2011-06-21,12830,2668,2221.84,13
557572,2011-06-21,15061,429,870.3,8
557573,2011-06-21,15061,96,69.12,1
557577,2011-06-21,14606,108,112.09,30
557583,2011-06-21,14776,24,13.2,1
557595,2011-06-21,15507,162,492.36,46
557598,2011-06-21,14667,127,202.62,23
557601,2011-06-21,18252,18,69.8999999999999,3
557602,2011-06-21,14110,156,379.72,9
557603,2011-06-21,16526,106,290.36,15
557604,2011-06-21,15039,271,653.3,44
557605,2011-06-21,14911,49,147.399999999999,3
557611,2011-06-21,17695,358,353.6,18
557612,2011-06-21,14460,493,246.54,9
557614,2011-06-21,16394,636,313.8,10
557615,2011-06-21,15498,310,648.6,24
557616,2011-06-21,12930,108,221.56,14
557617,2011-06-21,14543,39,327.45,8
557618,2011-06-21,14960,20,88.3,2
557619,2011-06-21,17757,104,195.9,30
557620,2011-06-21,14408,79,133.53,11
557621,2011-06-21,12444,582,1870.2,90
557622,2011-06-21,17960,41,73.78,26
557623,2011-06-21,15498,36,47.0,5
557625,2011-06-21,15159,336,469.72,27
557626,2011-06-21,14175,480,883.41,43
557627,2011-06-21,12583,351,257.3,12
557628,2011-06-21,15311,1226,1966.66,29
557630,2011-06-21,13178,290,591.73,31
557631,2011-06-21,18229,178,410.34,10
557632,2011-06-21,17420,116,260.66,14
557633,2011-06-21,13750,95,302.39,10
557634,2011-06-21,15412,108,190.53,10
557635,2011-06-21,12748,157,194.89,22
557636,2011-06-21,17841,208,355.43,75
557639,2011-06-21,12933,313,246.739999999999,41
557662,2011-06-21,13630,4,7.7,3
557667,2011-06-22,15606,91,309.81,6
557668,2011-06-22,17828,24,30.0,1
557669,2011-06-22,12674,272,390.06,20
557670,2011-06-22,12798,2256,1607.04,6
557671,2011-06-22,13849,332,593.579999999999,38
557672,2011-06-22,16114,43,135.75,8
557673,2011-06-22,16180,883,1581.85,13
557674,2011-06-22,16422,1967,1754.97,14
557676,2011-06-22,15804,314,600.03,28
557681,2011-06-22,14463,31,193.5,2
557734,2011-06-22,12684,386,462.38,14
557735,2011-06-22,16214,100,313.08,9
557736,2011-06-22,13420,74,55.8,4
557739,2011-06-22,13780,173,116.28,9
557742,2011-06-22,14911,309,526.16,19
557743,2011-06-22,18155,105,152.63,11
557744,2011-06-22,15194,386,406.33,25
557745,2011-06-22,15750,489,497.26,66
557746,2011-06-22,15059,75,163.91,41
557747,2011-06-22,13611,237,333.57,17
557748,2011-06-22,14527,32,86.65,14
557749,2011-06-22,13477,239,249.76,14
557750,2011-06-22,16841,426,300.06,18
557751,2011-06-22,14092,99,250.09,12
557752,2011-06-22,14092,6,29.7,1
557753,2011-06-22,17877,98,237.61,12
557754,2011-06-22,12432,1,700.0,1
557755,2011-06-22,14733,144,441.48,10
557757,2011-06-22,14606,64,100.67,13
557758,2011-06-22,17585,389,291.99,65
557759,2011-06-22,14156,281,493.039999999999,28
557760,2011-06-22,12901,598,542.7,7
557761,2011-06-22,14214,305,183.56,17
557762,2011-06-22,15810,326,507.07,29
557763,2011-06-22,17669,300,453.72,21
557764,2011-06-22,13089,522,987.08,38
557765,2011-06-22,16247,182,114.56,16
557766,2011-06-22,16566,88,183.76,3
557767,2011-06-22,13089,12,17.4,1
557769,2011-06-22,16626,70,195.16,9
557770,2011-06-22,14643,429,335.87,16
557771,2011-06-22,15601,235,374.81,25
557772,2011-06-22,16458,156,222.0,11
557774,2011-06-22,13695,38,123.62,5
557775,2011-06-22,16966,144,332.16,2
557776,2011-06-22,14422,366,630.84,40
557781,2011-06-22,17389,42,52.5,1
557782,2011-06-22,14640,112,406.3,20
557783,2011-06-22,12748,4,4.94,3
557785,2011-06-22,14364,257,330.55,11
557786,2011-06-22,15550,62,141.14,17
557787,2011-06-22,15041,104,180.35,67
557788,2011-06-22,14088,7,33.16,4
557789,2011-06-22,12379,211,459.84,20
557790,2011-06-22,14099,191,403.81,21
557792,2011-06-22,16987,39,302.25,10
557793,2011-06-22,14998,165,246.23,33
557794,2011-06-23,16287,298,142.5,8
557795,2011-06-23,13881,822,1064.22,10
557796,2011-06-23,13881,48,202.4,2
557797,2011-06-23,12919,108,206.2,10
557798,2011-06-23,16187,812,910.98,47
557799,2011-06-23,14854,603,726.85,45
557800,2011-06-23,12748,1,7.95,1
557801,2011-06-23,13319,242,573.54,29
557802,2011-06-23,15130,197,330.11,22
557803,2011-06-23,12704,157,329.56,13
557804,2011-06-23,18198,220,311.52,11
557805,2011-06-23,17651,192,344.1,22
557846,2011-06-23,17365,554,473.82,44
557848,2011-06-23,15220,78,88.62,5
557849,2011-06-23,17613,145,308.35,15
557850,2011-06-23,12720,145,276.93,16
557852,2011-06-23,15384,348,338.84,21
557853,2011-06-23,16258,434,801.0,21
557854,2011-06-23,13268,301,312.47,44
557855,2011-06-23,16806,69,127.19,20
557856,2011-06-23,16647,81,86.31,5
557857,2011-06-23,17370,78,110.699999999999,8
557858,2011-06-23,14159,289,312.68,82
557859,2011-06-23,17709,17,137.45,7
557860,2011-06-23,17630,46,168.1,7
557861,2011-06-23,13437,111,220.83,13
557864,2011-06-23,15253,211,173.85,12
557869,2011-06-23,17961,4,6.89999999999999,3
557870,2011-06-23,14404,312,314.7,21
557871,2011-06-23,13458,130,300.78,13
557872,2011-06-23,14911,187,370.85,19
557873,2011-06-23,17659,3,14.85,1
557875,2011-06-23,13300,203,371.89,20
557877,2011-06-23,15379,38,130.8,8
557878,2011-06-23,16940,687,1110.68,103
557880,2011-06-23,14911,1,1.45,1
557881,2011-06-23,14401,360,302.16,12
557884,2011-06-23,17759,72,145.2,16
557885,2011-06-23,12465,294,440.94,26
557886,2011-06-23,17799,233,580.04,80
557887,2011-06-23,17759,5,21.95,2
557888,2011-06-23,14656,80,157.94,51
557889,2011-06-23,12412,358,514.5,28
557891,2011-06-23,17652,437,720.03,40
557892,2011-06-23,14534,199,421.39,65
557893,2011-06-23,15228,268,348.599999999999,11
557894,2011-06-23,14818,171,291.38,12
557896,2011-06-23,17611,43,114.88,20
557897,2011-06-23,13881,189,382.25,19
557898,2011-06-23,17314,509,517.05,24
557900,2011-06-23,13098,323,617.7,22
557933,2011-06-23,13014,133,460.75,16
557935,2011-06-23,13929,100,429.799999999999,7
557939,2011-06-23,12697,162,390.5,19
557940,2011-06-23,18017,100,179.0,1
557942,2011-06-23,13725,28,114.1,7
557948,2011-06-23,13937,123,158.85,9
557949,2011-06-23,15530,293,437.75,24
557950,2011-06-23,17848,41,144.56,16
557951,2011-06-23,14825,83,181.45,10
557952,2011-06-23,14584,82,213.45,14
557953,2011-06-23,12748,40,35.01,6
557954,2011-06-23,15023,257,817.83,67
557955,2011-06-23,16175,149,269.909999999999,14
557956,2011-06-23,18283,157,203.81,87
557957,2011-06-23,13969,253,551.72,50
557958,2011-06-23,16161,166,305.7,20
557959,2011-06-23,17351,64,228.7,16
557960,2011-06-23,15453,86,147.94,36
557961,2011-06-24,18257,92,214.4,10
557962,2011-06-24,13709,465,736.78,34
557963,2011-06-24,13709,162,327.6,19
557964,2011-06-24,15498,165,272.26,10
557966,2011-06-24,15187,128,607.2,3
557967,2011-06-24,17704,168,497.9,15
557968,2011-06-24,17061,168,671.9,13
557969,2011-06-24,13856,230,169.5,4
557970,2011-06-24,16915,6,41.9,3
557972,2011-06-24,12500,73,185.64,9
557973,2011-06-24,12955,204,293.96,15
557974,2011-06-24,14541,100,301.9,7
557975,2011-06-24,15981,244,438.8,15
557976,2011-06-24,18118,129,158.99,18
557995,2011-06-24,17979,193,262.87,38
558006,2011-06-24,16626,3,119.85,1
558027,2011-06-24,14032,236,309.8,13
558028,2011-06-24,15128,385,374.4,27
558030,2011-06-24,16419,61,170.51,8
558031,2011-06-24,14180,37,168.55,9
558035,2011-06-24,15258,64,307.5,18
558038,2011-06-24,18219,88,200.47,11
558039,2011-06-24,18219,38,68.5,4
558040,2011-06-24,14309,142,177.46,9
558041,2011-06-24,12422,175,417.36,18
558042,2011-06-24,13870,125,241.47,16
558043,2011-06-24,13425,520,773.08,27
558044,2011-06-24,13870,34,112.5,5
558045,2011-06-24,12615,413,634.74,31
558049,2011-06-24,15850,242,118.88,47
558053,2011-06-24,15027,119,312.85,17
558054,2011-06-24,12971,118,60.9,3
558056,2011-06-24,15186,162,229.26,10
558057,2011-06-24,15665,492,765.79,39
558058,2011-06-24,14766,251,365.11,26
558062,2011-06-24,13784,340,603.96,6
558063,2011-06-24,16395,519,516.69,49
558065,2011-06-24,16419,23,63.25,2
558067,2011-06-24,14156,571,930.71,37
558069,2011-06-24,14156,48,69.6,4
558070,2011-06-24,12843,24,20.4,1
558073,2011-06-24,13004,320,371.76,27
558074,2011-06-24,13791,700,937.0,7
558075,2011-06-24,17858,116,484.4,24
558076,2011-06-24,14031,174,913.36,21
558077,2011-06-26,13408,574,708.06,20
558078,2011-06-26,13408,12,35.4,1
558079,2011-06-26,17402,42,151.66,4
558083,2011-06-26,17284,83,108.53,10
558084,2011-06-26,14837,550,465.18,35
558085,2011-06-26,13021,173,387.47,19
558086,2011-06-26,16728,111,223.07,49
558087,2011-06-26,17323,164,135.37,33
558089,2011-06-26,13505,408,667.03,27
558090,2011-06-26,14808,2,79.9,1
558092,2011-06-26,14808,20,172.89,14
558093,2011-06-26,17969,21,103.0,7
558094,2011-06-26,14795,17,131.45,6
558096,2011-06-26,15532,174,545.34,93
558098,2011-06-26,18044,142,222.32,14
558099,2011-06-26,17593,429,852.84,71
558100,2011-06-26,17768,125,411.33,23
558101,2011-06-26,18112,110,196.64,12
558102,2011-06-26,17372,69,187.07,40
558103,2011-06-26,13767,80,413.6,12
558104,2011-06-26,13668,56,184.82,24
558105,2011-06-26,15644,278,389.81,126
558107,2011-06-26,17811,75,124.76,14
558108,2011-06-26,12548,49,95.1999999999999,5
558109,2011-06-26,12474,15,44.25,1
558111,2011-06-26,17114,7,45.5,6
558113,2011-06-27,14911,314,616.17,34
558114,2011-06-27,14911,79,200.15,12
558115,2011-06-27,16003,397,573.7,34
558121,2011-06-27,13453,58,171.98,9
558122,2011-06-27,16570,256,348.12,14
558123,2011-06-27,15834,271,510.45,30
558124,2011-06-27,12493,119,201.24,10
558125,2011-06-27,16422,656,1112.32,9
558126,2011-06-27,15482,251,666.06,8
558127,2011-06-27,13777,120,406.8,1
558159,2011-06-27,16904,70,167.59,14
558181,2011-06-27,17980,226,248.7,4
558182,2011-06-27,17386,228,434.04,5
558183,2011-06-27,15996,53,141.03,18
558191,2011-06-27,16869,72,154.15,21
558192,2011-06-27,16029,200,348.0,2
558193,2011-06-27,16029,288,768.0,6
558194,2011-06-27,14583,172,162.82,54
558195,2011-06-27,17735,528,701.88,36
558196,2011-06-27,16033,267,626.41,83
558197,2011-06-27,14298,1716,666.68,20
558198,2011-06-27,14104,70,111.259999999999,19
558199,2011-06-27,17110,50,163.299999999999,12
558200,2011-06-27,15976,152,220.95,48
558201,2011-06-27,15838,196,318.2,2
558203,2011-06-27,17386,72,179.28,1
558204,2011-06-27,18193,124,243.76,16
558232,2011-06-27,17841,324,447.6,107
558233,2011-06-27,18073,263,339.26,9
558234,2011-06-27,18073,60,65.3999999999999,2
558235,2011-06-27,16242,201,453.69,36
558237,2011-06-27,12867,592,613.91,78
558241,2011-06-27,15932,292,310.12,9
558247,2011-06-27,14167,34,143.1,14
558248,2011-06-27,13798,392,576.08,9
558259,2011-06-28,15304,26,110.3,6
558260,2011-06-28,16945,286,310.0,14
558261,2011-06-28,16945,24,10.08,1
558262,2011-06-28,14646,8998,10174.94,72
558263,2011-06-28,14646,424,1113.6,11
558264,2011-06-28,16473,50,98.3,5
558265,2011-06-28,12747,92,376.3,8
558271,2011-06-28,13895,188,382.46,15
558276,2011-06-28,16422,96,62.4,1
558293,2011-06-28,13656,377,216.95,18
558294,2011-06-28,16545,78,339.3,3
558295,2011-06-28,14481,255,333.65,18
558310,2011-06-28,16671,656,1382.88,3
558311,2011-06-28,14646,1588,2739.92,20
558314,2011-06-28,16672,144,361.8,3
558315,2011-06-28,15065,460,1452.35,66
558317,2011-06-28,14688,46,173.8,3
558325,2011-06-28,14351,12,51.0,1
558328,2011-06-28,15146,559,492.94,28
558330,2011-06-28,12748,224,299.71,35
558331,2011-06-28,17391,384,407.04,2
558332,2011-06-28,18241,8,59.5999999999999,2
558333,2011-06-28,13953,400,500.0,1
558334,2011-06-28,12599,109,134.28,8
558335,2011-06-28,17442,174,254.18,15
558336,2011-06-28,14364,182,315.6,13
558338,2011-06-28,16824,134,222.9,13
558339,2011-06-28,16928,133,174.049999999999,15
558341,2011-06-28,14741,78,173.56,8
558348,2011-06-28,17188,223,307.99,17
558350,2011-06-28,17188,38,82.66,3
558351,2011-06-28,13767,106,273.9,7
558352,2011-06-28,17940,430,107.5,1
558353,2011-06-28,17940,432,108.0,1
558355,2011-06-28,13614,222,589.23,81
558356,2011-06-28,14854,12,15.0,1
558358,2011-06-28,17965,94,140.06,22
558362,2011-06-28,16029,648,1353.2,6
558363,2011-06-28,16029,144,530.4,2
558365,2011-06-28,13631,40,250.0,1
558366,2011-06-28,13631,96,510.72,1
558367,2011-06-28,16550,227,345.92,42
558368,2011-06-28,14329,803,960.08,57
558370,2011-06-28,17750,491,323.0,43
558372,2011-06-28,16200,231,550.57,58
558375,2011-06-28,13418,162,376.92,13
558376,2011-06-28,13418,80,60.8,5
558381,2011-06-28,15299,1,600.0,1
558382,2011-06-28,17997,261,322.53,17
558383,2011-06-29,18075,147,282.23,15
558384,2011-06-29,17389,84,395.7,7
558385,2011-06-29,16525,336,478.08,7
558386,2011-06-29,14883,88,47.92,6
558387,2011-06-29,17391,96,101.76,1
558389,2011-06-29,14383,201,242.09,15
558390,2011-06-29,13461,424,576.4,12
558416,2011-06-29,16059,123,303.6,37
558417,2011-06-29,14156,2086,2822.74,25
558418,2011-06-29,12901,208,259.98,10
558419,2011-06-29,17702,177,335.33,10
558420,2011-06-29,14577,89,178.63,28
558421,2011-06-29,15611,30,60.66,2
558430,2011-06-29,13238,104,227.7,11
558431,2011-06-29,14911,17,106.15,3
558432,2011-06-29,17730,225,342.21,16
558435,2011-06-29,13078,226,474.18,18
558437,2011-06-29,17799,112,175.89,26
558440,2011-06-29,17408,3,32.65,2
558441,2011-06-29,14606,68,145.48,49
558442,2011-06-29,15537,29,110.92,24
558443,2011-06-29,15189,200,403.44,6
558447,2011-06-29,15311,480,856.32,8
558452,2011-06-29,15208,134,258.12,13
558454,2011-06-29,17063,114,305.0,16
558455,2011-06-29,14327,139,311.65,12
558456,2011-06-29,17063,10,47.5,2
558458,2011-06-29,14527,14,125.95,12
558459,2011-06-29,15334,76,109.64,33
558460,2011-06-29,16779,270,406.46,14
558461,2011-06-29,13263,104,185.85,48
558462,2011-06-29,13982,271,326.34,21
558467,2011-06-29,17757,44,170.42,15
558470,2011-06-29,16801,15,140.85,4
558472,2011-06-29,16553,408,547.44,4
558473,2011-06-29,16553,200,237.2,2
558474,2011-06-29,16553,48,204.0,1
558478,2011-06-29,16775,41,114.35,9
558479,2011-06-29,17837,28,119.8,12
558480,2011-06-30,15271,63,145.75,9
558481,2011-06-30,17675,149,483.01,20
558482,2011-06-30,16570,24,13.2,1
558483,2011-06-30,18171,53,219.83,10
558484,2011-06-30,14267,250,679.88,25
558501,2011-06-30,13871,257,615.09,37
558523,2011-06-30,17949,2105,2231.3,3
558524,2011-06-30,13113,84,187.78,7
558526,2011-06-30,17949,4332,13355.4,9
558527,2011-06-30,12748,1,1.65,1
558528,2011-06-30,17949,560,812.0,1
558529,2011-06-30,17949,16,23.2,1
558532,2011-06-30,15039,150,328.41,30
558533,2011-06-30,16717,287,530.47,31
558534,2011-06-30,13988,521,567.42,38
558535,2011-06-30,16904,126,279.77,44
558536,2011-06-30,12424,532,1466.32,23
558537,2011-06-30,12424,208,294.64,7
558538,2011-06-30,15005,192,246.82,44
558539,2011-06-30,16556,217,445.42,29
558540,2011-06-30,17706,965,2662.17,88
558542,2011-06-30,13593,123,368.3,29
558552,2011-06-30,13694,1044,1948.92,9
558554,2011-06-30,17949,576,2390.4,1
558555,2011-06-30,15578,52,127.1,13
558556,2011-06-30,17954,94,131.06,29
558557,2011-06-30,13282,88,428.4,8
558558,2011-06-30,17841,206,300.34,57
558560,2011-06-30,17841,1,5.95,1
558561,2011-06-30,13742,26,199.7,8
558562,2011-06-30,16401,242,309.9,9
558563,2011-06-30,14561,192,344.92,20
558564,2011-06-30,14057,309,482.6,29
558565,2011-06-30,14803,106,114.76,25
558567,2011-06-30,14191,196,318.9,15
558568,2011-06-30,16316,257,363.78,22
558570,2011-06-30,17673,130,142.52,22
558571,2011-06-30,17017,698,810.26,31
558572,2011-06-30,14282,120,228.1,8
558573,2011-06-30,17017,8,30.0,1
558574,2011-06-30,17017,84,97.2,4
558608,2011-06-30,12524,167,289.1,12
558611,2011-06-30,16475,34,57.9,3
558612,2011-06-30,17949,828,877.68,2
558613,2011-06-30,14911,394,756.36,30
558616,2011-06-30,16045,157,269.4,16
558619,2011-06-30,14401,314,316.7,14
558620,2011-06-30,15584,49,154.65,36
558621,2011-06-30,13745,496,300.04,25
558622,2011-06-30,16357,33,120.05,5
558623,2011-06-30,12395,103,163.9,10
558624,2011-06-30,14560,2,17.0,1
558625,2011-06-30,14132,190,301.06,18
558626,2011-06-30,12569,47,95.28,6
558627,2011-06-30,14711,7,311.86,6
558628,2011-06-30,12626,583,814.74,44
558629,2011-06-30,15615,24,32.4,2
558630,2011-06-30,15615,310,646.82,28
558631,2011-06-30,17921,67,161.89,25
558632,2011-06-30,17930,349,303.539999999999,15
558633,2011-06-30,16745,174,294.65,14
558634,2011-06-30,14506,38,264.8,16
558635,2011-06-30,16498,42,91.22,14
558636,2011-06-30,14702,60,165.5,17
558637,2011-06-30,17891,393,203.859999999999,34
558638,2011-07-01,16317,256,462.58,24
558639,2011-07-01,13492,152,360.8,13
558640,2011-07-01,14911,82,138.5,8
558641,2011-07-01,17865,330,831.34,29
558642,2011-07-01,17667,182,394.34,21
558643,2011-07-01,13534,202,410.9,15
558644,2011-07-01,14156,19,679.1,2
558647,2011-07-01,14868,212,439.74,26
558653,2011-07-01,14868,12,17.4,1
558671,2011-07-01,17123,246,345.299999999999,9
558679,2011-07-01,17800,81,124.9,22
558684,2011-07-01,14016,697,976.58,45
558685,2011-07-01,17706,108,276.8,14
558686,2011-07-01,17706,137,184.2,11
558687,2011-07-01,12598,285,298.64,16
558696,2011-07-01,16746,336,587.3,53
558699,2011-07-01,12494,79,153.22,10
558700,2011-07-01,17920,274,304.61,82
558701,2011-07-01,16866,21,108.949999999999,5
558702,2011-07-01,12748,83,156.17,33
558703,2011-07-01,13730,239,306.75,22
558704,2011-07-01,17505,287,658.85,26
558705,2011-07-01,12748,34,37.78,23
558706,2011-07-01,16839,320,416.96,4
558707,2011-07-01,12748,121,100.33,43
558708,2011-07-01,12748,6,10.76,5
558709,2011-07-01,17338,336,617.03,81
558710,2011-07-01,15483,15,31.11,11
558711,2011-07-01,15483,13,18.83,8
558713,2011-07-01,15483,122,69.02,15
558714,2011-07-01,17888,349,128.27,13
558717,2011-07-01,12710,61,71.4,4
558718,2011-07-01,16589,112,117.68,9
558719,2011-07-01,13576,132,351.48,3
558721,2011-07-01,14338,1,8.25,1
558729,2011-07-01,13450,424,440.64,14
558731,2011-07-01,13285,540,796.83,55
558734,2011-07-01,16498,3,9.75,1
558737,2011-07-01,17988,4,13.37,4
558738,2011-07-01,12922,370,405.38,28
558740,2011-07-01,16775,28,111.7,7
558746,2011-07-01,14415,143,215.75,18
558747,2011-07-03,15465,53,318.909999999999,6
558748,2011-07-03,17800,71,115.75,8
558749,2011-07-03,16326,29,155.34,17
558750,2011-07-03,18226,257,450.81,21
558751,2011-07-03,16009,208,462.19,66
558752,2011-07-03,16931,146,272.26,40
558754,2011-07-03,15518,278,406.659999999999,51
558755,2011-07-03,14053,115,154.25,3
558756,2011-07-03,12843,92,294.3,12
558757,2011-07-03,13148,96,223.92,28
558758,2011-07-03,17939,40,99.14,12
558759,2011-07-03,13148,186,247.52,25
558760,2011-07-03,16918,158,247.25,24
558761,2011-07-03,15033,103,175.65,53
558762,2011-07-03,15023,41,406.18,15
558763,2011-07-03,12841,160,209.519999999999,23
558765,2011-07-03,17312,178,145.8,10
558766,2011-07-03,14257,107,306.33,7
558767,2011-07-03,13833,118,384.8,29
558768,2011-07-03,15952,21,95.15,16
558769,2011-07-03,17899,171,155.8,32
558770,2011-07-03,12748,60,115.55,26
558771,2011-07-03,17105,334,346.38,52
558772,2011-07-03,15007,69,156.91,12
558773,2011-07-03,17781,26,86.02,10
558775,2011-07-04,18102,1700,7786.0,6
558776,2011-07-04,18102,1200,5496.0,6
558778,2011-07-04,17160,360,471.22,31
558779,2011-07-04,16682,48,100.8,4
558812,2011-07-04,16265,346,750.9,34
558813,2011-07-04,12682,259,474.36,16
558814,2011-07-04,14049,135,226.93,23
558841,2011-07-04,12471,1,30.0,1
558860,2011-07-04,17975,130,249.03,46
558861,2011-07-04,13373,486,1067.87999999999,56
558862,2011-07-04,13901,856,1561.09,77
558863,2011-07-04,17243,130,276.82,23
558867,2011-07-04,17765,40,109.33,13
558868,2011-07-04,13266,374,375.22,16
558870,2011-07-04,14145,228,1128.6,3
558871,2011-07-04,12557,1506,4146.34,15
558872,2011-07-04,17464,220,289.96,9
558873,2011-07-04,15290,270,457.3,15
558875,2011-07-04,13301,81,153.13,24
558876,2011-07-04,17841,195,360.82,52
558877,2011-07-04,17841,212,249.05,72
558878,2011-07-04,16385,85,126.62,18
558879,2011-07-04,12921,204,369.56,18
558880,2011-07-04,12921,8,70.8,2
558881,2011-07-04,12705,863,998.42,60
558885,2011-07-04,13267,109,227.95,12
558886,2011-07-04,13267,22,49.5,4
558887,2011-07-04,18265,224,488.55,29
558888,2011-07-04,14056,285,659.08,87
558891,2011-07-04,16861,24,70.8,2
558892,2011-07-04,17581,333,298.74,18
558893,2011-07-04,17581,88,62.6,5
558894,2011-07-04,16344,18,101.1,2
558895,2011-07-04,12619,1,389.68,1
558900,2011-07-04,15349,77,107.7,12
558902,2011-07-04,13001,395,770.07,25
558906,2011-07-04,15555,557,433.219999999999,93
558908,2011-07-05,13338,256,487.02,19
558909,2011-07-05,13408,394,789.66,8
558910,2011-07-05,12989,576,1141.2,5
558911,2011-07-05,14189,236,321.46,18
558912,2011-07-05,17024,25,31.25,1
558916,2011-07-05,16985,206,663.18,12
558917,2011-07-05,12980,24,838.8,1
558918,2011-07-05,15646,24,107.6,7
558919,2011-07-05,15078,235,455.45,23
558920,2011-07-05,15078,34,104.34,5
558921,2011-07-05,15078,10,20.8,1
558922,2011-07-05,16782,40,157.4,9
558923,2011-07-05,16837,20,97.0,4
558924,2011-07-05,15785,245,318.03,9
558925,2011-07-05,15785,12,17.4,1
558926,2011-07-05,17469,189,440.71,23
558927,2011-07-05,18177,181,324.17,17
558933,2011-07-05,16098,67,289.95,8
558959,2011-07-05,16103,126,351.14,8
558963,2011-07-05,14235,622,1088.5,16
558964,2011-07-05,14235,363,449.81,9
558970,2011-07-05,18232,107,129.64,8
558990,2011-07-05,13489,40,51.36,4
558991,2011-07-05,14606,104,123.73,40
558992,2011-07-05,14223,261,351.69,21
558993,2011-07-05,16729,365,504.98,35
558994,2011-07-05,13854,98,349.54,5
558995,2011-07-05,17671,213,311.82,16
558996,2011-07-05,13085,44,137.98,9
558999,2011-07-05,15806,139,221.52,7
559000,2011-07-05,14099,104,235.63,25
559001,2011-07-05,18198,106,300.8,10
559002,2011-07-05,12971,200,72.0,2
559004,2011-07-05,12428,228,632.44,20
559005,2011-07-05,13183,166,302.18,7
559006,2011-07-05,14905,146,307.6,8
559009,2011-07-05,15549,262,689.58,43
559010,2011-07-05,14911,21,205.6,7
559011,2011-07-05,17049,291,694.57,41
559013,2011-07-05,13414,606,467.7,3
559014,2011-07-05,14262,213,305.5,15
559015,2011-07-05,13098,143,396.9,11
559016,2011-07-05,14051,150,672.9,10
559017,2011-07-05,14034,294,455.169999999999,23
559018,2011-07-05,18203,43,160.42,19
559020,2011-07-05,14034,13,18.74,2
559021,2011-07-05,16525,230,532.94,6
559023,2011-07-05,18142,984,737.04,6
559024,2011-07-05,16616,110,210.1,11
559025,2011-07-05,16338,94,214.799999999999,11
559026,2011-07-05,16146,60,75.0,1
559027,2011-07-05,17046,510,642.02,22
559028,2011-07-05,12839,234,330.6,19
559029,2011-07-05,16316,24,19.9199999999999,2
559032,2011-07-05,17511,1502,2156.44,36
559034,2011-07-05,13109,260,369.85,24
559035,2011-07-05,13695,93,139.68,6
559036,2011-07-05,12637,321,662.35,32
559044,2011-07-05,17306,460,426.2,2
559045,2011-07-05,14352,114,178.74,7
559046,2011-07-05,14352,14,54.9,2
559047,2011-07-05,13082,1342,1278.1,7
559048,2011-07-05,13027,1920,768.0,4
559050,2011-07-05,13694,1120,600.72,7
559056,2011-07-06,14645,303,356.99,21
559057,2011-07-06,13089,400,561.34,25
559058,2011-07-06,12407,522,719.06,33
559060,2011-07-06,15738,260,302.2,9
559061,2011-07-06,17220,135,197.24,41
559062,2011-07-06,13253,948,553.92,20
559063,2011-07-06,17220,178,173.86,22
559064,2011-07-06,15673,200,318.66,14
559068,2011-07-06,17841,85,197.87,67
559070,2011-07-06,13468,75,110.55,7
559091,2011-07-06,17905,110,224.84,5
559092,2011-07-06,16829,99,197.22,11
559095,2011-07-06,13198,301,431.57,27
559096,2011-07-06,12830,1036,647.92,3
559097,2011-07-06,17562,90,109.0,6
559098,2011-07-06,16029,288,605.76,3
559106,2011-07-06,15889,66,148.95,27
559107,2011-07-06,15334,114,127.53,37
559108,2011-07-06,13094,192,223.68,3
559109,2011-07-06,15021,82,215.85,47
559110,2011-07-06,14145,120,594.0,1
559111,2011-07-06,17440,84,61.8,2
559112,2011-07-06,17315,99,215.25,12
559113,2011-07-06,13217,100,85.0,1
559120,2011-07-06,16393,248,380.45,43
559121,2011-07-06,13599,313,308.18,16
559122,2011-07-06,15159,778,521.34,39
559123,2011-07-06,17341,188,253.26,21
559124,2011-07-06,14621,128,366.6,14
559125,2011-07-06,13985,211,437.38,24
559126,2011-07-06,17341,10,14.5,1
559127,2011-07-06,15971,145,301.9,4
559128,2011-07-06,17238,103,193.29,40
559129,2011-07-06,17705,74,167.5,9
559130,2011-07-06,15189,244,412.2,4
559131,2011-07-06,18144,93,202.1,3
559132,2011-07-06,15053,257,255.95,20
559133,2011-07-06,17861,582,704.01,86
559134,2011-07-06,12700,597,1056.62,60
559135,2011-07-06,12455,103,134.5,11
559137,2011-07-06,17861,8,5.2,1
559138,2011-07-06,16919,173,215.74,27
559139,2011-07-06,15061,515,477.9,8
559141,2011-07-06,15311,380,683.91,43
559142,2011-07-06,17719,109,381.17,12
559143,2011-07-06,15581,24,67.79,22
559144,2011-07-06,12921,161,312.75,18
559145,2011-07-06,17404,3242,2825.1,20
559146,2011-07-06,12921,244,615.3,18
559148,2011-07-06,12450,64,96.0,2
559150,2011-07-06,14002,59,224.79,14
559151,2011-07-06,17389,60,473.7,7
559152,2011-07-06,14214,53,76.95,5
559153,2011-07-06,13804,168,321.14,18
559154,2011-07-06,17045,34,108.4,5
559155,2011-07-06,13418,394,221.0,25
559156,2011-07-06,13418,24,79.62,4
559157,2011-07-06,13999,167,307.03,19
559158,2011-07-06,17428,259,345.65,13
559160,2011-07-06,17293,150,235.82,15
559164,2011-07-06,16422,406,587.46,6
559165,2011-07-06,12977,12,39.2399999999999,9
559167,2011-07-06,17997,276,532.21,15
559168,2011-07-06,13263,76,145.96,26
559169,2011-07-06,16722,711,311.46,17
559170,2011-07-06,16942,86,179.35,24
559171,2011-07-07,17651,195,377.61,23
559172,2011-07-07,17651,12,65.4,1
559173,2011-07-07,12540,216,416.62,25
559174,2011-07-07,18263,720,503.8,30
559185,2011-07-07,15512,12,19.7999999999999,1
559187,2011-07-07,12507,11,46.75,1
559199,2011-07-07,15288,148,382.36,10
559200,2011-07-07,13291,233,361.11,42
559201,2011-07-07,14217,23,95.75,6
559202,2011-07-07,13583,725,781.03,53
559203,2011-07-07,17723,200,830.0,1
559204,2011-07-07,13798,540,909.24,6
559205,2011-07-07,18073,252,246.36,4
559206,2011-07-07,18073,109,128.16,3
559237,2011-07-07,15267,216,372.0,2
559254,2011-07-07,16814,154,300.03,17
559255,2011-07-07,13027,1920,768.0,2
559256,2011-07-07,15249,456,819.0,37
559289,2011-07-07,15719,255,433.25,69
559293,2011-07-07,16743,15,28.88,13
559295,2011-07-07,12362,144,303.76,19
559297,2011-07-07,16743,416,428.49,42
559298,2011-07-07,12471,298,739.64,22
559299,2011-07-07,16929,200,229.14,15
559300,2011-07-07,12471,148,208.62,12
559301,2011-07-07,13842,164,336.8,20
559302,2011-07-07,14527,28,117.8,18
559305,2011-07-07,17892,69,142.1,26
559306,2011-07-07,18236,82,171.45,9
559307,2011-07-07,15356,272,370.15,47
559308,2011-07-07,13158,194,306.42,20
559310,2011-07-07,15505,630,944.16,26
559311,2011-07-07,14459,760,1837.92,37
559312,2011-07-07,14180,12,97.5,6
559313,2011-07-07,16325,58,225.2,8
559315,2011-07-07,13456,101,430.0,3
559316,2011-07-07,12647,143,276.6,16
559317,2011-07-07,17611,137,285.83,52
559318,2011-07-07,18013,261,177.21,30
559319,2011-07-07,18013,24,10.08,1
559320,2011-07-07,13208,88,134.86,18
559321,2011-07-07,17069,245,422.72,24
559322,2011-07-07,15769,1372,2609.0,7
559323,2011-07-07,12971,128,203.6,5
559324,2011-07-07,12971,148,158.399999999999,2
559325,2011-07-07,17560,164,219.78,6
559326,2011-07-07,13835,134,208.89,13
559327,2011-07-07,13681,96,203.46,13
559328,2011-07-07,13743,360,275.76,7
559329,2011-07-07,15241,318,205.1,12
559330,2011-07-07,17696,303,400.1,29
559331,2011-07-07,16156,214,349.92,19
559332,2011-07-07,14021,40,130.2,4
559333,2011-07-07,16112,192,23.04,2
559336,2011-07-07,17315,116,113.96,10
559339,2011-07-07,13752,84,90.6,2
559340,2011-07-07,13699,66,308.58,14
559341,2011-07-07,15144,214,443.2,11
559342,2011-07-07,14493,327,611.22,29
559343,2011-07-07,17961,1,4.25,1
559346,2011-07-07,13486,140,202.16,15
559349,2011-07-07,15150,184,292.82,20
559350,2011-07-07,16842,179,346.38,16
559352,2011-07-07,17837,27,126.449999999999,8
559353,2011-07-07,13302,5,63.75,1
559354,2011-07-07,16012,219,365.05,24
559355,2011-07-07,17007,59,112.71,7
559356,2011-07-07,15416,390,869.9,44
559357,2011-07-07,17107,581,2215.25,64
559358,2011-07-07,15675,449,180.39,13
559359,2011-07-07,14702,92,109.9,13
559360,2011-07-07,14657,68,114.54,17
559361,2011-07-07,17312,98,253.699999999999,3
559362,2011-07-08,12635,399,683.64,40
559363,2011-07-08,16091,71,157.81,8
559364,2011-07-08,17735,412,761.92,34
559366,2011-07-08,13102,196,413.96,19
559367,2011-07-08,13013,140,303.14,17
559368,2011-07-08,17031,125,225.95,13
559369,2011-07-08,14388,185,326.77,16
559370,2011-07-08,17042,223,185.51,15
559371,2011-07-08,14264,52,218.27,12
559372,2011-07-08,12461,282,626.88,34
559401,2011-07-08,15039,95,185.81,27
559418,2011-07-08,12681,325,579.26,36
559419,2011-07-08,16029,224,438.0,2
559420,2011-07-08,17663,80,225.72,10
559421,2011-07-08,12648,160,318.05,21
559422,2011-07-08,12553,137,284.75,16
559424,2011-07-08,18121,433,649.85,30
559436,2011-07-08,15901,209,110.49,24
559441,2011-07-08,12583,200,329.24,14
559455,2011-07-08,13018,264,251.9,21
559456,2011-07-08,13018,12,17.4,1
559457,2011-07-08,14918,312,765.42,20
559458,2011-07-08,14104,2,104.95,2
559459,2011-07-08,15311,270,454.28,17
559460,2011-07-08,13862,234,300.86,16
559462,2011-07-08,16523,139,314.85,7
559463,2011-07-08,17965,5,28.35,3
559464,2011-07-08,15157,832,419.91,35
559465,2011-07-08,14680,1568,3609.8,24
559466,2011-07-08,15679,186,82.04,9
559469,2011-07-08,15182,109,252.37,13
559471,2011-07-08,17512,290,238.9,13
559472,2011-07-08,18037,2,9.2,2
559477,2011-07-08,14315,85,305.75,11
559504,2011-07-08,15920,21,35.33,11
559505,2011-07-08,16398,255,535.85,19
559507,2011-07-08,15920,55,98.06,31
559508,2011-07-08,12748,30,103.97,13
559509,2011-07-08,15920,20,31.74,17
559510,2011-07-08,14961,456,727.32,34
559511,2011-07-08,15920,3,2.37,1
559512,2011-07-08,14188,185,329.46,11
559513,2011-07-08,14534,178,243.22,37
559516,2011-07-08,14708,60,282.12,2
559519,2011-07-08,17353,600,870.0,4
559523,2011-07-08,13955,44,117.86,22
559524,2011-07-10,16866,12,45.0,1
559525,2011-07-10,16923,214,391.52,35
559526,2011-07-10,15756,61,115.72,49
559527,2011-07-10,17787,67,149.02,15
559528,2011-07-10,13064,224,455.95,27
559529,2011-07-10,14808,251,430.05,32
559532,2011-07-10,14808,29,13.01,5
559535,2011-07-10,17841,136,244.12,77
559536,2011-07-10,16283,235,198.56,31
559537,2011-07-10,14472,87,115.449999999999,11
559538,2011-07-10,16880,135,269.49,42
559539,2011-07-10,18024,148,337.58,20
559541,2011-07-10,18024,36,52.1999999999999,1
559542,2011-07-10,17126,446,412.62,80
559543,2011-07-10,17126,34,38.98,26
559544,2011-07-10,17126,40,37.88,30
559545,2011-07-10,15467,181,288.42,30
559546,2011-07-10,14163,308,909.6,17
559547,2011-07-10,17758,242,381.37,69
559548,2011-07-10,17997,795,297.65,28
559549,2011-07-10,13230,318,280.7,67
559550,2011-07-10,17757,64,150.75,23
559551,2011-07-10,16877,69,111.23,24
559552,2011-07-10,16014,123,267.0,75
559553,2011-07-11,16174,175,322.15,18
559554,2011-07-11,14258,782,1778.5,20
559555,2011-07-11,13678,924,232.6,16
559556,2011-07-11,16156,12,34.68,1
559557,2011-07-11,17444,1026,1217.64,77
559605,2011-07-11,15045,76,346.76,8
559606,2011-07-11,14606,68,114.11,23
559607,2011-07-11,12681,241,532.48,27
559609,2011-07-11,13754,132,126.6,4
559629,2011-07-11,14690,85,216.71,29
559636,2011-07-11,13058,9,47.55,3
559637,2011-07-11,17381,1712,1236.48,5
559638,2011-07-11,17381,264,251.68,3
559639,2011-07-11,13767,180,457.26,15
559640,2011-07-11,15812,142,533.02,5
559641,2011-07-11,13184,376,365.02,38
559652,2011-07-11,17164,200,327.2,20
559653,2011-07-11,14552,91,165.07,58
559654,2011-07-11,13098,358,865.62,21
559656,2011-07-11,13675,126,178.38,10
559657,2011-07-11,16701,44,21.96,2
559658,2011-07-11,13003,24,30.0,1
559660,2011-07-11,16701,1352,1080.65,28
559661,2011-07-11,18061,42,213.7,5
559662,2011-07-11,16572,154,299.7,17
559665,2011-07-11,12556,166,312.9,67
559668,2011-07-11,13394,406,301.26,19
559669,2011-07-11,16332,157,307.97,19
559671,2011-07-11,17811,55,114.95,21
559672,2011-07-11,14796,489,550.4,70
559673,2011-07-11,13224,665,1212.26,42
559674,2011-07-11,15856,247,351.7,35
559676,2011-07-11,17340,462,1180.12,46
559677,2011-07-11,17340,4,15.0,1
559678,2011-07-11,16033,66,214.25,29
559679,2011-07-11,15265,372,793.88,40
559680,2011-07-11,12717,244,421.24,24
559682,2011-07-11,17337,25,32.95,2
559684,2011-07-11,14367,138,373.4,14
559685,2011-07-11,12599,49,78.6,5
559686,2011-07-11,17966,119,141.98,38
559687,2011-07-11,17966,377,168.95,11
559688,2011-07-11,12748,4,5.8,1
559690,2011-07-11,16422,430,850.46,7
559691,2011-07-11,13089,498,795.56,34
559696,2011-07-11,15577,53,156.85,16
559697,2011-07-11,15577,29,72.38,19
559698,2011-07-11,17589,489,631.65,55
559699,2011-07-12,12682,77,192.8,11
559700,2011-07-12,17450,646,1752.06,5
559701,2011-07-12,16013,512,1305.6,1
559702,2011-07-12,16013,152,696.72,3
559703,2011-07-12,16989,1066,857.7,7
559704,2011-07-12,12669,266,471.43,31
559706,2011-07-12,16609,240,347.29,21
559707,2011-07-12,12358,100,484.86,12
559708,2011-07-12,13549,57,116.55,8
559709,2011-07-12,16656,1024,884.4,7
559710,2011-07-12,12474,125,191.6,11
559711,2011-07-12,13590,89,204.35,12
559715,2011-07-12,14132,406,304.5,13
559733,2011-07-12,16145,318,309.07,20
559745,2011-07-12,17790,47,113.07,11
559746,2011-07-12,16515,241,365.28,18
559751,2011-07-12,14688,146,207.41,13
559768,2011-07-12,13207,72,197.52,5
559774,2011-07-12,18122,69,119.19,23
559782,2011-07-12,12722,156,302.92,19
559783,2011-07-12,13069,432,302.04,16
559784,2011-07-12,16839,312,834.52,9
559790,2011-07-12,14548,128,326.4,2
559791,2011-07-12,17675,170,527.3,18
559793,2011-07-12,17949,23,24.38,1
559794,2011-07-12,16700,405,446.08,30
559795,2011-07-12,17268,28,35.0,2
559797,2011-07-12,12720,252,267.04,20
559798,2011-07-12,12720,192,100.32,6
559804,2011-07-12,17405,334,393.31,41
559806,2011-07-12,13311,271,490.11,24
559807,2011-07-12,17841,236,501.37,94
559809,2011-07-12,16409,142,235.71,42
559810,2011-07-12,16168,203,243.649999999999,6
559811,2011-07-12,13269,146,305.1,15
559812,2011-07-12,15051,351,377.74,34
559813,2011-07-12,18272,392,753.66,37
559814,2011-07-12,15544,238,370.16,25
559815,2011-07-12,15251,752,757.6,5
559818,2011-07-12,13408,386,515.3,7
559819,2011-07-12,12682,117,256.7,10
559821,2011-07-12,16365,25,131.45,14
559822,2011-07-12,16365,1,12.75,1
559823,2011-07-12,12919,32,52.8,2
559824,2011-07-12,17576,164,263.38,31
559826,2011-07-13,13420,27,104.05,4
559827,2011-07-13,15189,277,431.8,6
559828,2011-07-13,16998,2,7.9,1
559831,2011-07-13,14709,240,416.9,18
559834,2011-07-13,12576,148,239.2,16
559835,2011-07-13,13509,1,15.0,1
559836,2011-07-13,13911,294,516.12,30
559861,2011-07-13,15895,94,179.17,11
559862,2011-07-13,12782,354,515.72,21
559863,2011-07-13,15039,173,352.94,30
559864,2011-07-13,14916,361,406.229999999999,27
559865,2011-07-13,14409,639,1086.83,25
559866,2011-07-13,15795,581,610.01,42
559872,2011-07-13,16816,60,47.24,5
559876,2011-07-13,15752,210,243.25,60
559877,2011-07-13,15561,42,178.82,8
559878,2011-07-13,15493,101,367.5,52
559879,2011-07-13,15561,2,5.1,1
559881,2011-07-13,16899,86,162.63,27
559883,2011-07-13,14397,82,56.18,4
559884,2011-07-13,16843,800,535.52,32
559885,2011-07-13,16843,60,69.72,3
559886,2011-07-13,13669,13,48.15,3
559887,2011-07-13,13263,99,163.53,55
559888,2011-07-13,16450,200,311.92,11
559889,2011-07-13,12678,667,915.46,10
559890,2011-07-13,12464,13,45.5999999999999,2
559893,2011-07-13,14498,284,608.46,46
559894,2011-07-13,14159,419,419.48,132
559895,2011-07-13,14110,134,317.4,9
559896,2011-07-13,15530,49,177.85,16
559897,2011-07-13,16779,334,660.01,19
559898,2011-07-13,16225,198,353.08,57
559899,2011-07-13,12528,94,281.71,12
559900,2011-07-13,13089,132,214.2,5
559901,2011-07-13,18121,17,23.25,2
559902,2011-07-13,14502,97,105.78,48
559903,2011-07-13,12935,318,353.09,20
559904,2011-07-13,13149,282,506.16,30
559905,2011-07-13,15311,113,152.81,8
559906,2011-07-13,18219,75,185.85,11
559907,2011-07-13,12766,625,936.48,40
559909,2011-07-13,18245,291,330.92,26
559910,2011-07-13,18245,14,35.5999999999999,2
559911,2011-07-13,13777,104,270.9,9
559912,2011-07-13,14221,244,357.78,22
559913,2011-07-13,14221,12,17.4,2
559916,2011-07-13,14201,58,110.14,4
559918,2011-07-13,18225,301,488.4,28
559919,2011-07-13,12415,4308,2735.16,22
559920,2011-07-13,12415,24,61.1999999999999,1
559921,2011-07-13,13667,154,305.02,87
559922,2011-07-13,14400,454,574.7,25
559925,2011-07-13,17644,135,316.85,9
559926,2011-07-13,17644,24,39.5999999999999,2
559927,2011-07-13,17567,364,461.08,7
559928,2011-07-14,12405,857,1710.39,54
559929,2011-07-14,14265,271,252.05,15
559930,2011-07-14,17738,330,585.62,25
559931,2011-07-14,17738,89,205.95,11
559932,2011-07-14,17389,54,561.9,5
559933,2011-07-14,16719,186,308.2,32
559934,2011-07-14,13012,198,304.92,16
559935,2011-07-14,15125,176,315.12,3
559936,2011-07-14,15125,48,49.92,1
559937,2011-07-14,13577,206,465.35,26
559938,2011-07-14,17315,35,112.81,13
559940,2011-07-14,17396,262,791.7,5
559941,2011-07-14,17396,400,1960.79999999999,3
559942,2011-07-14,17396,258,1037.1,3
559944,2011-07-14,17396,78,596.7,3
559945,2011-07-14,17396,1,18.0,1
559948,2011-07-14,12653,633,1430.75,27
559951,2011-07-14,14847,120,309.4,13
559979,2011-07-14,14862,430,304.099999999999,21
559980,2011-07-14,17314,129,202.87,8
559981,2011-07-14,14562,246,603.54,33
559982,2011-07-14,12915,52,164.0,9
559984,2011-07-14,16657,205,203.56,60
559985,2011-07-14,16488,170,219.06,11
559986,2011-07-14,15256,55,98.45,6
559987,2011-07-14,12619,781,688.0,15
559988,2011-07-14,15402,263,185.78,14
559989,2011-07-14,13319,177,521.49,24
559990,2011-07-14,13319,46,87.3,5
559991,2011-07-14,14527,27,139.95,20
559993,2011-07-14,14716,355,188.56,23
560010,2011-07-14,13178,276,285.0,19
560018,2011-07-14,15987,183,287.29,68
560024,2011-07-14,15005,169,244.87,40
560025,2011-07-14,18283,100,140.69,56
560026,2011-07-14,16928,93,119.05,12
560032,2011-07-14,18283,2,2.5,1
560033,2011-07-14,12388,429,902.09,35
560034,2011-07-14,13933,113,300.99,14
560035,2011-07-14,17706,865,2204.36,72
560036,2011-07-14,14911,688,1147.1,47
560038,2011-07-14,12709,300,875.28,13
560041,2011-07-14,14156,178,654.97,28
560042,2011-07-14,17068,88,170.45,11
560047,2011-07-14,17259,135,221.73,37
560048,2011-07-14,13515,127,132.16,9
560049,2011-07-14,14857,188,522.52,29
560051,2011-07-14,15306,278,344.62,17
560052,2011-07-14,15187,248,413.64,16
560053,2011-07-14,17612,261,366.31,13
560078,2011-07-14,16040,224,453.75,24
560079,2011-07-14,15521,465,449.2,26
560080,2011-07-14,17450,1632,3279.36,10
560086,2011-07-14,15839,234,299.18,20
560087,2011-07-14,18172,128,326.4,1
560088,2011-07-14,15114,244,135.62,10
560089,2011-07-14,12748,32,82.53,13
560093,2011-07-14,14461,163,356.84,14
560094,2011-07-14,18109,490,408.219999999999,16
560095,2011-07-14,17848,6,30.5,5
560096,2011-07-14,13538,12,95.4,3
560097,2011-07-14,13050,256,339.38,20
560098,2011-07-14,16907,50,127.88,20
560101,2011-07-14,14891,71,105.0,6
560102,2011-07-14,13994,96,288.57,17
560103,2011-07-14,17837,47,130.26,13
560104,2011-07-14,17921,87,159.3,35
560105,2011-07-14,16794,263,222.13,51
560106,2011-07-14,17554,747,772.43,50
560107,2011-07-15,12928,204,356.1,16
560108,2011-07-15,16979,42,208.5,8
560109,2011-07-15,13491,54,56.82,6
560115,2011-07-15,17841,72,180.8,31
560118,2011-07-15,16818,246,418.96,21
560119,2011-07-15,12815,140,448.1,16
560120,2011-07-15,14907,569,971.13,45
560122,2011-07-15,14332,48,119.04,2
560125,2011-07-15,18118,63,136.68,53
560145,2011-07-15,13381,332,709.74,34
560180,2011-07-15,14640,57,185.07,6
560181,2011-07-15,16621,45,118.71,5
560182,2011-07-15,12971,203,254.35,3
560183,2011-07-15,12971,132,105.6,3
560184,2011-07-15,12971,54,52.98,4
560185,2011-07-15,14676,744,542.4,11
560186,2011-07-15,17266,27,113.06,17
560187,2011-07-15,17444,1,550.94,1
560188,2011-07-15,18229,144,322.2,9
560190,2011-07-15,15737,74,168.2,10
560191,2011-07-15,16203,16,60.0,4
560199,2011-07-15,17948,144,358.56,1
560200,2011-07-15,13184,24,30.0,1
560201,2011-07-15,17061,86,329.3,4
560202,2011-07-15,12712,119,776.05,13
560203,2011-07-15,15311,286,472.81,25
560204,2011-07-15,12971,36,154.2,3
560205,2011-07-15,17068,10,16.5,1
560207,2011-07-15,15301,123,410.849999999999,19
560209,2011-07-15,15004,630,1246.32,158
560210,2011-07-15,14958,20,107.399999999999,8
560211,2011-07-15,12621,297,561.06,28
560212,2011-07-15,14722,120,187.92,29
560222,2011-07-15,14293,165,231.39,18
560223,2011-07-15,16904,73,187.39,33
560224,2011-07-15,14572,248,400.76,45
560228,2011-07-15,17750,731,307.41,33
560229,2011-07-17,14013,114,155.3,11
560230,2011-07-17,12600,107,345.23,9
560231,2011-07-17,13305,133,250.95,9
560232,2011-07-17,14810,114,238.4,22
560233,2011-07-17,16813,477,247.44,49
560234,2011-07-17,16180,1104,1885.1,24
560235,2011-07-17,14060,118,189.58,9
560236,2011-07-17,15206,12,35.4,2
560237,2011-07-17,15281,13,49.55,3
560238,2011-07-17,17725,208,307.5,18
560239,2011-07-17,13507,751,1242.37999999999,82
560240,2011-07-17,15716,96,216.37,25
560241,2011-07-17,13967,42,80.7,2
560244,2011-07-17,16931,243,268.76,56
560246,2011-07-17,14292,328,1353.1,15
560247,2011-07-17,14292,34,111.9,5
560248,2011-07-17,16255,330,438.76,43
560249,2011-07-17,17571,236,201.25,30
560250,2011-07-17,14659,117,259.79,28
560251,2011-07-17,17774,219,394.88,60
560252,2011-07-17,13468,61,115.87,9
560253,2011-07-17,13993,199,535.59,22
560254,2011-07-17,16678,322,236.94,19
560255,2011-07-17,16054,380,783.9,70
560256,2011-07-17,14462,68,140.76,25
560257,2011-07-17,13340,703,810.09,17
560258,2011-07-17,13340,152,482.8,8
560259,2011-07-17,13654,723,541.43,41
560260,2011-07-17,14044,70,171.44,58
560261,2011-07-17,12841,138,207.16,21
560262,2011-07-17,14224,162,368.18,16
560263,2011-07-17,16342,76,89.26,4
560264,2011-07-17,12833,156,417.38,24
560265,2011-07-17,17863,499,413.38,22
560266,2011-07-17,17389,66,338.7,6
560267,2011-07-17,13880,32,129.5,6
560268,2011-07-17,13880,103,211.69,10
560269,2011-07-17,16168,76,148.16,4
560270,2011-07-17,16744,99,131.73,28
560271,2011-07-17,16474,204,355.57,105
560272,2011-07-17,12691,47,150.1,6
560273,2011-07-17,14895,210,372.3,22
560274,2011-07-17,14895,65,91.73,7
560275,2011-07-17,14895,4,15.0,1
560276,2011-07-17,14606,110,108.44,27
560277,2011-07-17,15467,54,114.14,9
560278,2011-07-17,13610,93,173.39,42
560279,2011-07-17,14198,63,173.65,9
560280,2011-07-17,16422,1002,705.3,6
560281,2011-07-17,17984,98,152.68,48
560282,2011-07-18,14758,100,277.12,14
560284,2011-07-18,13705,134,204.54,11
560285,2011-07-18,14944,382,675.7,29
560286,2011-07-18,14062,236,898.44,6
560287,2011-07-18,13821,43,115.49,17
560288,2011-07-18,15845,354,563.42,21
560295,2011-07-18,16681,316,456.84,9
560299,2011-07-18,17593,676,747.78,31
560300,2011-07-18,14911,1202,800.46,67
560302,2011-07-18,14397,6,47.7,1
560305,2011-07-18,16511,151,241.95,41
560355,2011-07-18,15906,17,114.55,6
560356,2011-07-18,16875,97,333.11,13
560357,2011-07-18,15527,84,183.5,11
560359,2011-07-18,14159,298,337.43,92
560360,2011-07-18,12744,2160,3949.32,75
560361,2011-07-18,13488,179,272.81,19
560362,2011-07-18,13488,138,150.78,10
560363,2011-07-18,12589,83,131.5,10
560364,2011-07-18,16705,480,1585.94,33
560366,2011-07-18,16859,451,487.969999999999,34
560368,2011-07-18,17841,384,728.06,117
560381,2011-07-18,14733,160,378.16,13
560382,2011-07-18,17389,12,119.399999999999,1
560383,2011-07-18,16762,143,314.15,13
560385,2011-07-18,14583,147,310.49,63
560387,2011-07-18,14667,109,179.41,18
560392,2011-07-18,13911,430,217.6,8
560393,2011-07-18,14808,466,470.84,51
560394,2011-07-18,14390,310,556.58,39
560397,2011-07-18,17652,204,364.14,21
560398,2011-07-18,12731,838,1734.58,32
560410,2011-07-18,17213,287,530.47,31
560412,2011-07-18,12748,132,207.94,27
560413,2011-07-18,13564,1,550.64,1
560415,2011-07-18,15152,136,304.52,17
560416,2011-07-18,14798,28,21.72,2
560417,2011-07-18,16011,108,147.18,9
560422,2011-07-18,16746,162,300.18,17
560426,2011-07-18,14038,200,370.1,20
560432,2011-07-18,13327,198,484.1,15
560437,2011-07-18,13940,100,218.62,15
560441,2011-07-18,14029,24,165.2,6
560442,2011-07-18,15860,36,120.23,14
560443,2011-07-18,14776,202,201.96,7
560444,2011-07-18,13764,308,445.74,69
560445,2011-07-19,14156,5726,11134.34,60
560446,2011-07-19,14156,496,532.319999999999,3
560447,2011-07-19,13756,229,525.03,13
560448,2011-07-19,12840,352,576.0,23
560449,2011-07-19,14732,220,335.099999999999,14
560450,2011-07-19,14117,72,90.0,3
560451,2011-07-19,14911,762,1527.0,68
560452,2011-07-19,12682,33,99.6,5
560453,2011-07-19,13209,868,1198.37999999999,53
560454,2011-07-19,12947,84,224.3,14
560469,2011-07-19,12971,37,220.15,1
560473,2011-07-19,12431,174,483.02,23
560483,2011-07-19,12955,350,355.539999999999,15
560491,2011-07-19,12415,97,158.65,57
560499,2011-07-19,16713,371,460.14,32
560500,2011-07-19,17975,52,131.66,15
560501,2011-07-19,16475,92,91.4,4
560503,2011-07-19,17682,166,362.82,19
560504,2011-07-19,13081,3089,4406.61,178
560523,2011-07-19,15462,48,64.8,2
560527,2011-07-19,15727,372,470.95,30
560534,2011-07-19,14911,257,390.98,25
560535,2011-07-19,13167,367,242.91,13
560536,2011-07-19,16626,81,123.15,7
560537,2011-07-19,17779,248,323.09,34
560538,2011-07-19,16128,192,306.4,18
560539,2011-07-19,16745,408,513.48,25
560544,2011-07-19,12569,25,60.65,4
560545,2011-07-19,12569,57,105.6,6
560546,2011-07-19,17867,39,232.05,2
560547,2011-07-19,17419,241,614.2,29
560548,2011-07-19,17867,42,121.38,1
560549,2011-07-19,12664,188,653.9,9
560551,2011-07-19,18041,50,109.01,23
560552,2011-07-19,15311,505,750.93,40
560553,2011-07-19,13991,83,126.35,7
560554,2011-07-19,16232,207,358.57,12
560555,2011-07-19,14178,121,115.52,57
560557,2011-07-19,18101,25,110.23,13
560562,2011-07-19,15713,91,185.55,10
560566,2011-07-19,12662,194,431.66,30
560568,2011-07-19,13895,248,554.84,30
560569,2011-07-19,12480,334,557.68,37
560570,2011-07-19,16112,40,36.56,4
560571,2011-07-19,17735,464,729.069999999999,34
560576,2011-07-19,17287,110,202.07,27
560577,2011-07-19,18223,173,471.27,14
560579,2011-07-19,15867,241,566.13,48
560580,2011-07-19,14088,2565,8801.51,84
560581,2011-07-19,12901,1074,611.76,6
560582,2011-07-19,12875,291,49.47,1
560584,2011-07-19,13827,32,112.74,28
560586,2011-07-19,13631,96,667.2,1
560587,2011-07-19,13631,10,60.0,1
560590,2011-07-19,12560,812,1292.31,76
560592,2011-07-19,13225,296,557.68,2
560595,2011-07-19,16656,868,814.48,5
560596,2011-07-19,13199,172,186.2,4
560597,2011-07-19,13798,128,326.4,2
560598,2011-07-19,17096,63,310.45,14
560599,2011-07-19,14609,3186,191.16,1
560601,2011-07-19,16764,95,176.68,72
560602,2011-07-20,13629,222,336.36,20
560603,2011-07-20,18180,173,300.65,19
560604,2011-07-20,15251,248,464.719999999999,5
560605,2011-07-20,17306,712,611.24,4
560606,2011-07-20,17422,321,293.07,19
560607,2011-07-20,12510,59,301.52,4
560634,2011-07-20,16133,360,421.44,12
560635,2011-07-20,12521,309,599.68,38
560640,2011-07-20,13854,64,313.76,4
560641,2011-07-20,15587,36,111.96,2
560642,2011-07-20,17866,174,329.65,9
560644,2011-07-20,16271,357,460.39,46
560646,2011-07-20,18102,581,2365.91,7
560648,2011-07-20,18102,175,710.25,7
560650,2011-07-20,15529,429,466.87,90
560651,2011-07-20,15802,1,451.42,1
560686,2011-07-20,15632,207,385.57,15
560688,2011-07-20,16393,89,153.34,23
560689,2011-07-20,15039,114,312.9,28
560690,2011-07-20,16807,299,469.76,30
560691,2011-07-20,13136,335,533.04,29
560692,2011-07-20,14704,55,111.04,38
560693,2011-07-20,13136,66,119.18,6
560694,2011-07-20,12757,457,835.65,28
560695,2011-07-20,14101,556,785.0,5
560696,2011-07-20,14606,45,111.49,32
560697,2011-07-20,14401,368,227.92,12
560698,2011-07-20,16353,213,664.83,16
560700,2011-07-20,17229,108,157.71,32
560701,2011-07-20,16729,265,299.28,28
560710,2011-07-20,14646,10,26.02,10
560711,2011-07-20,17841,114,193.23,55
560712,2011-07-20,14456,76,116.13,40
560713,2011-07-20,16774,56,160.8,12
560714,2011-07-20,14456,20,26.25,13
560715,2011-07-20,13549,47,132.95,7
560716,2011-07-20,17675,600,1532.76,70
560718,2011-07-20,17677,1005,1682.59,26
560720,2011-07-20,17677,2,17.0,1
560721,2011-07-20,17677,24,29.7599999999999,2
560723,2011-07-20,16464,316,385.0,95
560724,2011-07-20,16186,464,534.34,29
560725,2011-07-20,16186,54,59.6999999999999,4
560726,2011-07-20,17962,128,102.83,35
560727,2011-07-20,13571,148,126.58,23
560728,2011-07-20,12520,154,348.29,19
560729,2011-07-20,17511,3237,5433.57,50
560731,2011-07-20,16149,168,163.68,11
560732,2011-07-20,14056,196,341.03,51
560734,2011-07-20,15298,360,990.0,1
560736,2011-07-20,15260,190,345.14,13
560742,2011-07-20,14755,139,312.9,16
560754,2011-07-20,17754,496,310.82,13
560776,2011-07-21,13995,341,408.25,28
560781,2011-07-21,13969,155,353.02,8
560782,2011-07-21,14769,317,337.93,26
560783,2011-07-21,15108,335,676.8,29
560790,2011-07-21,14051,168,902.4,8
560791,2011-07-21,14688,133,116.81,8
560792,2011-07-21,15189,110,685.5,7
560805,2011-07-21,14259,68,120.0,5
560807,2011-07-21,18143,308,480.18,29
560820,2011-07-21,17811,127,146.66,11
560821,2011-07-21,17848,11,109.449999999999,2
560824,2011-07-21,17935,77,134.57,27
560826,2011-07-21,18073,418,512.94,8
560827,2011-07-21,14517,73,252.45,14
560828,2011-07-21,14298,2316,1088.86,65
560829,2011-07-21,17694,184,283.12,15
560833,2011-07-21,16891,66,205.66,37
560834,2011-07-21,16523,204,484.4,11
560839,2011-07-21,14527,23,121.54,12
560841,2011-07-21,14298,2169,2569.55,99
560843,2011-07-21,14298,60,99.0,1
560844,2011-07-21,14298,24,74.88,2
560845,2011-07-21,15570,202,301.26,21
560853,2011-07-21,15311,260,460.7,34
560854,2011-07-21,13098,300,473.099999999999,16
560856,2011-07-21,16607,431,421.7,27
560858,2011-07-21,14403,100,295.799999999999,2
560859,2011-07-21,13668,37,87.3,8
560861,2011-07-21,17660,130,196.0,45
560862,2011-07-21,14085,209,287.83,44
560863,2011-07-21,12748,72,127.83,34
560864,2011-07-21,14407,680,475.36,24
560868,2011-07-21,14866,23,82.92,23
560870,2011-07-21,13157,314,375.26,18
560871,2011-07-21,14745,10,20.8,1
560872,2011-07-21,14745,269,338.03,19
560873,2011-07-21,13881,309,563.07,7
560875,2011-07-21,13562,294,606.46,29
560876,2011-07-21,12626,522,1159.06,36
560878,2011-07-21,14410,138,201.18,40
560879,2011-07-21,16654,62,64.02,5
560881,2011-07-21,17965,18,56.3,9
560882,2011-07-21,17213,148,312.59,19
560883,2011-07-21,13694,793,452.71,13
560884,2011-07-21,13694,600,890.0,7
560885,2011-07-21,16188,206,189.26,13
560886,2011-07-21,16041,100,675.0,1
560887,2011-07-21,16041,944,2064.8,4
560888,2011-07-21,15380,138,352.46,16
560891,2011-07-21,15106,262,254.38,19
560892,2011-07-21,13089,498,877.36,35
560893,2011-07-21,13804,206,310.34,18
560894,2011-07-21,14911,269,751.75,19
560895,2011-07-21,13089,841,1021.92,41
560896,2011-07-21,15623,125,301.03,19
560897,2011-07-21,12971,48,139.2,2
560901,2011-07-21,12476,304,746.569999999999,32
560906,2011-07-21,15827,52,173.8,10
560908,2011-07-21,15827,80,86.24,5
560911,2011-07-21,17961,23,41.1,9
560913,2011-07-21,17961,1,4.25,1
560914,2011-07-21,17175,130,310.93,16
560915,2011-07-21,13313,156,308.6,16
560916,2011-07-21,14911,229,325.64,10
560917,2011-07-21,17949,109,833.85,1
560918,2011-07-21,14849,567,813.89,42
560919,2011-07-21,15971,100,430.0,1
560920,2011-07-21,15370,149,385.52,17
560921,2011-07-21,16224,313,322.67,22
560922,2011-07-21,14911,147,260.9,12
560924,2011-07-22,15061,472,647.92,4
560925,2011-07-22,15061,336,1665.19999999999,10
560927,2011-07-22,13078,202,572.93,21
560928,2011-07-22,14852,266,425.96,21
560929,2011-07-22,16866,27,53.79,5
560930,2011-07-22,15829,420,325.44,26
560931,2011-07-22,16365,52,175.049999999999,6
560934,2011-07-22,16722,272,374.28,14
560937,2011-07-22,17920,130,218.56,68
560942,2011-07-22,15005,134,164.92,32
560972,2011-07-22,14209,138,438.5,15
560974,2011-07-22,14426,275,508.25,26
560975,2011-07-22,14426,100,167.4,8
560976,2011-07-22,18146,126,83.7,6
560977,2011-07-22,16839,308,422.4,14
560978,2011-07-22,15815,446,480.62,21
560979,2011-07-22,15232,372,310.36,18
560980,2011-07-22,16107,88,318.8,3
560988,2011-07-22,15854,62,356.0,5
560989,2011-07-22,15704,346,748.14,41
560991,2011-07-22,12438,586,890.069999999999,49
560992,2011-07-22,18161,70,224.94,9
560994,2011-07-22,15704,20,38.16,2
560996,2011-07-22,17625,465,685.1,101
560997,2011-07-22,12627,426,768.02,40
560998,2011-07-22,14243,110,214.62,14
561001,2011-07-22,16711,149,311.07,7
561002,2011-07-22,13750,96,325.44,1
561003,2011-07-22,13079,4,23.8,1
561004,2011-07-22,15189,89,304.87,8
561005,2011-07-22,17961,86,134.44,21
561006,2011-07-22,16161,232,469.9,26
561007,2011-07-22,15640,520,649.46,29
561008,2011-07-22,18150,96,185.7,12
561009,2011-07-22,15856,484,489.6,15
561010,2011-07-22,18262,182,149.48,13
561020,2011-07-22,13563,146,310.88,39
561021,2011-07-24,15465,61,320.71,5
561022,2011-07-24,14800,266,282.66,20
561023,2011-07-24,13576,144,354.24,3
561024,2011-07-24,12916,263,693.37,26
561025,2011-07-24,16241,93,196.28,71
561026,2011-07-24,17265,177,178.81,50
561027,2011-07-24,13802,778,1468.36,12
561028,2011-07-24,17769,228,319.85,24
561029,2011-07-24,12490,236,412.93,24
561030,2011-07-24,16407,149,265.87,23
561031,2011-07-24,13461,412,307.8,5
561032,2011-07-24,13029,62,390.7,6
561033,2011-07-24,14443,319,383.12,26
561034,2011-07-24,15506,146,209.35,53
561035,2011-07-24,17312,96,244.799999999999,1
561036,2011-07-24,13137,160,301.39,74
561037,2011-07-24,12472,472,612.1,43
561038,2011-07-24,17114,20,112.0,13
561039,2011-07-24,16525,598,452.42,8
561040,2011-07-24,12431,214,505.46,20
561042,2011-07-24,16305,256,361.219999999999,22
561043,2011-07-24,15708,234,632.13,44
561044,2011-07-24,13831,122,357.4,6
561045,2011-07-24,17522,183,124.71,8
561046,2011-07-24,16218,340,452.0,6
561047,2011-07-24,16948,1368,194.48,9
561048,2011-07-24,12939,384,761.76,5
561049,2011-07-24,12864,216,147.12,3
561050,2011-07-24,16558,466,403.05,30
561051,2011-07-24,16684,3312,7138.12,28
561052,2011-07-24,16684,624,711.84,5
561053,2011-07-24,16684,840,324.0,2
561054,2011-07-24,18229,174,426.22,13
561055,2011-07-24,16684,480,201.6,1
561056,2011-07-24,13477,120,133.76,8
561057,2011-07-24,17935,5,11.22,2
561058,2011-07-24,17724,78,373.1,11
561060,2011-07-24,17703,178,229.14,17
561062,2011-07-24,16668,6,19.5,1
561063,2011-07-24,12763,120,174.0,2
561064,2011-07-24,18109,17,136.6,6
561065,2011-07-24,14180,15,101.05,6
561066,2011-07-24,16710,296,206.25,40
561067,2011-07-24,14397,84,99.96,3
561068,2011-07-24,13116,291,501.14,30
561070,2011-07-24,16782,57,136.65,7
561071,2011-07-24,14057,328,440.26,17
561072,2011-07-24,14019,233,384.29,25
561073,2011-07-24,13408,589,1104.31,24
561074,2011-07-24,13037,137,303.75,15
561075,2011-07-24,16458,116,185.0,11
561076,2011-07-24,17696,152,402.08,13
561077,2011-07-24,17649,399,868.49,52
561078,2011-07-24,16178,94,197.9,8
561079,2011-07-24,13956,250,386.6,55
561081,2011-07-24,13230,108,148.96,25
561082,2011-07-24,13230,12,5.04,1
561084,2011-07-25,14948,281,265.27,21
561085,2011-07-25,14367,551,929.53,50
561087,2011-07-25,15144,214,261.419999999999,14
561088,2011-07-25,15144,30,62.4,3
561089,2011-07-25,17579,39,106.45,6
561092,2011-07-25,17054,195,288.5,19
561093,2011-07-25,12540,649,1358.38999999999,47
561094,2011-07-25,12474,410,513.64,33
561095,2011-07-25,17040,181,449.73,15
561096,2011-07-25,16099,156,273.8,13
561097,2011-07-25,15981,196,397.2,13
561098,2011-07-25,14194,193,558.49,26
561099,2011-07-25,14100,64,194.9,26
561100,2011-07-25,15289,435,322.53,29
561101,2011-07-25,16013,336,241.92,1
561102,2011-07-25,12412,241,376.24,17
561105,2011-07-25,15218,195,414.25,16
561106,2011-07-25,14246,267,520.23,26
561109,2011-07-25,15218,212,298.2,3
561111,2011-07-25,16422,376,734.0,5
561112,2011-07-25,14606,34,124.44,29
561113,2011-07-25,17841,836,822.86,114
561114,2011-07-25,14775,418,294.9,20
561115,2011-07-25,17675,113,252.4,8
561116,2011-07-25,13520,411,856.0,12
561118,2011-07-25,15781,37,127.95,6
561119,2011-07-25,17719,71,233.51,11
561120,2011-07-25,15835,90,187.2,9
561125,2011-07-25,17364,254,531.96,30
561128,2011-07-25,16249,197,331.74,18
561132,2011-07-25,14344,105,126.75,4
561147,2011-07-25,16841,674,317.82,25
561170,2011-07-25,16027,195,150.85,5
561189,2011-07-25,16557,13,101.15,6
561190,2011-07-25,17631,93,113.95,8
561191,2011-07-25,15129,228,299.4,6
561192,2011-07-25,16033,163,441.14,58
561193,2011-07-25,13296,78,87.4,5
561194,2011-07-25,13814,332,617.54,31
561195,2011-07-25,14796,572,564.03,102
561196,2011-07-25,14342,74,110.14,4
561197,2011-07-25,16364,115,347.55,29
561199,2011-07-25,14970,50,337.5,5
561200,2011-07-25,13695,49,95.28,5
561201,2011-07-25,14692,36,111.25,14
561202,2011-07-25,17705,114,135.0,9
561203,2011-07-25,14232,316,311.76,16
561204,2011-07-25,12836,155,451.13,24
561205,2011-07-25,17693,231,200.47,16
561206,2011-07-25,13110,67,302.71,23
561207,2011-07-25,13110,2,7.04,2
561208,2011-07-25,15372,2924,2007.39999999999,27
561216,2011-07-25,14606,8,120.0,1
561219,2011-07-26,18180,380,301.2,23
561220,2011-07-26,17734,277,427.23,24
561221,2011-07-26,15281,110,214.82,13
561222,2011-07-26,13588,646,491.0,38
561223,2011-07-26,15358,141,152.66,14
561224,2011-07-26,13629,500,895.0,5
561226,2011-07-26,15618,100,222.831,12
561228,2011-07-26,12431,72,118.8,1
561231,2011-07-26,15855,151,237.55,21
561236,2011-07-26,15159,810,908.46,43
561241,2011-07-26,13930,210,210.0,10
561242,2011-07-26,16258,1323,1152.8,27
561244,2011-07-26,13865,54,100.82,6
561246,2011-07-26,16951,240,208.96,15
561247,2011-07-26,16592,581,668.39,43
561248,2011-07-26,16592,48,24.96,2
561257,2011-07-26,14911,252,396.77,7
561258,2011-07-26,15513,861,1611.11,38
561259,2011-07-26,12584,22,147.1,6
561280,2011-07-26,18211,96,130.799999999999,7
561284,2011-07-26,16818,68,87.96,6
561288,2011-07-26,13379,166,136.29,13
561295,2011-07-26,15311,1057,1648.73,28
561314,2011-07-26,16266,114,161.9,8
561320,2011-07-26,16942,103,191.89,28
561321,2011-07-26,13668,56,170.76,17
561322,2011-07-26,15203,426,301.98,26
561324,2011-07-26,14414,468,295.64,21
561325,2011-07-26,17596,770,449.87,42
561329,2011-07-26,15044,48,154.21,16
561330,2011-07-26,16019,309,462.75,28
561331,2011-07-26,16809,95,127.61,26
561332,2011-07-26,13492,142,593.74,22
561334,2011-07-26,15440,47,111.86,12
561352,2011-07-26,18094,206,416.9,13
561353,2011-07-26,18094,84,208.2,5
561355,2011-07-26,13090,216,968.4,15
561356,2011-07-26,14273,87,231.35,11
561359,2011-07-26,17160,554,566.84,32
561360,2011-07-26,16133,260,375.0,9
561363,2011-07-26,17238,124,218.44,42
561366,2011-07-26,15152,166,310.72,21
561368,2011-07-26,14866,1,36.5,1
561378,2011-07-26,17861,106,134.38,8
561381,2011-07-26,17920,22,110.78,6
561382,2011-07-26,16750,75,199.04,32
561383,2011-07-27,13730,249,445.849999999999,21
561384,2011-07-27,13194,26,60.7,3
561385,2011-07-27,15660,136,135.359999999999,10
561386,2011-07-27,15660,12,9.95999999999999,1
561387,2011-07-27,13824,142,196.86,10
561388,2011-07-27,12753,2208,3680.4,37
561389,2011-07-27,12971,128,411.08,7
561390,2011-07-27,17068,125,239.0,13
561391,2011-07-27,16628,234,410.63,26
561393,2011-07-27,18241,108,165.0,10
561394,2011-07-27,17315,48,144.8,7
561395,2011-07-27,13999,166,358.7,14
561396,2011-07-27,13458,512,794.58,39
561397,2011-07-27,16532,1056,2606.4,2
561398,2011-07-27,16767,502,618.5,29
561399,2011-07-27,15125,543,1049.38,15
561430,2011-07-27,15172,358,360.54,23
561453,2011-07-27,13183,192,353.76,8
561455,2011-07-27,15095,212,267.32,8
561462,2011-07-27,14088,70,313.5,3
561463,2011-07-27,14527,46,260.56,21
561465,2011-07-27,16447,223,259.01,36
561466,2011-07-27,17243,60,160.2,11
561467,2011-07-27,14040,93,151.95,7
561468,2011-07-27,12709,227,440.7,9
561470,2011-07-27,12523,148,204.75,13
561471,2011-07-27,14911,602,660.26,20
561472,2011-07-27,14911,55,104.25,4
561473,2011-07-27,15078,264,544.2,25
561474,2011-07-27,14680,1501,2688.27,22
561485,2011-07-27,17841,142,252.22,58
561488,2011-07-27,16609,182,375.13,23
561502,2011-07-27,14305,581,1044.2,62
561507,2011-07-27,12397,704,1214.81,70
561508,2011-07-27,16696,20,99.0,1
561511,2011-07-27,15624,215,208.63,13
561512,2011-07-27,14534,143,223.39,43
561514,2011-07-27,14331,236,383.66,24
561517,2011-07-27,18226,356,533.08,21
561518,2011-07-27,15261,270,254.82,19
561519,2011-07-27,17870,89,83.99,37
561520,2011-07-27,17870,32,30.42,11
561521,2011-07-27,17870,17,40.05,3
561522,2011-07-27,17870,3,15.45,3
561528,2011-07-28,13098,259,498.04,17
561529,2011-07-28,13013,122,257.7,13
561530,2011-07-28,16174,216,383.2,2
561531,2011-07-28,14364,319,558.25,11
561532,2011-07-28,15061,480,650.64,4
561533,2011-07-28,16672,186,585.0,5
561534,2011-07-28,14307,532,612.91,37
561535,2011-07-28,15116,108,311.32,8
561537,2011-07-28,13870,175,469.31,17
561542,2011-07-28,15105,274,532.98,19
561544,2011-07-28,16170,542,305.0,21
561570,2011-07-28,14289,26,109.26,4
561583,2011-07-28,13813,177,385.14,17
561584,2011-07-28,13534,161,307.35,18
561585,2011-07-28,13728,99,141.15,9
561592,2011-07-28,14560,8,73.8,2
561593,2011-07-28,16003,14,39.2,4
561595,2011-07-28,12853,436,897.8,29
561597,2011-07-28,12853,32,126.6,6
561599,2011-07-28,12853,6,47.7,1
561600,2011-07-28,15861,315,407.52,89
561601,2011-07-28,18151,244,340.8,21
561602,2011-07-28,16951,12,15.0,1
561603,2011-07-28,14855,129,306.35,12
561605,2011-07-28,13925,212,380.12,25
561607,2011-07-28,17389,66,513.3,7
561610,2011-07-28,16076,309,325.469999999999,21
561611,2011-07-28,17975,89,249.38,21
561614,2011-07-28,13871,286,633.07,33
561615,2011-07-28,13319,170,358.64,21
561616,2011-07-28,15023,136,357.7,29
561617,2011-07-28,18237,166,323.38,19
561618,2011-07-28,18172,164,263.32,11
561624,2011-07-28,16969,352,81.6,5
561625,2011-07-28,16843,1704,1024.44,53
561626,2011-07-28,14898,443,400.37,47
561627,2011-07-28,12453,473,707.09,43
561629,2011-07-28,12748,12,1.68,1
561630,2011-07-28,14527,5,23.5,2
561631,2011-07-28,14911,363,624.22,29
561632,2011-07-28,15639,323,425.32,25
561633,2011-07-28,17949,2565,10303.95,8
561634,2011-07-28,16912,44,65.4,4
561635,2011-07-28,16912,68,327.32,10
561636,2011-07-28,12910,176,344.4,6
561637,2011-07-28,17949,168,428.4,1
561638,2011-07-28,15118,1440,244.8,1
561641,2011-07-28,15939,170,212.18,4
561642,2011-07-28,17965,326,339.24,46
561643,2011-07-28,15939,96,178.799999999999,4
561644,2011-07-28,16029,264,648.72,4
561645,2011-07-28,14911,2270,4345.1,31
561646,2011-07-28,16029,248,477.6,4
561647,2011-07-28,13340,1764,3301.38,29
561648,2011-07-28,15746,178,196.88,28
561650,2011-07-28,15329,274,444.9,26
561653,2011-07-28,14002,818,304.94,33
561654,2011-07-28,14973,255,356.89,20
561655,2011-07-28,18102,1828,6591.6,7
561656,2011-07-28,17071,116,330.6,17
561657,2011-07-28,17071,4,27.8,1
561658,2011-07-28,12743,205,347.35,83
561659,2011-07-28,17450,1180,3453.72,6
561661,2011-07-28,12743,114,199.08,51
561662,2011-07-28,12407,296,192.34,4
561664,2011-07-28,15189,264,569.04,6
561669,2011-07-28,12507,675,811.9,8
561670,2011-07-28,17373,111,142.05,11
561671,2011-07-28,12830,2064,1746.72,10
561672,2011-07-28,12830,576,587.52,1
561675,2011-07-28,17483,48,119.64,6
561676,2011-07-28,13468,52,106.8,5
561677,2011-07-28,15311,60,112.56,7
561678,2011-07-28,17931,85,111.16,15
561679,2011-07-28,15245,550,778.12,24
561680,2011-07-28,18268,2,25.5,1
561683,2011-07-28,15518,1,1.95,1
561685,2011-07-28,14315,210,367.4,19
561686,2011-07-29,13148,257,505.25,29
561687,2011-07-29,13148,3,14.85,1
561688,2011-07-29,14407,196,310.07,9
561689,2011-07-29,15942,232,337.44,14
561690,2011-07-29,13875,251,356.92,23
561692,2011-07-29,14143,30,115.8,7
561693,2011-07-29,15120,296,358.82,21
561694,2011-07-29,16147,246,375.0,22
561695,2011-07-29,14005,354,365.1,16
561696,2011-07-29,13277,46,75.9,2
561697,2011-07-29,18127,28,139.6,8
561698,2011-07-29,15974,226,492.28,19
561699,2011-07-29,12971,60,152.4,3
561700,2011-07-29,14738,132,231.96,8
561701,2011-07-29,13102,204,234.12,11
561702,2011-07-29,15149,128,520.8,23
561704,2011-07-29,14606,43,111.17,28
561705,2011-07-29,14735,162,295.02,7
561706,2011-07-29,14735,70,177.6,10
561707,2011-07-29,14735,12,15.0,1
561708,2011-07-29,13575,80,130.2,8
561709,2011-07-29,17790,99,148.21,19
561710,2011-07-29,13827,63,188.019999999999,33
561711,2011-07-29,13414,368,532.8,20
561712,2011-07-29,14499,118,244.94,44
561713,2011-07-29,12901,473,689.27,8
561714,2011-07-29,18081,31,113.25,7
561715,2011-07-29,13102,278,308.02,18
561719,2011-07-29,17519,330,331.9,12
561732,2011-07-29,14511,72,138.16,6
561743,2011-07-29,13089,116,221.8,5
561750,2011-07-29,16945,158,308.71,18
561773,2011-07-29,17841,88,182.55,52
561774,2011-07-29,16729,204,325.63,28
561783,2011-07-29,16062,317,199.96,22
561794,2011-07-29,12921,340,462.91,27
561795,2011-07-29,12716,503,677.9,45
561796,2011-07-29,13138,46,102.6,7
561797,2011-07-29,13178,430,795.8,25
561798,2011-07-29,14911,286,728.94,25
561799,2011-07-29,15776,138,241.62,18
561800,2011-07-29,13975,74,151.76,8
561801,2011-07-29,12981,134,187.18,11
561802,2011-07-29,12748,152,161.68,6
561803,2011-07-29,17926,172,185.56,10
561804,2011-07-29,14191,308,417.94,23
561806,2011-07-29,12839,219,322.4,18
561807,2011-07-29,17491,113,335.45,17
561808,2011-07-29,13534,204,362.0,19
561809,2011-07-29,16684,600,432.0,1
561811,2011-07-29,13106,18,76.5,1
561813,2011-07-29,13104,48,162.72,1
561814,2011-07-29,14854,143,368.45,13
561815,2011-07-29,14083,8,41.6,3
561816,2011-07-29,16184,71,116.93,3
561817,2011-07-29,12921,170,361.46,10
561818,2011-07-29,16775,39,147.07,20
561819,2011-07-29,13928,20,104.2,5
561857,2011-07-29,13004,246,308.44,21
561858,2011-07-29,18064,224,406.0,5
561859,2011-07-29,17750,573,208.649999999999,20
561860,2011-07-29,17997,169,124.33,16
561861,2011-07-31,16839,190,458.94,4
561862,2011-07-31,15569,196,352.81,20
561863,2011-07-31,17695,421,411.74,17
561864,2011-07-31,13217,144,396.96,2
561865,2011-07-31,15569,96,244.799999999999,2
561866,2011-07-31,14341,54,115.08,3
561867,2011-07-31,16931,85,115.61,34
561868,2011-07-31,16813,144,188.54,61
561869,2011-07-31,16764,75,172.96,39
561870,2011-07-31,14911,1410,1056.11,80
561871,2011-07-31,13018,251,377.29,20
561872,2011-07-31,13018,7,37.4,2
561873,2011-07-31,13316,3669,2157.5,38
561874,2011-07-31,16255,211,297.32,43
561875,2011-07-31,14885,724,765.319999999999,15
561876,2011-07-31,14472,63,149.02,17
561877,2011-07-31,16401,485,483.63,34
561878,2011-07-31,17388,59,189.829999999999,11
561879,2011-07-31,13722,351,738.06,34
561880,2011-07-31,13722,92,173.88,5
561881,2011-07-31,16477,229,446.75,24
561882,2011-07-31,13388,262,621.3,31
561883,2011-07-31,13388,20,55.8,4
561884,2011-07-31,15453,82,139.98,32
561885,2011-07-31,15532,109,324.1,60
561887,2011-07-31,14414,522,309.14,21
561888,2011-07-31,14092,258,360.54,21
561889,2011-07-31,15804,214,519.04,31
561890,2011-07-31,12697,197,343.409999999999,10
561891,2011-07-31,15438,59,156.579999999999,25
561893,2011-07-31,12942,99,287.38,51
561894,2011-07-31,14456,480,494.27,188
561895,2011-07-31,12748,1,1.25,1
561896,2011-07-31,15819,225,408.33,24
561897,2011-07-31,17841,123,220.2,59
561898,2011-07-31,12456,628,1325.23,45
561899,2011-07-31,17173,116,462.78,12
561900,2011-07-31,16655,523,638.19,81
561901,2011-07-31,14156,5246,13464.26,19
561902,2011-07-31,17404,2567,3633.58,24
561903,2011-07-31,17162,176,298.38,17
561904,2011-08-01,17941,252,304.56,2
561905,2011-08-01,14947,118,178.5,10
561906,2011-08-01,12921,471,660.45,32
561907,2011-08-01,14060,250,211.14,17
561908,2011-08-01,14239,60,120.5,6
561909,2011-08-01,15625,250,301.14,8
561910,2011-08-01,17053,122,498.48,13
561911,2011-08-01,12534,651,1089.18,63
561912,2011-08-01,13184,218,181.16,23
561913,2011-08-01,13184,7,8.29,3
561914,2011-08-01,17676,134,182.66,14
561915,2011-08-01,14408,575,781.19,45
561916,2011-08-01,15581,2,250.0,2
561917,2011-08-01,16904,89,228.94,65
561922,2011-08-01,13167,80,174.64,23
561923,2011-08-01,14112,476,748.32,39
561925,2011-08-01,16551,316,306.1,11
561926,2011-08-01,12749,812,1866.43,84
561928,2011-08-01,12749,6,29.7,1
561933,2011-08-01,12949,434,678.47,38
561936,2011-08-01,14403,16,204.0,1
561952,2011-08-01,12949,28,59.3999999999999,3
561955,2011-08-01,12949,18,35.1,2
561967,2011-08-01,12844,77,174.88,28
561968,2011-08-01,16332,74,229.0,24
561969,2011-08-01,17757,153,206.69,32
561995,2011-08-01,16133,383,306.02,10
562002,2011-08-01,14567,172,800.76,13
562011,2011-08-01,16745,207,422.07,13
562014,2011-08-01,14341,237,321.29,18
562015,2011-08-01,17615,30,57.3,3
562017,2011-08-01,14937,172,759.56,13
562018,2011-08-01,17282,916,687.0,5
562019,2011-08-01,14709,220,457.6,14
562021,2011-08-01,16172,136,249.0,11
562023,2011-08-01,16814,131,258.75,15
562025,2011-08-01,12828,84,227.0,12
562029,2011-08-01,16182,1300,2327.0,7
562031,2011-08-01,16984,1632,3226.13,277
562032,2011-08-02,12347,277,584.91,22
562033,2011-08-02,15410,146,340.74,14
562034,2011-08-02,12449,267,777.95,39
562035,2011-08-02,12627,264,438.16,28
562036,2011-08-02,15187,24,99.6,1
562037,2011-08-02,13023,159,336.4,20
562038,2011-08-02,12633,137,219.2,14
562039,2011-08-02,12593,52,85.8,5
562040,2011-08-02,17553,1048,1487.6,2
562042,2011-08-02,13075,485,919.61,22
562043,2011-08-02,15342,283,406.09,24
562044,2011-08-02,16607,583,114.78,11
562045,2011-08-02,12644,325,477.91,31
562046,2011-08-02,12378,2529,4008.62,219
562047,2011-08-02,17788,3,16.7,3
562049,2011-08-02,14133,172,267.719999999999,11
562050,2011-08-02,14133,24,19.9199999999999,1
562053,2011-08-02,16701,1126,376.02,11
562085,2011-08-02,15228,486,970.58,46
562087,2011-08-02,14606,66,124.11,30
562088,2011-08-02,13094,216,228.96,2
562092,2011-08-02,16133,278,457.86,4
562093,2011-08-02,13777,138,326.22,9
562094,2011-08-02,15024,48,69.6,2
562095,2011-08-02,16712,145,168.05,14
562096,2011-08-02,15311,222,189.94,15
562098,2011-08-02,14315,10,20.8,1
562099,2011-08-02,14688,261,423.3,26
562100,2011-08-02,13437,131,362.52,19
562101,2011-08-02,13850,944,1595.48,93
562102,2011-08-02,13089,906,1490.82,57
562103,2011-08-02,13089,30,24.5999999999999,1
562105,2011-08-02,15271,113,174.109999999999,11
562106,2011-08-02,14076,81,122.47,46
562107,2011-08-02,13805,728,500.24,6
562108,2011-08-02,17809,89,116.01,14
562109,2011-08-02,13798,292,465.56,4
562112,2011-08-02,18236,110,165.24,9
562120,2011-08-02,13756,398,321.5,12
562123,2011-08-02,17353,600,870.0,4
562125,2011-08-02,17887,30,111.35,10
562127,2011-08-03,13717,339,201.77,15
562128,2011-08-03,16150,274,444.219999999999,25
562129,2011-08-03,13186,360,988.34,51
562130,2011-08-03,12750,137,275.88,15
562131,2011-08-03,18178,287,490.87,29
562132,2011-08-03,13384,396,583.24,20
562133,2011-08-03,16419,76,112.09,11
562136,2011-08-03,15374,126,168.0,3
562137,2011-08-03,12720,187,221.04,13
562138,2011-08-03,14737,153,647.75,7
562140,2011-08-03,18241,43,95.85,5
562141,2011-08-03,17389,66,441.18,6
562143,2011-08-03,16422,1460,2353.0,24
562145,2011-08-03,17656,152,341.58,18
562146,2011-08-03,17675,272,614.78,27
562148,2011-08-03,13695,138,218.27,7
562150,2011-08-03,14132,170,301.92,14
562152,2011-08-03,16168,98,205.1,6
562153,2011-08-03,14088,762,1004.88,22
562155,2011-08-03,17940,648,162.0,3
562156,2011-08-03,14401,346,310.02,15
562157,2011-08-03,16012,332,767.069999999999,28
562158,2011-08-03,15039,219,536.58,44
562161,2011-08-03,17841,201,264.55,65
562162,2011-08-03,12841,69,158.43,14
562163,2011-08-03,15628,245,308.43,19
562166,2011-08-03,13209,524,595.26,39
562173,2011-08-03,14530,171,460.43,33
562199,2011-08-03,12748,91,174.0,27
562200,2011-08-03,17719,176,658.38,27
562201,2011-08-03,14527,40,166.72,21
562202,2011-08-03,15290,218,526.22,15
562203,2011-08-03,16102,464,839.76,31
562204,2011-08-03,16324,184,258.17,66
562205,2011-08-03,18055,113,310.33,15
562207,2011-08-03,12643,699,1202.22,8
562208,2011-08-03,16324,1,3.95,1
562209,2011-08-03,13213,153,412.35,18
562210,2011-08-03,13486,389,617.449999999999,37
562211,2011-08-03,17429,290,148.78,11
562213,2011-08-03,13975,322,384.34,78
562214,2011-08-03,17731,169,301.17,17
562216,2011-08-03,16835,42,99.1,5
562217,2011-08-03,17659,158,318.24,18
562218,2011-08-03,13851,873,1106.96,52
562219,2011-08-03,15089,674,1221.56,69
562220,2011-08-03,15150,108,304.42,18
562222,2011-08-03,18073,634,832.5,15
562224,2011-08-03,17306,712,611.24,4
562233,2011-08-03,14972,28,114.77,18
562255,2011-08-03,16607,36,14.04,1
562256,2011-08-03,15152,109,399.6,20
562257,2011-08-03,17848,88,148.72,1
562258,2011-08-03,16348,119,191.82,55
562259,2011-08-03,15400,72,85.2,3
562260,2011-08-03,13408,327,452.8,16
562261,2011-08-03,13408,48,119.52,1
562262,2011-08-03,13408,40,66.0,1
562263,2011-08-03,17514,135,208.65,40
562269,2011-08-03,14056,154,251.94,35
562270,2011-08-03,12917,120,594.0,2
562271,2011-08-03,16098,110,200.32,12
562272,2011-08-04,12971,54,83.1,4
562273,2011-08-04,12502,152,788.87,31
562274,2011-08-04,12704,145,360.81,17
562275,2011-08-04,12689,281,511.03,34
562276,2011-08-04,17735,538,954.0,49
562277,2011-08-04,17315,461,190.35,4
562282,2011-08-04,13098,1320,2022.6,35
562283,2011-08-04,15249,365,615.5,37
562284,2011-08-04,15133,368,324.52,12
562285,2011-08-04,17404,960,612.0,2
562286,2011-08-04,15061,580,913.3,13
562287,2011-08-04,12455,33,78.56,5
562290,2011-08-04,14825,47,132.05,6
562313,2011-08-04,14640,230,496.24,24
562332,2011-08-04,13791,500,579.0,4
562339,2011-08-04,13571,167,167.26,31
562340,2011-08-04,13985,210,407.38,26
562341,2011-08-04,15005,195,192.28,45
562342,2011-08-04,16929,126,199.74,13
562343,2011-08-04,17381,1208,376.32,2
562344,2011-08-04,17381,720,151.2,1
562345,2011-08-04,13694,1524,1505.64,20
562346,2011-08-04,16187,382,422.82,18
562347,2011-08-04,13263,78,167.32,46
562348,2011-08-04,17511,3005,5162.74,57
562349,2011-08-04,16915,6,173.7,2
562351,2011-08-04,16626,150,198.0,8
562353,2011-08-04,16180,1312,2317.0,32
562354,2011-08-04,17470,392,193.36,16
562355,2011-08-04,14768,40,133.2,4
562365,2011-08-04,14344,39,117.3,22
562366,2011-08-04,17692,108,117.479999999999,7
562368,2011-08-04,16570,260,299.52,9
562369,2011-08-04,17584,245,749.45,16
562370,2011-08-04,12626,556,1062.84,44
562371,2011-08-04,13709,525,788.04,46
562372,2011-08-04,16258,216,754.8,6
562373,2011-08-04,16672,98,318.5,5
562374,2011-08-04,14911,2270,4345.1,31
562376,2011-08-04,15254,275,300.36,18
562377,2011-08-04,14535,506,799.94,97
562378,2011-08-04,15046,675,943.07,29
562379,2011-08-04,15134,126,203.78,12
562380,2011-08-04,14778,165,396.81,17
562381,2011-08-04,16873,456,638.02,29
562387,2011-08-04,13402,289,312.95,22
562388,2011-08-04,18099,149,168.31,19
562389,2011-08-04,16531,214,199.7,14
562392,2011-08-04,15205,196,476.299999999999,24
562393,2011-08-04,18172,476,1019.44,27
562416,2011-08-04,13969,64,301.93,10
562418,2011-08-04,16572,176,367.32,19
562419,2011-08-04,14667,124,249.13,12
562421,2011-08-04,15241,264,74.4,9
562422,2011-08-04,13218,88,62.6399999999999,5
562424,2011-08-04,12584,1,12.75,1
562426,2011-08-04,12748,6,29.7,2
562427,2011-08-04,17267,155,311.02,37
562428,2011-08-04,17267,4,6.6,1
562429,2011-08-04,13767,136,423.84,12
562430,2011-08-04,18109,472,270.52,15
562431,2011-08-04,13069,29,47.29,6
562432,2011-08-04,14004,386,716.0,26
562433,2011-08-04,17677,621,1016.04,14
562434,2011-08-04,12823,30,229.5,1
562435,2011-08-04,12693,34,225.14,7
562436,2011-08-04,17961,3,2.25,1
562437,2011-08-04,13047,309,447.93,26
562439,2011-08-04,12931,11848,18841.48,22
562440,2011-08-04,12931,48,204.0,1
562441,2011-08-04,14543,32,161.4,4
562442,2011-08-04,14397,64,98.16,4
562443,2011-08-04,17723,150,622.5,1
562444,2011-08-04,14713,267,372.24,54
562445,2011-08-04,12417,190,355.56,21
562446,2011-08-04,13145,24,118.8,1
562447,2011-08-04,15251,112,492.0,6
562448,2011-08-04,17428,905,1327.55,15
562449,2011-08-04,14562,162,250.32,32
562450,2011-08-05,12562,323,650.0,29
562451,2011-08-05,15110,52,206.9,10
562452,2011-08-05,16302,158,233.22,11
562453,2011-08-05,18097,122,234.54,11
562454,2011-08-05,15128,262,312.14,21
562455,2011-08-05,18097,210,320.3,17
562456,2011-08-05,15194,304,402.02,20
562457,2011-08-05,18079,1232,593.35,40
562458,2011-08-05,16029,384,480.0,1
562459,2011-08-05,16029,408,757.2,6
562460,2011-08-05,17841,169,245.829999999999,45
562461,2011-08-05,16029,157,260.62,1
562462,2011-08-05,16029,214,520.1,5
562465,2011-08-05,13908,361,630.5,24
562466,2011-08-05,13435,200,251.26,9
562467,2011-08-05,13513,109,205.1,10
562468,2011-08-05,16928,100,125.0,11
562490,2011-08-05,14720,40,155.8,9
562516,2011-08-05,15129,134,390.0,9
562517,2011-08-05,15719,208,347.13,94
562518,2011-08-05,16818,153,272.56,13
562519,2011-08-05,16764,82,172.42,34
562520,2011-08-05,12599,163,180.3,6
562521,2011-08-05,17457,154,340.06,8
562523,2011-08-05,16174,260,304.2,3
562524,2011-08-05,15201,225,301.41,12
562525,2011-08-05,18282,75,100.21,7
562526,2011-08-05,16880,70,166.36,19
562527,2011-08-05,12647,134,307.8,4
562528,2011-08-05,12610,457,946.75,54
562529,2011-08-05,15201,30,29.58,2
562531,2011-08-05,13984,58,102.1,2
562532,2011-08-05,14083,3,17.85,1
562533,2011-08-05,17676,10,16.5,1
562534,2011-08-05,14031,388,809.11,20
562535,2011-08-05,13200,249,319.32,14
562537,2011-08-05,12517,421,771.75,50
562538,2011-08-05,15505,110,502.02,7
562539,2011-08-05,17220,192,336.52,60
562540,2011-08-05,17400,494,817.44,103
562541,2011-08-05,18102,288,985.92,6
562542,2011-08-05,17377,368,314.69,43
562543,2011-08-05,13552,216,463.9,14
562545,2011-08-05,12971,196,137.76,2
562549,2011-08-05,17092,282,498.17,41
562550,2011-08-05,13082,24,90.0,4
562551,2011-08-05,17231,131,205.27,47
562552,2011-08-05,12748,6,9.89999999999999,1
562555,2011-08-05,15671,240,301.36,6
562558,2011-08-05,13451,659,811.01,121
562560,2011-08-05,14156,744,1572.73,147
562562,2011-08-05,16271,201,299.42,16
562563,2011-08-07,13450,268,302.28,8
562564,2011-08-07,15058,133,234.35,17
562565,2011-08-07,16206,50,121.11,14
562566,2011-08-07,16954,154,303.9,8
562567,2011-08-07,12877,140,100.4,13
562568,2011-08-07,12720,60,107.4,6
562569,2011-08-07,17323,85,104.509999999999,20
562570,2011-08-07,14079,301,375.1,12
562571,2011-08-07,13782,30,126.63,17
562572,2011-08-07,17298,132,107.639999999999,4
562573,2011-08-07,13248,54,78.21,5
562574,2011-08-07,14903,410,611.59,87
562575,2011-08-07,15411,107,225.81,12
562576,2011-08-07,15518,145,228.579999999999,30
562578,2011-08-07,14331,16,79.0,4
562579,2011-08-07,16950,305,606.41,24
562580,2011-08-07,14024,99,262.45,13
562581,2011-08-07,15860,59,113.79,12
562583,2011-08-07,15831,379,141.17,6
562584,2011-08-07,13752,83,204.15,11
562585,2011-08-07,14053,100,106.0,1
562586,2011-08-07,16066,186,316.38,6
562587,2011-08-07,15640,844,1444.66,56
562589,2011-08-07,15198,64,107.64,5
562590,2011-08-07,12748,72,53.5199999999999,2
562591,2011-08-07,12748,48,46.5599999999999,2
562592,2011-08-07,13418,298,263.19,15
562593,2011-08-07,16549,461,662.03,110
562595,2011-08-07,17602,102,142.5,8
562596,2011-08-08,16145,292,325.51,19
562598,2011-08-08,15152,178,309.06,17
562599,2011-08-08,13013,83,194.51,10
562600,2011-08-08,12676,83,169.1,6
562602,2011-08-08,12865,550,981.38,58
562603,2011-08-08,17870,123,106.91,10
562604,2011-08-08,17611,270,301.599999999999,19
562605,2011-08-08,12530,273,416.65,19
562606,2011-08-08,13552,24,19.9199999999999,1
562607,2011-08-08,12885,346,645.35,39
562608,2011-08-08,15502,1905,3315.06999999999,89
562609,2011-08-08,17331,16,175.2,1
562610,2011-08-08,16333,1132,1282.0,2
562611,2011-08-08,17716,492,809.82,41
562612,2011-08-08,16637,211,226.93,16
562614,2011-08-08,17961,13,24.88,5
562615,2011-08-08,16458,202,254.8,19
562616,2011-08-08,14748,452,347.64,24
562619,2011-08-08,15311,109,159.92,29
562621,2011-08-08,14415,194,364.26,21
562649,2011-08-08,14606,51,211.85,36
562650,2011-08-08,17404,2,80.0,1
562652,2011-08-08,14844,365,714.33,21
562670,2011-08-08,14911,603,829.96,58
562680,2011-08-08,17954,180,241.01,78
562688,2011-08-08,13869,993,1519.99,168
562701,2011-08-08,13767,224,480.6,10
562708,2011-08-08,17085,157,347.75,45
562710,2011-08-08,14298,474,598.88,17
562711,2011-08-08,16788,124,300.31,87
562712,2011-08-08,13016,315,425.25,28
562713,2011-08-08,15189,244,576.84,7
562716,2011-08-08,14257,628,1388.92,37
562718,2011-08-08,18241,84,169.4,10
562719,2011-08-08,16365,8,53.95,5
562720,2011-08-08,15033,26,36.89,14
562721,2011-08-08,15985,208,242.84,10
562722,2011-08-08,13798,808,1109.34,10
562725,2011-08-09,17302,155,358.49,19
562727,2011-08-09,15601,168,462.06,27
562729,2011-08-09,12569,35,102.98,5
562730,2011-08-09,17554,662,477.46,13
562732,2011-08-09,18248,269,307.56,19
562733,2011-08-09,14626,447,984.39,40
562767,2011-08-09,13769,95,282.23,14
562768,2011-08-09,14127,124,257.48,15
562769,2011-08-09,14409,100,190.8,8
562770,2011-08-09,17139,708,1256.95,44
562771,2011-08-09,13113,192,657.4,9
562772,2011-08-09,13097,192,641.85,57
562774,2011-08-09,13500,128,326.4,20
562775,2011-08-09,15078,248,494.6,20
562776,2011-08-09,14180,35,174.65,9
562777,2011-08-09,15247,160,356.0,6
562778,2011-08-09,17591,60,213.6,6
562779,2011-08-09,17841,196,356.42,89
562780,2011-08-09,14901,134,159.64,14
562781,2011-08-09,14334,280,335.28,23
562782,2011-08-09,13280,70,115.5,7
562783,2011-08-09,13018,274,251.96,18
562784,2011-08-09,16791,71,224.12,37
562787,2011-08-09,15581,1,208.34,1
562788,2011-08-09,17669,206,368.5,10
562789,2011-08-09,14646,7807,12341.21,96
562790,2011-08-09,14646,375,157.5,10
562791,2011-08-09,17730,355,367.46,19
562792,2011-08-09,17634,130,105.99,26
562804,2011-08-09,13355,314,674.7,32
562806,2011-08-09,13636,36,105.1,6
562807,2011-08-09,16053,1003,1124.19,62
562809,2011-08-09,16775,29,109.63,14
562810,2011-08-09,16656,16,60.0,1
562812,2011-08-09,13217,18,52.02,1
562838,2011-08-09,13162,317,382.85,19
562839,2011-08-09,14056,69,123.21,18
562840,2011-08-09,14527,59,150.74,23
562841,2011-08-09,17675,228,392.06,19
562842,2011-08-09,17675,58,245.8,5
562844,2011-08-10,12444,68,757.069999999999,15
562847,2011-08-10,16245,172,315.72,21
562849,2011-08-10,16700,278,307.22,20
562850,2011-08-10,14680,1324,2388.2,17
562851,2011-08-10,13117,92,90.4,7
562852,2011-08-10,13050,217,392.17,23
562853,2011-08-10,13919,338,213.15,16
562854,2011-08-10,16133,136,304.96,7
562878,2011-08-10,16241,78,120.84,47
562879,2011-08-10,15640,36,45.0,1
562880,2011-08-10,15838,2630,4105.94,29
562881,2011-08-10,15632,265,409.61,26
562882,2011-08-10,12384,62,292.69,14
562883,2011-08-10,14056,3,6.3,1
562885,2011-08-10,14024,51,65.25,3
562886,2011-08-10,17994,127,120.71,5
562888,2011-08-10,14388,249,335.15,24
562890,2011-08-10,14191,272,355.45,20
562891,2011-08-10,13468,58,107.1,6
562892,2011-08-10,16292,191,302.25,17
562893,2011-08-10,17442,307,521.44,31
562894,2011-08-10,12571,197,248.35,14
562902,2011-08-10,13925,55,115.929999999999,8
562907,2011-08-10,14116,162,319.97,17
562908,2011-08-10,16839,245,457.25,11
562912,2011-08-10,15311,149,205.32,12
562913,2011-08-10,17042,220,241.92,18
562914,2011-08-10,16558,83,203.59,11
562917,2011-08-10,17949,600,432.0,1
562918,2011-08-10,15615,290,520.54,20
562919,2011-08-10,15615,12,15.0,1
562920,2011-08-10,14495,22,40.5999999999999,2
562922,2011-08-10,12594,521,721.95,22
562923,2011-08-10,16996,134,340.9,7
562924,2011-08-10,16750,45,98.38,5
562925,2011-08-10,17389,84,625.8,5
562926,2011-08-10,17512,302,350.58,15
562928,2011-08-10,15494,1077,1127.38,88
562929,2011-08-10,17562,75,126.3,7
562930,2011-08-10,14209,184,354.68,13
562931,2011-08-10,14030,210,222.48,33
562932,2011-08-10,16904,321,282.97,57
562935,2011-08-10,14156,391,1253.05,21
562939,2011-08-11,15498,484,660.76,36
562940,2011-08-11,15498,50,337.5,3
562941,2011-08-11,15498,12,17.4,1
562942,2011-08-11,13538,23,176.85,5
562944,2011-08-11,13985,189,371.3,21
562946,2011-08-11,15581,1,2500.0,1
562947,2011-08-11,15987,113,403.05,5
562948,2011-08-11,17857,96,101.76,1
562949,2011-08-11,14346,501,759.14,43
562950,2011-08-11,15608,230,285.68,18
562951,2011-08-11,14462,108,252.62,15
562960,2011-08-11,14911,315,438.4,27
562963,2011-08-11,13203,129,144.15,10
562964,2011-08-11,13488,383,642.36,30
562965,2011-08-11,18226,490,666.8,33
562966,2011-08-11,16133,360,424.08,3
562967,2011-08-11,16422,304,327.12,4
562968,2011-08-11,14291,222,325.32,19
562973,2011-08-11,14911,1112,1234.0,10
562980,2011-08-11,17686,737,1552.6,84
562984,2011-08-11,17841,226,403.05,61
562999,2011-08-11,15117,415,363.33,27
563011,2011-08-11,16283,46,109.979999999999,7
563012,2011-08-11,17284,188,272.969999999999,49
563013,2011-08-11,12993,112,197.1,12
563014,2011-08-11,13408,228,383.96,5
563016,2011-08-11,15358,707,710.2,49
563017,2011-08-11,13198,388,489.86,32
563018,2011-08-11,13427,301,250.36,14
563019,2011-08-11,17340,344,595.72,24
563020,2011-08-11,12428,385,605.14,24
563021,2011-08-11,18077,178,255.739999999999,23
563022,2011-08-11,17248,213,318.65,69
563023,2011-08-11,14639,210,534.34,30
563024,2011-08-11,14639,68,219.76,15
563026,2011-08-11,15747,161,306.82,26
563028,2011-08-11,17629,31,83.25,4
563029,2011-08-11,18093,488,899.36,11
563030,2011-08-11,14834,99,185.61,10
563031,2011-08-11,13263,81,137.5,35
563032,2011-08-11,16076,264,256.88,18
563033,2011-08-11,16928,114,140.84,13
563034,2011-08-11,17644,212,314.86,17
563035,2011-08-11,17790,72,205.22,25
563036,2011-08-11,14868,234,400.6,21
563037,2011-08-11,12362,340,469.25,30
563038,2011-08-11,16656,846,940.64,7
563060,2011-08-11,17653,297,163.24,4
563061,2011-08-11,13588,424,471.32,35
563062,2011-08-11,17811,70,120.42,15
563070,2011-08-11,14099,191,349.02,27
563071,2011-08-11,17633,163,332.89,20
563073,2011-08-11,18235,374,319.34,24
563074,2011-08-11,12931,6098,9349.72,22
563075,2011-08-11,13645,158,252.1,5
563076,2011-08-11,14646,14730,19150.66,119
563078,2011-08-11,15955,251,480.65,22
563079,2011-08-11,15955,6,17.7,1
563080,2011-08-11,15955,10,37.14,2
563089,2011-08-11,15469,128,304.3,16
563090,2011-08-11,16186,323,389.36,19
563091,2011-08-11,12994,137,292.87,19
563092,2011-08-11,13307,4,15.0,1
563094,2011-08-11,14525,536,668.56,42
563095,2011-08-12,13158,190,305.34,17
563096,2011-08-12,15544,184,324.72,22
563097,2011-08-12,17642,190,316.99,14
563098,2011-08-12,14911,554,1396.66,41
563099,2011-08-12,15689,28,150.6,3
563100,2011-08-12,12381,568,1268.74,62
563103,2011-08-12,13873,74,159.2,9
563104,2011-08-12,13888,180,366.11,20
563110,2011-08-12,14849,407,509.08,25
563111,2011-08-12,15249,250,384.6,19
563112,2011-08-12,14849,284,304.63,20
563137,2011-08-12,14534,55,153.85,24
563147,2011-08-12,13695,84,81.0,3
563149,2011-08-12,13695,96,101.76,1
563150,2011-08-12,15192,281,306.33,11
563155,2011-08-12,13069,121,138.68,14
563161,2011-08-12,14790,248,211.88,18
563162,2011-08-12,16013,286,339.26,11
563163,2011-08-12,16013,412,1069.2,4
563164,2011-08-12,16013,204,505.799999999999,2
563165,2011-08-12,14646,992,825.6,7
563166,2011-08-12,18092,872,1181.44,13
563167,2011-08-12,14696,335,287.15,23
563168,2011-08-12,16045,195,210.05,13
563169,2011-08-12,14911,491,768.97,35
563170,2011-08-12,18237,195,243.209999999999,14
563171,2011-08-12,16317,252,308.31,15
563172,2011-08-12,12399,175,209.62,12
563173,2011-08-12,17381,320,528.0,1
563174,2011-08-12,16746,184,337.0,23
563175,2011-08-12,14855,138,339.3,8
563176,2011-08-12,17293,63,96.86,10
563177,2011-08-12,17293,1,65.0,1
563178,2011-08-12,16011,129,208.39,16
563179,2011-08-12,12431,374,608.76,10
563180,2011-08-12,16209,176,212.64,11
563181,2011-08-12,16612,62,161.4,9
563182,2011-08-12,17122,80,138.32,7
563183,2011-08-12,14110,454,860.98,23
563184,2011-08-12,17516,66,153.64,24
563188,2011-08-12,15606,118,303.22,8
563189,2011-08-12,12682,180,412.88,25
563191,2011-08-12,16678,247,326.75,16
563192,2011-08-12,16745,112,311.2,4
563194,2011-08-12,17858,65,320.3,25
563196,2011-08-12,14406,77,156.75,8
563198,2011-08-14,15270,340,536.54,7
563199,2011-08-14,16326,20,151.0,10
563200,2011-08-14,13838,53,148.32,44
563201,2011-08-14,13838,33,93.16,23
563202,2011-08-14,12722,3,46.65,2
563203,2011-08-14,16525,100,348.0,6
563204,2011-08-14,17048,61,164.95,5
563205,2011-08-14,14040,261,338.06,39
563206,2011-08-14,17613,62,155.93,15
563208,2011-08-14,14040,24,39.84,2
563209,2011-08-14,13527,252,444.44,52
563210,2011-08-14,16466,83,245.67,22
563211,2011-08-14,17049,176,330.28,21
563212,2011-08-14,17800,77,169.8,11
563213,2011-08-14,16115,207,273.02,44
563214,2011-08-14,16370,197,406.53,71
563215,2011-08-14,15683,131,193.75,10
563216,2011-08-14,17841,134,278.46,62
563217,2011-08-14,13515,166,188.399999999999,13
563227,2011-08-14,14301,606,640.14,13
563228,2011-08-14,17988,6,53.05,6
563229,2011-08-14,17988,2,11.6399999999999,2
563230,2011-08-14,15376,162,334.85,43
563231,2011-08-14,14658,23,123.14,14
563233,2011-08-14,17988,1,2.95,1
563234,2011-08-15,13621,343,213.85,19
563235,2011-08-15,15939,60,47.4,1
563236,2011-08-15,17252,2,11.9,1
563237,2011-08-15,14321,362,273.72,20
563238,2011-08-15,15093,342,630.42,14
563239,2011-08-15,15048,51,68.08,20
563241,2011-08-15,12758,1026,1221.4,41
563242,2011-08-15,17173,122,498.48,13
563243,2011-08-15,18241,20,57.0,2
563245,2011-08-15,16272,224,411.7,25
563246,2011-08-15,13089,414,695.26,33
563247,2011-08-15,13089,360,256.08,5
563248,2011-08-15,14702,101,190.15,31
563250,2011-08-15,15624,22,68.1,3
563251,2011-08-15,12919,63,182.65,4
563252,2011-08-15,17655,105,300.63,16
563253,2011-08-15,15218,391,623.7,27
563254,2011-08-15,15218,96,81.6,1
563255,2011-08-15,14527,24,106.34,11
563256,2011-08-15,18143,262,519.98,32
563257,2011-08-15,13799,216,347.159999999999,23
563259,2011-08-15,17958,84,508.459999999999,7
563260,2011-08-15,16668,84,50.28,5
563261,2011-08-15,16836,84,91.32,2
563262,2011-08-15,15311,455,626.06,30
563264,2011-08-15,13720,101,247.35,13
563268,2011-08-15,13940,140,172.44,12
563288,2011-08-15,12656,607,1161.07,37
563300,2011-08-15,16774,88,238.0,7
563328,2011-08-15,14606,62,112.33,38
563333,2011-08-15,15996,27,111.56,14
563345,2011-08-15,12619,462,378.12,11
563346,2011-08-15,14282,120,141.72,6
563347,2011-08-15,16961,125,234.17,14
563348,2011-08-15,13078,186,434.74,17
563349,2011-08-15,14623,71,210.85,33
563350,2011-08-15,14498,239,360.09,45
563351,2011-08-15,16902,629,1706.88,44
563352,2011-08-15,15706,160,450.05,29
563353,2011-08-15,15480,303,905.5,45
563354,2011-08-15,15271,87,141.78,42
563355,2011-08-15,14156,580,467.42,31
563356,2011-08-15,16210,87,310.87,7
563357,2011-08-15,13277,40,50.0,2
563358,2011-08-15,17858,65,231.75,15
563360,2011-08-15,15023,165,670.88,38
563361,2011-08-15,15315,262,233.54,16
563362,2011-08-15,15114,262,191.14,15
563364,2011-08-16,14466,139,234.75,13
563365,2011-08-16,15373,2,17.0,1
563366,2011-08-16,15373,42,149.6,7
563367,2011-08-16,16133,117,303.83,14
563368,2011-08-16,13995,84,153.2,9
563369,2011-08-16,13394,350,306.86,20
563370,2011-08-16,16153,122,323.44,18
563371,2011-08-16,14006,194,300.1,10
563372,2011-08-16,15653,48,48.0,4
563373,2011-08-16,12569,22,115.3,5
563374,2011-08-16,13953,248,354.36,8
563376,2011-08-16,15752,348,335.2,60
563377,2011-08-16,15002,337,494.17,40
563381,2011-08-16,15768,91,142.68,9
563382,2011-08-16,18221,145,169.85,12
563383,2011-08-16,14407,1,15.0,1
563384,2011-08-16,17315,69,168.15,17
563404,2011-08-16,16303,1607,3209.15,94
563411,2011-08-16,16927,480,201.6,1
563425,2011-08-16,15140,343,566.76,16
563426,2011-08-16,15140,22,33.9,2
563427,2011-08-16,16470,188,193.47,36
563428,2011-08-16,13159,377,457.31,34
563429,2011-08-16,13999,222,334.34,19
563430,2011-08-16,14918,363,844.73,25
563431,2011-08-16,16266,53,110.38,9
563432,2011-08-16,16713,263,369.33,50
563434,2011-08-16,14057,330,520.93,25
563435,2011-08-16,16131,450,596.98,18
563436,2011-08-16,16131,2,17.0,1
563437,2011-08-16,14232,378,257.599999999999,14
563438,2011-08-16,13743,168,166.32,6
563440,2011-08-16,13189,526,127.0,18
563441,2011-08-16,13140,53,150.15,16
563442,2011-08-16,17637,215,338.95,24
563443,2011-08-16,12641,72,185.9,10
563444,2011-08-16,16033,243,687.08,85
563448,2011-08-16,15220,276,337.24,27
563450,2011-08-16,16523,319,741.4,17
563451,2011-08-16,18241,42,104.7,5
563454,2011-08-16,13305,77,194.55,8
563465,2011-08-16,16168,48,134.4,4
563468,2011-08-16,16168,16,65.2,2
563476,2011-08-16,17682,248,429.12,16
563477,2011-08-16,17097,75,170.39,40
563482,2011-08-16,17097,7,29.85,6
563498,2011-08-16,17719,152,310.98,19
563499,2011-08-16,13470,70,115.5,7
563500,2011-08-16,15856,416,423.84,33
563501,2011-08-16,15856,14,20.3,3
563502,2011-08-17,12722,400,580.08,29
563503,2011-08-17,16488,449,135.51,11
563504,2011-08-17,16218,196,454.72,12
563505,2011-08-17,17865,422,687.16,29
563506,2011-08-17,17398,51,124.929999999999,7
563507,2011-08-17,14414,216,125.039999999999,9
563508,2011-08-17,16133,116,308.08,13
563509,2011-08-17,16092,183,224.13,14
563510,2011-08-17,15734,213,760.8,15
563518,2011-08-17,12421,158,231.76,11
563522,2011-08-17,17975,201,544.81,27
563532,2011-08-17,17511,2504,3256.88,33
563533,2011-08-17,16241,179,182.97,54
563534,2011-08-17,14323,128,305.24,17
563538,2011-08-17,17841,243,305.28,75
563540,2011-08-17,12473,321,514.06,30
563543,2011-08-17,15039,273,685.61,46
563544,2011-08-17,17937,168,287.04,4
563545,2011-08-17,15039,1,8.5,1
563546,2011-08-17,16729,286,395.37,33
563548,2011-08-17,12528,51,234.0,9
563550,2011-08-17,14194,214,508.12,29
563551,2011-08-17,17757,76,155.05,28
563552,2011-08-17,17656,71,267.15,10
563555,2011-08-17,16755,380,588.36,87
563556,2011-08-17,17706,155,301.5,15
563557,2011-08-17,15786,2310,3160.84,166
563558,2011-08-17,14156,579,1544.01,48
563559,2011-08-17,14156,12,34.68,1
563560,2011-08-17,12971,96,103.199999999999,4
563561,2011-08-17,18073,617,776.28,10
563562,2011-08-17,16029,412,697.6,6
563563,2011-08-17,16029,2864,6578.08,8
563564,2011-08-17,16633,162,464.94,21
563565,2011-08-17,17338,420,946.74,119
563566,2011-08-17,13655,490,549.32,35
563567,2011-08-17,13004,231,328.07,23
563569,2011-08-17,18257,313,627.27,37
563571,2011-08-17,15541,49,85.13,29
563572,2011-08-17,16734,108,303.21,32
563573,2011-08-17,16734,1,2.95,1
563574,2011-08-17,15827,154,222.45,14
563575,2011-08-17,17949,2084,2209.04,3
563576,2011-08-17,12748,47,146.19,8
563578,2011-08-17,12949,289,425.75,21
563580,2011-08-17,16706,165,291.53,70
563584,2011-08-17,15122,303,703.17,36
563585,2011-08-17,17070,133,312.14,64
563588,2011-08-17,17450,196,813.4,1
563589,2011-08-17,17450,280,2240.0,14
563590,2011-08-17,17450,4878,13031.5,18
563597,2011-08-18,14305,1,4.25,1
563613,2011-08-18,12688,3028,4873.80999999999,171
563614,2011-08-18,12415,12196,21880.44,97
563615,2011-08-18,16945,200,302.74,16
563616,2011-08-18,13027,3840,1536.0,5
563617,2011-08-18,15301,346,523.84,25
563618,2011-08-18,15400,32,67.2,1
563619,2011-08-18,12839,218,330.44,20
563620,2011-08-18,13014,94,233.7,13
563621,2011-08-18,13113,147,485.64,14
563622,2011-08-18,15189,34,188.1,10
563623,2011-08-18,15189,348,1284.12,8
563626,2011-08-18,16187,642,702.88,28
563638,2011-08-18,15311,1154,1964.85,86
563656,2011-08-18,15615,116,325.9,19
563657,2011-08-18,15615,26,54.1999999999999,3
563658,2011-08-18,15505,224,644.96,7
563659,2011-08-18,13694,896,1459.12,10
563660,2011-08-18,13694,48,237.6,1
563661,2011-08-18,13048,294,435.13,29
563662,2011-08-18,12729,233,453.01,26
563674,2011-08-18,14132,266,338.12,18
563680,2011-08-18,18272,285,372.25,22
563684,2011-08-18,17386,576,928.08,2
563685,2011-08-18,14911,38,131.85,7
563686,2011-08-18,13098,426,637.6,18
563688,2011-08-18,16767,573,567.62,34
563689,2011-08-18,15743,28,111.5,16
563690,2011-08-18,15152,155,303.21,14
563691,2011-08-18,13668,345,431.11,32
563692,2011-08-18,17243,51,278.55,18
563694,2011-08-18,14741,70,196.1,9
563695,2011-08-18,13617,75,234.59,15
563696,2011-08-18,12962,78,170.54,11
563697,2011-08-18,16813,147,162.79,38
563698,2011-08-18,14667,100,248.85,20
563699,2011-08-18,13381,322,680.24,31
563703,2011-08-18,13273,153,138.98,16
563705,2011-08-18,17736,213,307.49,23
563706,2011-08-18,14189,345,429.43,27
563707,2011-08-18,16626,50,137.3,4
563708,2011-08-18,17001,144,260.7,13
563709,2011-08-18,15472,251,371.56,76
563710,2011-08-18,17742,18,52.54,2
563711,2011-08-18,16928,86,109.9,7
563712,2011-08-18,12680,230,311.78,20
563714,2011-08-18,14565,472,682.77,31
563718,2011-08-18,15144,194,506.9,14
563719,2011-08-18,13576,108,332.04,3
563720,2011-08-18,15867,198,326.01,54
563721,2011-08-18,15232,314,301.7,13
563722,2011-08-18,17720,216,355.219999999999,20
563723,2011-08-18,13319,212,346.2,17
563726,2011-08-18,16582,164,313.62,6
563727,2011-08-18,15797,144,367.2,1
563728,2011-08-18,17045,71,191.09,16
563729,2011-08-18,14051,128,742.8,4
563730,2011-08-18,14221,442,588.0,32
563731,2011-08-18,17576,51,102.95,18
563732,2011-08-18,15125,600,1000.88,12
563733,2011-08-18,18225,339,574.31,31
563734,2011-08-18,14064,218,255.52,26
563735,2011-08-18,16743,384,366.74,28
563736,2011-08-18,13784,88,336.24,3
563737,2011-08-18,16261,58,163.42,20
563738,2011-08-18,15024,29,87.93,15
563739,2011-08-18,17750,505,240.66,31
563740,2011-08-19,17747,12,71.4,1
563741,2011-08-19,14759,128,298.6,17
563742,2011-08-19,17929,32,272.0,1
563743,2011-08-19,12828,48,111.2,9
563744,2011-08-19,13266,314,333.93,15
563745,2011-08-19,15159,1140,1394.58,61
563746,2011-08-19,14745,288,279.76,18
563747,2011-08-19,13089,304,481.6,6
563748,2011-08-19,16170,275,310.789999999999,22
563749,2011-08-19,12360,240,534.7,30
563750,2011-08-19,16122,466,300.42,17
563753,2011-08-19,12513,462,612.29,35
563754,2011-08-19,15396,122,288.18,14
563755,2011-08-19,17612,286,306.81,26
563756,2011-08-19,12418,407,668.58,34
563764,2011-08-19,14606,42,113.05,29
563771,2011-08-19,17841,81,149.06,27
563776,2011-08-19,12600,101,275.37,9
563808,2011-08-19,12626,216,463.26,23
563812,2011-08-19,16249,78,88.5,4
563818,2011-08-19,13327,190,382.3,7
563819,2011-08-19,14062,500,1708.68,8
563821,2011-08-19,14533,372,301.48,14
563822,2011-08-19,16184,150,315.98,12
563830,2011-08-19,16638,143,142.91,10
563831,2011-08-19,18081,24,94.8,3
563832,2011-08-19,16419,71,109.45,6
563833,2011-08-19,14755,190,315.5,15
563834,2011-08-19,14401,508,326.44,17
563835,2011-08-19,13242,80,166.4,8
563836,2011-08-19,15938,48,69.28,5
563837,2011-08-19,15078,150,306.1,15
563839,2011-08-19,16828,58,113.5,7
563840,2011-08-19,14712,102,115.72,7
563841,2011-08-19,17402,38,278.9,5
563842,2011-08-19,13871,151,430.35,25
563843,2011-08-19,17811,57,108.94,12
563844,2011-08-19,17725,222,310.82,20
563845,2011-08-19,12991,361,303.56,22
563846,2011-08-19,16672,114,398.7,4
563847,2011-08-19,16139,71,166.57,9
563848,2011-08-19,14911,644,989.49,49
563849,2011-08-19,14772,82,139.26,9
563850,2011-08-19,15311,49,138.68,4
563851,2011-08-19,14765,4,15.0,1
563852,2011-08-19,12395,35,165.95,7
563853,2011-08-19,12560,8,144.0,1
563854,2011-08-19,12364,555,623.92,34
563855,2011-08-19,14709,282,546.9,21
563857,2011-08-19,12968,73,135.95,5
563858,2011-08-19,18170,130,351.3,19
563890,2011-08-19,15862,140,168.72,13
563891,2011-08-19,14500,4,51.0,1
563892,2011-08-19,16330,10,21.6,9
563893,2011-08-19,16330,13,27.36,8
563895,2011-08-21,18229,220,495.4,10
563896,2011-08-21,17061,104,407.4,11
563897,2011-08-21,12523,34,128.55,8
563898,2011-08-21,12971,164,151.2,3
563900,2011-08-21,14566,800,1432.0,4
563901,2011-08-21,17097,3,13.25,2
563902,2011-08-21,17029,200,358.0,1
563903,2011-08-21,17068,124,206.69,23
563904,2011-08-21,13397,58,247.72,2
563905,2011-08-21,13267,145,313.35,14
563906,2011-08-21,14246,321,504.19,25
563907,2011-08-21,14733,78,316.98,7
563908,2011-08-21,18109,505,399.59,19
563909,2011-08-21,15701,479,857.0,127
563910,2011-08-21,17428,87,377.25,4
563911,2011-08-21,16265,206,435.98,20
563912,2011-08-21,17675,383,962.09,40
563913,2011-08-21,14911,148,458.9,16
563914,2011-08-21,12518,187,324.83,18
563915,2011-08-21,14224,122,186.62,21
563916,2011-08-21,13435,284,393.14,7
563917,2011-08-21,14572,478,610.75,64
563919,2011-08-21,14735,84,122.28,4
563920,2011-08-21,16407,239,453.11,37
563921,2011-08-21,16407,2,15.9,2
563922,2011-08-21,14529,84,135.24,50
563923,2011-08-21,14460,364,157.799999999999,6
563924,2011-08-21,15984,408,683.28,125
563925,2011-08-21,13610,54,128.45,35
563926,2011-08-21,12553,236,400.219999999999,22
563927,2011-08-21,14013,258,199.22,15
563928,2011-08-21,17059,439,739.43,128
563929,2011-08-21,15031,48,110.96,19
563931,2011-08-21,14895,292,833.32,40
563932,2011-08-21,14895,8,39.6,1
563933,2011-08-21,16536,251,548.97,55
563934,2011-08-21,15313,25,52.0,1
563935,2011-08-21,15547,241,366.18,73
563936,2011-08-22,17828,79,213.5,10
563937,2011-08-22,18204,520,817.89,45
563938,2011-08-22,18144,188,357.8,3
563939,2011-08-22,14959,58,114.94,6
563940,2011-08-22,17416,656,908.74,41
563941,2011-08-22,15738,153,327.15,6
563942,2011-08-22,15801,70,137.22,9
563943,2011-08-22,13139,268,540.92,16
563944,2011-08-22,17581,782,1351.22,58
563945,2011-08-22,17581,64,66.24,4
563946,2011-08-22,17527,149,314.51,18
563947,2011-08-22,12363,126,252.9,7
563949,2011-08-22,12747,62,301.7,7
563950,2011-08-22,12471,391,1127.02,21
563951,2011-08-22,16839,154,531.8,10
563952,2011-08-22,15572,267,679.25,40
563953,2011-08-22,16201,208,303.8,19
563954,2011-08-22,16652,613,1388.27,31
563955,2011-08-22,16652,30,82.98,3
563956,2011-08-22,14282,86,102.24,5
563981,2011-08-22,14948,8,13.2,1
563982,2011-08-22,14397,104,174.96,5
564016,2011-08-22,15712,195,307.66,14
564017,2011-08-22,14057,224,305.02,9
564019,2011-08-22,13408,264,463.82,9
564020,2011-08-22,13971,236,373.659999999999,24
564022,2011-08-22,13269,295,315.68,15
564023,2011-08-22,17562,70,125.7,7
564034,2011-08-22,12935,322,316.02,19
564037,2011-08-22,14800,209,163.72,19
564038,2011-08-22,16555,90,151.98,9
564039,2011-08-22,12645,350,511.96,23
564040,2011-08-22,14560,16,57.1999999999999,2
564041,2011-08-22,14560,4,34.0,2
564042,2011-08-22,15443,165,247.09,23
564043,2011-08-22,14414,434,190.06,14
564044,2011-08-22,16952,67,157.11,15
564045,2011-08-22,16013,184,1047.12,3
564046,2011-08-22,16013,400,1019.99999999999,1
564047,2011-08-22,16952,25,10.5,1
564048,2011-08-22,16013,16,40.8,1
564049,2011-08-22,17585,629,319.55,79
564050,2011-08-22,17160,552,758.05,48
564051,2011-08-22,14265,59,278.13,16
564052,2011-08-22,15033,120,247.42,36
564053,2011-08-22,14188,185,293.1,9
564054,2011-08-22,17857,1508,3875.88,5
564055,2011-08-22,13933,92,307.8,9
564056,2011-08-22,14387,209,440.76,40
564057,2011-08-22,15296,134,508.0,29
564058,2011-08-22,17676,166,230.98,11
564059,2011-08-22,15796,116,325.8,16
564060,2011-08-22,17073,307,453.79,56
564061,2011-08-22,14505,586,1062.88,118
564062,2011-08-22,17706,192,931.5,17
564065,2011-08-22,15150,1228,1654.31,103
564066,2011-08-22,17703,198,261.82,19
564067,2011-08-22,18241,18,39.9,2
564075,2011-08-22,17659,36,89.44,5
564076,2011-08-22,14045,48,408.0,1
564077,2011-08-22,14711,24,148.57,14
564078,2011-08-22,17083,210,409.76,18
564079,2011-08-22,12627,322,630.39,35
564082,2011-08-23,12627,4,72.0,1
564083,2011-08-23,17469,124,304.2,16
564085,2011-08-23,14911,1,50.0,1
564088,2011-08-23,17702,390,563.64,15
564089,2011-08-23,15971,140,291.4,4
564090,2011-08-23,17041,349,446.39,29
564091,2011-08-23,15804,259,432.48,29
564092,2011-08-23,13767,165,385.88,13
564093,2011-08-23,14930,413,1103.15,55
564095,2011-08-23,14930,52,165.58,11
564096,2011-08-23,16133,74,309.5,2
564109,2011-08-23,17450,48,34.56,1
564132,2011-08-23,12901,1288,780.0,5
564133,2011-08-23,14364,184,351.1,8
564135,2011-08-23,16550,374,526.72,51
564136,2011-08-23,14404,164,309.24,16
564137,2011-08-23,15722,295,654.15,14
564139,2011-08-23,16904,217,263.13,49
564140,2011-08-23,12621,361,415.17,31
564141,2011-08-23,17841,224,552.6,85
564143,2011-08-23,16814,78,177.899999999999,6
564144,2011-08-23,13939,455,205.71,22
564145,2011-08-23,14329,261,399.35,22
564146,2011-08-23,15838,240,480.0,4
564147,2011-08-23,14004,508,765.9,24
564148,2011-08-23,18147,80,98.88,4
564149,2011-08-23,14543,42,300.9,3
564150,2011-08-23,14936,572,1436.49,57
564158,2011-08-23,16712,186,250.86,9
564159,2011-08-23,12593,54,96.3,5
564160,2011-08-23,15569,96,244.799999999999,1
564161,2011-08-23,14523,251,241.09,12
564162,2011-08-23,13481,213,367.34,21
564163,2011-08-23,13481,12,15.0,1
564164,2011-08-23,17940,300,75.0,1
564165,2011-08-23,13593,238,645.83,36
564166,2011-08-23,15089,411,455.67,33
564167,2011-08-23,17735,489,951.96,42
564168,2011-08-23,16794,100,128.31,43
564169,2011-08-23,14646,288,424.8,2
564170,2011-08-23,17696,322,275.82,16
564171,2011-08-23,16133,86,308.66,3
564172,2011-08-23,16033,277,631.75,78
564173,2011-08-23,12567,406,851.06,39
564174,2011-08-23,14191,205,379.27,19
564181,2011-08-23,13862,234,327.93,21
564182,2011-08-23,17242,200,425.6,11
564186,2011-08-23,15755,269,524.1,29
564187,2011-08-23,15005,156,237.21,53
564188,2011-08-23,13140,58,114.06,14
564189,2011-08-23,14769,248,312.66,26
564190,2011-08-23,16143,178,375.19,22
564191,2011-08-23,17315,147,269.28,56
564192,2011-08-23,17719,104,306.719999999999,16
564195,2011-08-23,14060,160,306.96,13
564196,2011-08-23,17315,1,15.0,1
564197,2011-08-23,13425,321,449.56,24
564198,2011-08-23,14418,148,150.44,19
564199,2011-08-23,13263,135,280.17,73
564200,2011-08-23,18018,52,84.69,27
564201,2011-08-24,12540,317,509.34,18
564202,2011-08-24,16342,22,57.5,2
564203,2011-08-24,18061,128,241.44,7
564216,2011-08-24,12642,277,366.45,24
564219,2011-08-24,16422,1116,786.84,6
564222,2011-08-24,12971,74,239.9,3
564223,2011-08-24,13013,93,255.15,15
564224,2011-08-24,15249,242,330.74,22
564225,2011-08-24,17268,432,452.159999999999,2
564226,2011-08-24,12523,107,184.26,10
564227,2011-08-24,15249,174,365.82,19
564228,2011-08-24,13743,264,116.88,4
564231,2011-08-24,13468,43,121.37,7
564246,2011-08-24,13534,156,338.2,16
564248,2011-08-24,13798,414,457.92,6
564256,2011-08-24,14796,589,624.43,81
564268,2011-08-24,16968,98,253.31,15
564272,2011-08-24,16308,2000,640.0,1
564300,2011-08-24,16723,398,424.15,42
564301,2011-08-24,14299,580,871.2,52
564302,2011-08-24,15932,338,302.58,17
564303,2011-08-24,16042,267,435.33,25
564304,2011-08-24,14527,47,130.03,15
564305,2011-08-24,14875,458,1103.32,42
564306,2011-08-24,17865,352,1142.88,18
564307,2011-08-24,17865,37,92.3,16
564308,2011-08-24,13901,383,442.89,23
564309,2011-08-24,12471,70,83.58,5
564310,2011-08-24,15769,1372,2597.0,7
564311,2011-08-24,15769,900,1611.0,4
564312,2011-08-24,15769,1584,3744.0,6
564313,2011-08-24,13728,90,161.94,10
564314,2011-08-24,12695,139,244.65,13
564315,2011-08-24,14730,85,137.14,29
564316,2011-08-24,13985,212,391.68,23
564317,2011-08-24,13890,178,310.76,19
564318,2011-08-24,14035,73,136.68,3
564319,2011-08-24,15059,44,103.47,27
564321,2011-08-24,15059,58,172.2,15
564322,2011-08-24,13694,2335,2736.99,22
564323,2011-08-24,13694,1300,2275.0,11
564324,2011-08-24,13694,1460,1304.44,24
564325,2011-08-24,13694,240,189.6,2
564326,2011-08-24,17256,73,112.1,4
564327,2011-08-24,16029,658,1177.7,9
564328,2011-08-24,12662,178,383.92,19
564329,2011-08-24,12569,31,96.75,4
564330,2011-08-24,13411,72,213.55,18
564332,2011-08-24,14407,122,354.62,4
564333,2011-08-24,13199,96,116.159999999999,4
564334,2011-08-24,15812,181,213.9,4
564335,2011-08-24,15800,227,454.58,105
564336,2011-08-24,12748,71,101.66,25
564337,2011-08-24,12649,376,233.21,13
564338,2011-08-24,12649,6,15.2999999999999,1
564339,2011-08-24,15939,136,202.0,3
564342,2011-08-24,16340,501,549.07,153
564346,2011-08-24,15727,838,887.47,74
564350,2011-08-24,14401,545,302.5,16
564351,2011-08-24,13881,858,1187.74,12
564352,2011-08-24,14262,184,309.5,20
564353,2011-08-24,15764,1165,1564.7,85
564354,2011-08-24,15764,12,17.4,1
564355,2011-08-24,13507,289,394.09,26
564356,2011-08-24,13969,426,706.22,92
564357,2011-08-24,14973,63,302.96,7
564358,2011-08-24,17869,16,94.72,11
564359,2011-08-24,14056,118,305.63,45
564360,2011-08-24,12471,395,530.22,23
564361,2011-08-24,17869,6,22.5,1
564363,2011-08-24,15434,238,247.5,18
564364,2011-08-24,15434,42,32.82,2
564366,2011-08-25,13236,168,439.23,21
564367,2011-08-25,12712,110,242.15,10
564369,2011-08-25,15189,160,356.64,3
564370,2011-08-25,17134,22,94.5,4
564371,2011-08-25,17705,134,308.2,18
564372,2011-08-25,12714,790,1114.52,69
564373,2011-08-25,15290,90,341.1,9
564374,2011-08-25,16589,44,97.0,6
564375,2011-08-25,13078,350,665.9,21
564376,2011-08-25,14196,142,335.52,6
564377,2011-08-25,15263,89,156.51,12
564378,2011-08-25,12417,344,562.69,35
564379,2011-08-25,16779,340,678.88,22
564380,2011-08-25,14314,296,120.0,8
564381,2011-08-25,13000,72,76.32,1
564382,2011-08-25,15129,72,306.0,1
564383,2011-08-25,15251,68,248.6,3
564398,2011-08-25,18241,30,86.1,4
564419,2011-08-25,16093,20,17.0,1
564428,2011-08-25,17844,52,51.5599999999999,5
564429,2011-08-25,16638,204,75.36,8
564430,2011-08-25,15955,242,466.74,11
564431,2011-08-25,15955,4,15.8,1
564432,2011-08-25,13517,266,510.32,32
564433,2011-08-25,16503,124,338.54,17
564434,2011-08-25,14687,470,628.38,15
564436,2011-08-25,17841,169,451.92,57
564437,2011-08-25,13320,361,472.54,34
564438,2011-08-25,16628,256,496.3,23
564439,2011-08-25,12841,132,115.34,11
564440,2011-08-25,13928,67,121.25,8
564471,2011-08-25,12583,171,243.1,11
564473,2011-08-25,16722,195,295.3,12
564474,2011-08-25,14180,15,134.75,5
564475,2011-08-25,12500,289,378.0,5
564476,2011-08-25,12610,168,309.5,18
564477,2011-08-25,13854,40,322.32,4
564479,2011-08-25,12682,206,470.4,23
564480,2011-08-25,17656,240,318.92,16
564481,2011-08-25,12464,14,190.1,4
564482,2011-08-25,13149,326,249.72,16
564483,2011-08-25,14050,447,485.98,37
564484,2011-08-25,13634,98,158.36,20
564485,2011-08-25,16429,9,284.55,2
564489,2011-08-25,15950,310,662.56,39
564495,2011-08-25,17719,92,303.78,13
564496,2011-08-25,13050,191,319.06,20
564503,2011-08-25,13971,224,331.26,17
564507,2011-08-25,15513,240,222.959999999999,12
564510,2011-08-25,14194,869,630.68,42
564526,2011-08-25,15805,407,570.25,34
564529,2011-08-25,14111,36,153.0,1
564531,2011-08-25,12624,147,341.19,19
564532,2011-08-25,14055,216,725.64,10
564534,2011-08-25,12748,47,106.03,20
564535,2011-08-25,18075,216,404.8,24
564536,2011-08-25,13159,251,394.28,43
564537,2011-08-25,15550,94,154.24,20
564538,2011-08-25,13408,304,601.88,7
564539,2011-08-25,12715,197,353.86,21
564540,2011-08-25,12748,11,38.41,9
564541,2011-08-25,16309,163,372.37,21
564542,2011-08-25,16458,96,184.0,10
564543,2011-08-25,16818,113,129.75,6
564544,2011-08-25,15663,106,138.14,9
564551,2011-08-25,17730,138,314.7,8
564552,2011-08-25,16670,494,691.21,44
564553,2011-08-25,18200,111,163.8,32
564554,2011-08-25,17189,124,157.18,23
564555,2011-08-25,12748,19,51.3,10
564556,2011-08-25,12748,18,66.87,16
564557,2011-08-25,17576,35,80.18,9
564558,2011-08-26,12704,163,410.55,20
564559,2011-08-26,15811,292,478.96,31
564560,2011-08-26,16184,84,105.0,3
564561,2011-08-26,13340,924,957.24,7
564562,2011-08-26,15203,240,333.44,23
564563,2011-08-26,13630,258,301.92,4
564564,2011-08-26,13003,48,60.0,1
564565,2011-08-26,14911,572,812.02,41
564572,2011-08-26,15078,310,577.94,24
564573,2011-08-26,14606,49,110.85,33
564574,2011-08-26,15078,12,15.0,1
564583,2011-08-26,17949,600,432.0,1
564614,2011-08-26,13994,37,130.99,4
564626,2011-08-26,18167,122,498.48,13
564627,2011-08-26,15132,256,352.36,23
564629,2011-08-26,14866,384,940.8,2
564630,2011-08-26,13644,659,851.09,48
564631,2011-08-26,17451,267,346.01,23
564632,2011-08-26,16556,199,472.13,28
564634,2011-08-26,14210,119,306.19,16
564635,2011-08-26,15615,387,551.03,29
564636,2011-08-26,17146,4,185.9,2
564637,2011-08-26,16641,256,231.1,12
564638,2011-08-26,13812,191,278.74,20
564639,2011-08-26,18036,71,143.74,20
564640,2011-08-26,14837,338,388.12,25
564641,2011-08-26,13489,168,162.48,3
564642,2011-08-26,13527,808,336.34,32
564643,2011-08-26,15356,180,301.92,45
564647,2011-08-26,17920,105,199.28,34
564648,2011-08-26,15641,466,581.82,37
564649,2011-08-26,15611,1,15.0,1
564650,2011-08-26,14646,4628,6429.63999999999,41
564651,2011-08-26,14646,576,0.0,4
564652,2011-08-26,14646,480,998.4,1
564653,2011-08-26,14776,234,191.1,9
564654,2011-08-26,14911,277,640.14,29
564656,2011-08-26,14141,140,285.16,16
564657,2011-08-26,14135,617,748.86,17
564660,2011-08-26,15074,455,748.87,42
564661,2011-08-26,12948,411,537.7,32
564666,2011-08-26,12492,69,126.39,9
564668,2011-08-26,17183,141,329.67,9
564669,2011-08-26,16872,72,76.32,1
564670,2011-08-26,12683,694,1130.95,48
564709,2011-08-28,15569,96,244.799999999999,1
564710,2011-08-28,15625,219,287.849999999999,10
564712,2011-08-28,15611,151,385.47,9
564713,2011-08-28,16768,41,103.24,20
564714,2011-08-28,15290,12,35.4,1
564715,2011-08-28,14472,97,142.74,29
564716,2011-08-28,14810,188,352.23,37
564717,2011-08-28,15669,72,130.8,5
564718,2011-08-28,13301,75,137.19,16
564719,2011-08-28,15325,232,162.29,49
564720,2011-08-28,15095,4,19.8,1
564721,2011-08-28,15095,158,312.979999999999,9
564722,2011-08-28,16456,71,124.16,14
564723,2011-08-28,16168,108,169.38,4
564724,2011-08-28,15555,260,264.73,68
564725,2011-08-28,18041,125,239.11,77
564726,2011-08-28,18077,289,301.93,29
564727,2011-08-28,16686,489,835.95,127
564728,2011-08-28,13199,48,85.92,1
564729,2011-08-28,13137,195,292.52,74
564731,2011-08-28,16186,258,365.78,19
564732,2011-08-28,16466,129,233.67,21
564733,2011-08-28,17841,434,526.26,94
564734,2011-08-28,12484,800,1246.49,122
564735,2011-08-28,15856,632,627.64,50
564736,2011-08-28,16353,204,505.8,11
564737,2011-08-28,15312,70,186.9,9
564738,2011-08-28,16816,23,44.37,3
564739,2011-08-28,16931,81,174.829999999999,29
564740,2011-08-28,14044,106,196.93,72
564741,2011-08-28,16107,318,642.42,5
564742,2011-08-28,17346,92,154.02,36
564743,2011-08-28,14606,50,125.77,26
564744,2011-08-28,13778,70,178.7,9
564745,2011-08-28,16806,110,259.93,46
564746,2011-08-28,17633,112,315.719999999999,13
564747,2011-08-28,14869,355,391.31,50
564749,2011-08-30,12708,133,403.83,21
564750,2011-08-30,17690,215,462.75,28
564752,2011-08-30,16126,546,1862.7,31
564753,2011-08-30,13709,443,612.09,39
564764,2011-08-30,14096,7,21.84,6
564800,2011-08-30,14108,209,291.33,16
564803,2011-08-30,13870,340,812.16,16
564811,2011-08-30,15769,300,537.0,1
564814,2011-08-30,12931,120,214.8,1
564815,2011-08-30,12748,32,74.1,14
564816,2011-08-30,14901,69,165.43,8
564819,2011-08-30,12814,49,125.92,2
564821,2011-08-30,14078,73,221.46,13
564836,2011-08-30,17402,108,291.24,2
564839,2011-08-30,13524,57,161.16,6
564842,2011-08-30,16133,180,308.47,11
564843,2011-08-30,15866,126,230.53,45
564846,2011-08-30,14507,142,309.38,26
564848,2011-08-30,16928,194,252.5,11
564849,2011-08-30,17675,396,762.58,38
564850,2011-08-30,17298,255,390.78,26
564851,2011-08-30,13183,174,211.96,20
564852,2011-08-30,14976,47,109.7,8
564853,2011-08-31,12423,149,198.98,12
564855,2011-08-31,16746,338,307.42,16
564856,2011-08-31,12477,1151,4257.05999999999,90
564858,2011-08-31,12484,5,140.0,1
564859,2011-08-31,14057,216,386.64,1
564860,2011-08-31,17725,221,308.69,19
564861,2011-08-31,17315,1,15.0,1
564862,2011-08-31,12678,1,145.0,1
564863,2011-08-31,15491,275,390.98,20
564866,2011-08-31,14660,104,128.95,14
564868,2011-08-31,16842,144,397.24,17
564871,2011-08-31,17949,1000,340.0,1
564872,2011-08-31,16083,524,979.64,14
564895,2011-08-31,15596,2,16.9,2
564896,2011-08-31,13726,384,292.68,23
564897,2011-08-31,12678,820,1330.44,10
564898,2011-08-31,14513,192,138.24,1
564901,2011-08-31,15690,204,111.0,8
564902,2011-08-31,18198,256,314.28,7
564904,2011-08-31,15984,191,383.4,16
564906,2011-08-31,12682,122,250.8,2
564910,2011-08-31,13993,49,219.0,2
564912,2011-08-31,12490,201,424.06,19
564943,2011-08-31,17706,100,275.7,14
564950,2011-08-31,17320,168,290.52,25
564953,2011-08-31,17588,416,537.96,11
564957,2011-08-31,15260,73,195.15,10
564958,2011-08-31,13089,333,682.19,29
564959,2011-08-31,17299,52,116.56,7
564961,2011-08-31,14525,126,224.64,10
564962,2011-08-31,17777,163,194.7,67
564963,2011-08-31,15582,152,237.9,14
564965,2011-08-31,17677,987,1565.82,22
564966,2011-08-31,17677,24,34.8,1
564967,2011-08-31,17659,30,102.48,4
564972,2011-08-31,12621,492,1179.63999999999,50
564975,2011-08-31,17097,50,138.399999999999,16
564976,2011-08-31,17315,160,222.04,24
564995,2011-08-31,16780,172,263.3,45
565014,2011-08-31,16180,956,1724.8,15
565056,2011-08-31,16278,114,566.38,23
565067,2011-08-31,15856,429,511.46,71
565080,2011-09-01,13509,32,40.0,2
565082,2011-09-01,13305,14,75.3,3
565083,2011-09-01,16187,244,334.46,11
565084,2011-09-01,17306,846,576.74,6
565086,2011-09-01,13631,7,52.5,1
565087,2011-09-01,13276,20,137.38,7
565088,2011-09-01,16145,335,318.01,24
565090,2011-09-01,17572,24,43.8,2
565091,2011-09-01,16011,195,299.25,16
565092,2011-09-01,14092,233,307.62,18
565093,2011-09-01,13408,236,428.6,6
565114,2011-09-01,13588,530,345.099999999999,23
565115,2011-09-01,16880,127,252.11,23
565116,2011-09-01,13089,1322,2297.52,27
565117,2011-09-01,13089,892,2016.32,69
565118,2011-09-01,15039,208,559.72,44
565119,2011-09-01,16722,422,422.08,21
565120,2011-09-01,15206,72,183.6,3
565121,2011-09-01,14239,46,149.7,8
565122,2011-09-01,13069,1686,476.76,38
565123,2011-09-01,17949,96,480.0,1
565124,2011-09-01,12436,211,509.01,16
565125,2011-09-01,14217,44,126.5,7
565126,2011-09-01,17653,390,180.1,5
565127,2011-09-01,13147,24,118.8,1
565128,2011-09-01,15189,93,319.95,8
565129,2011-09-01,15719,251,515.17,87
565133,2011-09-01,13458,162,322.98,14
565139,2011-09-01,16422,346,550.98,4
565141,2011-09-01,17841,212,354.39,81
565142,2011-09-01,17386,144,152.64,2
565143,2011-09-01,17386,2,3.3,1
565144,2011-09-01,16456,220,457.6,12
565145,2011-09-01,12415,2692,2732.92,8
565146,2011-09-01,12415,144,208.799999999999,1
565147,2011-09-01,16187,300,459.92,16
565149,2011-09-01,14414,334,174.06,14
565150,2011-09-01,14298,4871,5590.67,179
565151,2011-09-01,16923,222,522.97,48
565152,2011-09-01,17799,251,387.49,60
565153,2011-09-01,18241,102,143.8,7
565154,2011-09-01,13470,30,49.5,3
565155,2011-09-01,16672,222,608.1,10
565156,2011-09-01,13045,221,305.28,18
565157,2011-09-01,16168,48,85.92,1
565158,2011-09-01,17024,20,25.0,1
565181,2011-09-01,17381,1368,1386.0,6
565186,2011-09-01,17220,135,111.03,12
565192,2011-09-01,17220,7,11.5499999999999,1
565197,2011-09-01,13376,137,249.76,14
565198,2011-09-01,16729,300,346.98,28
565199,2011-09-01,18171,111,309.89,8
565200,2011-09-01,17576,98,125.55,16
565201,2011-09-01,14907,374,676.36,39
565202,2011-09-01,14482,123,227.85,6
565204,2011-09-01,15829,576,310.7,25
565205,2011-09-01,14735,44,99.4,2
565206,2011-09-01,12971,102,117.06,2
565207,2011-09-01,16764,111,260.49,51
565208,2011-09-01,18172,100,305.96,11
565209,2011-09-01,15910,79,112.75,30
565210,2011-09-01,17750,478,191.74,19
565211,2011-09-01,16638,189,121.23,8
565212,2011-09-01,12828,25,77.31,4
565213,2011-09-01,14911,1776,2242.31999999999,8
565214,2011-09-01,14911,408,1638.24,13
565216,2011-09-01,12971,28,114.6,2
565217,2011-09-01,13099,288,207.359999999999,1
565218,2011-09-01,12739,485,975.54,37
565219,2011-09-01,14420,334,387.52,29
565220,2011-09-01,13437,49,149.35,8
565221,2011-09-01,16525,236,373.8,7
565222,2011-09-01,13629,450,821.0,5
565223,2011-09-01,15410,112,386.74,15
565224,2011-09-01,14713,111,207.73,30
565225,2011-09-01,16808,80,121.92,4
565226,2011-09-02,16992,274,301.2,19
565228,2011-09-02,16333,1128,1250.4,2
565230,2011-09-02,16705,437,1585.92,31
565235,2011-09-02,13418,484,402.0,29
565236,2011-09-02,14276,232,399.34,21
565238,2011-09-02,16945,134,301.85,15
565239,2011-09-02,12670,273,608.079999999999,23
565240,2011-09-02,17949,372,1047.12,2
565241,2011-09-02,17949,904,822.24,2
565242,2011-09-02,14436,129,89.06,9
565243,2011-09-02,16735,621,770.93,34
565244,2011-09-02,16735,57,125.45,6
565245,2011-09-02,16678,268,306.96,10
565246,2011-09-02,12408,310,642.28,17
565247,2011-09-02,15864,352,543.6,5
565248,2011-09-02,15860,72,112.86,32
565249,2011-09-02,18027,78,115.31,21
565250,2011-09-02,13643,66,171.5,8
565251,2011-09-02,12748,27,11.3099999999999,5
565261,2011-09-02,12474,314,465.68,26
565285,2011-09-02,16013,628,1821.6,4
565287,2011-09-02,12483,163,309.45,14
565289,2011-09-02,14911,163,749.13,26
565291,2011-09-02,18102,1680,4913.52,5
565292,2011-09-02,16102,312,553.08,18
565293,2011-09-02,17857,288,561.6,2
565295,2011-09-02,12794,227,317.0,20
565309,2011-09-02,15311,164,300.2,5
565311,2011-09-02,16210,120,344.88,2
565312,2011-09-02,14527,69,145.02,20
565315,2011-09-02,14019,320,416.24,17
565316,2011-09-02,15628,197,311.85,16
565317,2011-09-02,12921,288,598.38,14
565318,2011-09-02,12921,322,560.54,23
565320,2011-09-02,16745,569,461.77,18
565321,2011-09-02,12437,100,269.58,9
565322,2011-09-02,12437,54,65.1,5
565324,2011-09-02,13232,105,169.85,37
565325,2011-09-02,16086,140,312.64,8
565326,2011-09-02,16706,55,120.02,34
565327,2011-09-02,12832,132,267.8,18
565328,2011-09-02,14004,44,241.0,8
565329,2011-09-02,14606,59,113.31,40
565330,2011-09-02,16989,20,33.0,1
565331,2011-09-02,16674,63,122.2,35
565332,2011-09-02,13695,260,381.54,14
565333,2011-09-02,12375,87,230.3,11
565338,2011-09-02,14948,92,82.36,6
565350,2011-09-02,14178,114,180.47,18
565366,2011-09-02,17091,265,690.15,37
565367,2011-09-02,17091,12,7.43999999999999,1
565372,2011-09-02,17090,48,162.72,1
565377,2011-09-02,18087,1,852.8,1
565380,2011-09-02,14463,52,220.2,2
565381,2011-09-02,16173,137,429.38,25
565383,2011-09-02,14096,35,103.22,19
565384,2011-09-02,13507,172,386.32,20
565386,2011-09-02,17997,189,269.169999999999,40
565387,2011-09-02,14560,120,50.4,1
565388,2011-09-02,14415,203,462.35,65
565397,2011-09-02,14171,167,363.79,58
565398,2011-09-02,15856,487,855.28,18
565399,2011-09-02,12748,8,3.12,4
565401,2011-09-02,16686,162,414.19,55
565404,2011-09-04,13434,60,72.84,5
565405,2011-09-04,14211,96,220.04,13
565406,2011-09-04,13804,144,188.299999999999,11
565407,2011-09-04,16983,198,305.08,44
565408,2011-09-04,16813,74,125.46,32
565409,2011-09-04,16761,341,316.62,13
565410,2011-09-04,14691,302,835.08,29
565411,2011-09-04,13772,223,457.8,70
565412,2011-09-04,14156,1272,629.04,6
565413,2011-09-04,18223,233,431.73,22
565414,2011-09-04,15046,85,121.199999999999,6
565415,2011-09-04,14067,216,224.67,25
565416,2011-09-04,12710,404,358.66,29
565417,2011-09-04,15738,180,295.04,12
565418,2011-09-04,13576,93,323.73,5
565419,2011-09-04,13808,216,573.46,27
565420,2011-09-04,16326,85,313.05,29
565421,2011-09-04,16744,98,161.82,40
565423,2011-09-04,12569,39,91.86,6
565424,2011-09-04,15215,92,300.04,16
565426,2011-09-04,12851,109,135.18,50
565427,2011-09-04,17774,81,235.54,30
565429,2011-09-04,16434,57,182.12,14
565430,2011-09-04,14335,340,359.25,42
565431,2011-09-04,14965,353,474.5,81
565432,2011-09-04,16241,107,244.27,68
565433,2011-09-04,14965,12,124.5,2
565434,2011-09-04,12867,773,673.29,90
565435,2011-09-04,16241,8,34.0,1
565436,2011-09-04,14189,270,360.96,20
565437,2011-09-04,17050,261,568.25,30
565438,2011-09-04,17229,77,161.05,15
565439,2011-09-04,14852,377,554.21,29
565440,2011-09-04,12709,266,761.68,19
565441,2011-09-04,13240,57,110.04,15
565442,2011-09-04,12627,559,819.26,37
565443,2011-09-04,12567,509,891.819999999999,50
565444,2011-09-04,17894,34,128.9,16
565445,2011-09-04,13548,277,401.4,63
565446,2011-09-04,16057,200,400.24,18
565447,2011-09-04,14107,326,625.1,25
565448,2011-09-04,16057,19,49.65,3
565449,2011-09-04,16057,24,34.8,2
565450,2011-09-04,17722,172,323.16,21
565451,2011-09-04,15365,319,752.67,35
565452,2011-09-04,15187,228,316.84,9
565453,2011-09-04,15136,374,582.9,29
565454,2011-09-04,17410,49,117.15,7
565456,2011-09-04,16629,216,236.78,50
565457,2011-09-05,14565,169,538.8,18
565458,2011-09-05,16523,202,477.7,14
565459,2011-09-05,16656,864,859.68,6
565460,2011-09-05,16843,2300,1414.64,55
565461,2011-09-05,18261,102,224.8,15
565462,2011-09-05,16551,373,304.95,10
565463,2011-09-05,13748,208,335.8,13
565464,2011-09-05,13748,8,31.6,2
565465,2011-09-05,15364,409,581.39,26
565466,2011-09-05,12422,82,147.7,8
565467,2011-09-05,14129,178,315.78,15
565468,2011-09-05,14129,13,51.55,3
565469,2011-09-05,17389,54,591.3,1
565470,2011-09-05,12576,202,275.7,16
565471,2011-09-05,13931,514,859.32,38
565472,2011-09-05,16255,277,385.04,36
565473,2011-09-05,16717,240,423.5,26
565474,2011-09-05,14156,1,50.0,1
565475,2011-09-05,14156,5034,7480.05999999999,51
565476,2011-09-05,14156,456,958.8,4
565478,2011-09-05,15005,138,195.42,46
565479,2011-09-05,13999,142,307.03,15
565480,2011-09-05,18273,40,102.0,1
565481,2011-09-05,16891,32,122.22,25
565488,2011-09-05,15307,37,205.3,12
565491,2011-09-05,13881,1066,2251.94,19
565492,2011-09-05,13881,96,177.6,1
565513,2011-09-05,14401,276,313.08,13
565515,2011-09-05,17491,213,457.8,14
565519,2011-09-05,12502,234,1092.35,39
565541,2011-09-05,14159,577,575.68,150
565542,2011-09-05,16820,307,497.61,26
565563,2011-09-05,14177,104,183.83,18
565565,2011-09-05,14534,34,131.64,16
565569,2011-09-05,14111,18,48.3,2
565577,2011-09-05,14177,2,7.5,1
565579,2011-09-05,18283,95,134.9,47
565580,2011-09-05,13851,682,1298.18,12
565583,2011-09-05,12816,51,253.55,14
565584,2011-09-05,14243,165,315.17,15
565585,2011-09-05,16172,232,306.82,18
565586,2011-09-05,16172,24,33.04,2
565587,2011-09-05,12727,148,537.3,7
565588,2011-09-05,16918,231,299.67,39
565589,2011-09-05,17450,288,691.199999999999,2
565590,2011-09-05,16029,179,324.5,2
565591,2011-09-05,16029,96,177.6,1
565592,2011-09-05,16029,240,480.0,2
565593,2011-09-05,17612,307,344.07,22
565594,2011-09-05,13510,322,312.49,23
565595,2011-09-05,13192,297,447.62,30
565596,2011-09-05,16444,203,301.32,25
565598,2011-09-05,14842,78,213.04,12
565610,2011-09-05,14849,226,357.34,18
565611,2011-09-05,14849,238,401.94,15
565612,2011-09-05,12616,186,457.7,21
565613,2011-09-05,13744,254,263.2,19
565614,2011-09-05,17309,41,82.75,12
565616,2011-09-05,15238,355,472.64,23
565618,2011-09-05,15974,338,347.88,25
565631,2011-09-05,14680,568,1226.16,10
565643,2011-09-05,13468,207,356.75,8
565644,2011-09-05,15491,156,299.16,5
565648,2011-09-05,18196,192,238.35,63
565649,2011-09-05,16712,158,482.8,55
565664,2011-09-05,13211,573,775.94,44
565665,2011-09-05,15856,285,488.21,26
565667,2011-09-06,17449,102,174.86,9
565668,2011-09-06,15291,291,378.75,4
565669,2011-09-06,17560,192,149.12,3
565670,2011-09-06,14944,316,656.46,25
565672,2011-09-06,17700,326,556.26,30
565673,2011-09-06,14441,104,340.56,10
565674,2011-09-06,15271,74,224.28,13
565675,2011-09-06,15513,601,2184.59,38
565676,2011-09-06,15513,106,238.68,5
565677,2011-09-06,15521,92,192.4,11
565678,2011-09-06,15521,12,17.4,1
565679,2011-09-06,15199,78,310.6,4
565680,2011-09-06,14560,240,100.8,1
565682,2011-09-06,14796,467,835.95,64
565684,2011-09-06,16455,144,189.6,12
565685,2011-09-06,15671,384,638.4,8
565723,2011-09-06,14408,158,301.8,4
565724,2011-09-06,16168,120,185.0,7
565725,2011-09-06,13949,542,537.9,38
565726,2011-09-06,14360,745,1134.69,72
565727,2011-09-06,13158,265,332.89,23
565728,2011-09-06,17716,304,549.7,17
565729,2011-09-06,17716,12,25.2,1
565730,2011-09-06,14715,169,347.3,27
565731,2011-09-06,17716,68,125.0,9
565732,2011-09-06,17068,140,257.8,14
565733,2011-09-06,16359,80,164.4,4
565734,2011-09-06,17191,221,387.26,37
565735,2011-09-06,16904,1,15.0,1
565736,2011-09-06,13784,432,155.519999999999,1
565737,2011-09-06,16400,172,303.93,29
565738,2011-09-06,14667,277,582.8,19
565740,2011-09-06,15189,192,430.32,4
565741,2011-09-06,15189,164,354.62,4
565747,2011-09-06,14239,103,315.65,10
565748,2011-09-06,14156,1145,4005.35,58
565749,2011-09-06,14156,140,228.84,5
565750,2011-09-06,14208,114,151.74,10
565751,2011-09-06,16393,115,258.64,28
565753,2011-09-06,13538,12,99.0,2
565754,2011-09-06,15462,48,64.8,4
565756,2011-09-06,18230,224,503.08,12
565757,2011-09-06,17339,136,183.36,5
565758,2011-09-06,16928,142,199.299999999999,15
565759,2011-09-06,12720,327,358.84,21
565760,2011-09-06,12720,10,16.5,1
565763,2011-09-06,14739,1604,939.96,10
565765,2011-09-06,12526,318,520.3,29
565766,2011-09-06,17841,367,591.86,138
565768,2011-09-06,14040,142,262.4,8
565769,2011-09-06,16175,164,300.7,16
565776,2011-09-06,15311,483,724.01,19
565777,2011-09-06,12569,21,106.8,4
565778,2011-09-06,17460,59,159.85,7
565779,2011-09-06,15804,391,477.93,34
565780,2011-09-06,13130,32,64.0,2
565781,2011-09-06,13098,450,701.38,20
565782,2011-09-06,12748,176,303.92,15
565783,2011-09-06,13122,48,18.72,1
565784,2011-09-06,15089,104,359.05,19
565785,2011-09-06,12461,5,200.0,1
565788,2011-09-07,13210,316,353.48,22
565790,2011-09-07,16767,480,591.14,16
565791,2011-09-07,16029,96,189.6,2
565792,2011-09-07,14397,112,180.12,7
565793,2011-09-07,16029,96,177.6,1
565794,2011-09-07,16029,312,567.6,4
565795,2011-09-07,17481,149,260.63,19
565796,2011-09-07,14916,226,266.48,16
565800,2011-09-07,14911,417,809.069999999999,40
565801,2011-09-07,12685,268,549.24,26
565802,2011-09-07,17573,177,174.71,11
565803,2011-09-07,17735,454,871.25,43
565805,2011-09-07,18229,186,348.0,10
565806,2011-09-07,15594,319,520.31,30
565807,2011-09-07,14334,170,315.2,20
565808,2011-09-07,16843,4,23.0,1
565835,2011-09-07,14452,46,127.37,30
565836,2011-09-07,17511,2186,3200.28,38
565838,2011-09-07,15071,104,393.4,14
565839,2011-09-07,13186,187,313.6,12
565842,2011-09-07,13808,108,149.64,8
565844,2011-09-07,17442,247,331.24,19
565845,2011-09-07,14709,342,588.3,17
565846,2011-09-07,14606,60,121.5,39
565849,2011-09-07,14309,236,323.68,15
565850,2011-09-07,14530,219,524.85,45
565851,2011-09-07,14911,332,637.29,32
565853,2011-09-07,13756,205,413.99,14
565854,2011-09-07,12490,650,1035.82,42
565855,2011-09-07,15114,308,324.96,24
565856,2011-09-07,17345,116,155.8,13
565857,2011-09-07,14911,942,1464.58,85
565858,2011-09-07,17949,504,534.24,1
565859,2011-09-07,16818,336,426.07,25
565860,2011-09-07,12748,24,9.36,2
565861,2011-09-07,17368,4,20.8,3
565862,2011-09-07,15885,109,349.35,16
565863,2011-09-07,17422,393,402.79,16
565865,2011-09-07,12637,719,1304.7,67
565870,2011-09-07,16828,1,15.0,1
565877,2011-09-07,15189,133,304.24,6
565901,2011-09-07,13798,666,1094.9,9
565914,2011-09-07,18093,180,89.64,2
565915,2011-09-07,15752,340,480.52,67
565916,2011-09-07,14156,186,504.35,31
565918,2011-09-07,13249,66,127.73,19
565920,2011-09-08,15298,435,591.02,33
565921,2011-09-08,13889,146,416.9,15
565922,2011-09-08,14116,218,308.9,16
565923,2011-09-08,17567,388,590.4,13
565924,2011-09-08,13026,552,360.48,11
565926,2011-09-08,13305,224,310.2,13
565929,2011-09-08,15488,73,91.32,2
565930,2011-09-08,12685,649,1057.18,64
565931,2011-09-08,12683,211,404.31,23
565932,2011-09-08,16418,87,222.45,33
565933,2011-09-08,15885,1,15.0,1
565934,2011-09-08,18222,335,443.0,19
565936,2011-09-08,15653,1152,829.439999999999,2
565937,2011-09-08,13468,52,126.74,8
565967,2011-09-08,14646,1012,1944.6,51
565971,2011-09-08,13571,179,282.68,46
565975,2011-09-08,14646,1,2.08,1
565990,2011-09-08,13577,260,371.7,21
565993,2011-09-08,13013,86,303.3,12
565994,2011-09-08,13244,38,121.74,27
565995,2011-09-08,16076,230,418.34,35
566001,2011-09-08,13700,11,14.99,5
566005,2011-09-08,16426,88,161.69,21
566006,2011-09-08,13018,288,286.86,19
566008,2011-09-08,16426,91,153.99,42
566009,2011-09-08,16076,72,51.8399999999999,1
566010,2011-09-08,13700,448,390.47,58
566013,2011-09-08,17004,602,1006.4,26
566014,2011-09-08,14688,205,355.08,13
566015,2011-09-08,16426,78,45.78,5
566016,2011-09-08,15144,470,591.9,30
566017,2011-09-08,13330,351,412.71,26
566018,2011-09-08,13137,301,473.29,81
566019,2011-09-08,17243,121,441.49,31
566020,2011-09-08,13925,54,132.7,6
566021,2011-09-08,15306,234,312.45,13
566022,2011-09-08,13925,10,49.5,2
566023,2011-09-08,12955,424,496.44,18
566024,2011-09-08,13871,204,538.4,32
566025,2011-09-08,17634,65,159.79,37
566026,2011-09-08,15618,24,74.4,4
566027,2011-09-08,15618,91,121.81,8
566028,2011-09-08,13848,1000,320.0,1
566033,2011-09-08,16031,204,243.31,61
566035,2011-09-08,12839,286,413.58,25
566037,2011-09-08,13249,240,291.84,2
566038,2011-09-08,14511,73,191.73,10
566039,2011-09-08,14223,194,334.54,21
566040,2011-09-08,12540,243,459.99,23
566041,2011-09-08,13814,532,961.58,26
566042,2011-09-08,17811,90,182.9,31
566043,2011-09-08,13769,136,421.18,15
566044,2011-09-08,13769,12,25.2,1
566045,2011-09-08,15400,50,105.0,1
566046,2011-09-08,12971,118,78.9,3
566047,2011-09-08,17370,140,117.36,9
566048,2011-09-08,16558,244,322.77,23
566049,2011-09-08,15730,175,309.79,18
566050,2011-09-08,13854,70,324.0,5
566051,2011-09-08,15198,56,86.0,5
566052,2011-09-08,13199,160,186.32,3
566053,2011-09-08,14410,77,120.979999999999,42
566054,2011-09-08,12592,125,205.8,9
566055,2011-09-08,15453,97,227.79,41
566056,2011-09-08,14410,6,4.11,3
566057,2011-09-08,17997,370,174.07,28
566058,2011-09-08,16682,200,183.92,5
566059,2011-09-08,12569,9,86.0,3
566061,2011-09-08,13267,132,318.4,16
566062,2011-09-08,14522,251,482.07,8
566063,2011-09-08,16011,96,170.88,10
566073,2011-09-08,14562,94,354.53,27
566074,2011-09-09,12535,104,344.9,16
566075,2011-09-09,16173,105,205.67,14
566076,2011-09-09,12449,372,1087.7,45
566077,2011-09-09,13441,204,296.64,13
566079,2011-09-09,17593,782,985.62,37
566080,2011-09-09,15187,1,15.0,1
566081,2011-09-09,16293,95,253.99,14
566082,2011-09-09,16293,35,70.6,5
566083,2011-09-09,13145,96,85.92,3
566085,2011-09-09,17841,104,190.57,49
566086,2011-09-09,14051,91,584.4,5
566087,2011-09-09,13319,224,493.4,27
566089,2011-09-09,14062,528,998.88,7
566091,2011-09-09,17870,127,146.75,27
566092,2011-09-09,13823,325,650.42,26
566094,2011-09-09,17965,245,361.56,52
566108,2011-09-09,16027,288,158.4,1
566115,2011-09-09,12674,293,425.2,22
566117,2011-09-09,17965,10,15.5,1
566123,2011-09-09,15039,136,322.37,35
566124,2011-09-09,16515,144,262.74,25
566162,2011-09-09,15249,149,282.31,18
566163,2011-09-09,12637,719,1304.7,67
566169,2011-09-09,14414,392,185.839999999999,10
566170,2011-09-09,12879,58,140.5,4
566171,2011-09-09,18118,98,161.43,42
566172,2011-09-09,17001,224,322.4,11
566173,2011-09-09,12787,145,186.56,8
566175,2011-09-09,18237,104,158.959999999999,10
566178,2011-09-09,16353,49,141.9,4
566184,2011-09-09,16723,1,165.0,1
566186,2011-09-09,16603,363,296.62,23
566188,2011-09-09,14312,95,192.6,9
566189,2011-09-09,17800,113,151.3,13
566190,2011-09-09,12748,328,211.49,37
566191,2011-09-09,14388,210,442.66,24
566192,2011-09-09,14915,36,165.2,4
566193,2011-09-09,14961,517,1010.95,55
566194,2011-09-09,14711,91,301.0,52
566195,2011-09-09,12433,1849,2608.11,81
566196,2011-09-09,14180,16,148.8,4
566198,2011-09-09,18109,82,393.85,25
566199,2011-09-09,14824,217,441.91,15
566200,2011-09-09,16910,93,111.78,52
566201,2011-09-09,15189,18,98.1,1
566202,2011-09-09,15652,208,337.74,21
566203,2011-09-09,16362,137,337.75,36
566204,2011-09-09,14628,166,340.38,12
566206,2011-09-09,16362,7,34.65,3
566207,2011-09-09,12830,2352,1210.32,9
566208,2011-09-09,16362,9,7.65,2
566213,2011-09-09,14895,959,1732.93,74
566214,2011-09-09,14895,4,51.0,1
566215,2011-09-09,14895,29,109.15,5
566217,2011-09-09,14096,55,119.62,34
566218,2011-09-09,13079,6,35.7,1
566219,2011-09-09,17426,700,1001.36,57
566220,2011-09-09,15251,1128,2243.7,25
566225,2011-09-11,16899,30,78.1,11
566226,2011-09-11,15605,52,204.6,11
566227,2011-09-11,14258,744,1912.06,16
566228,2011-09-11,13408,484,889.4,5
566229,2011-09-11,13408,62,174.84,5
566230,2011-09-11,15159,263,418.84,23
566231,2011-09-11,14837,210,303.94,18
566232,2011-09-11,15159,82,175.04,6
566233,2011-09-11,12635,773,1005.54,61
566234,2011-09-11,15035,245,252.73,27
566235,2011-09-11,15636,202,418.06,17
566236,2011-09-11,16384,60,175.4,9
566237,2011-09-11,13742,30,142.9,8
566238,2011-09-11,17377,44,164.42,26
566239,2011-09-11,14665,234,544.52,24
566240,2011-09-11,14508,70,137.56,24
566241,2011-09-11,15939,156,254.76,2
566242,2011-09-11,15502,52,160.6,8
566243,2011-09-11,15502,2,33.9,1
566244,2011-09-11,15502,60,126.0,5
566245,2011-09-11,13426,198,451.97,11
566246,2011-09-11,13941,396,1028.04,8
566247,2011-09-11,16107,84,316.6,3
566248,2011-09-11,13272,72,140.96,8
566249,2011-09-11,13527,205,482.75,48
566250,2011-09-11,15587,120,344.88,2
566251,2011-09-11,12841,180,220.07,22
566253,2011-09-11,13527,19,11.97,1
566254,2011-09-11,13993,90,384.9,10
566255,2011-09-11,13324,1492,1783.24,18
566256,2011-09-11,12680,43,112.38,7
566257,2011-09-11,13324,680,855.599999999999,9
566258,2011-09-11,13124,524,1292.21,85
566259,2011-09-11,17317,606,2027.94,7
566260,2011-09-11,14212,1152,1070.48,9
566261,2011-09-11,13372,159,378.64,23
566262,2011-09-11,15527,108,277.55,20
566264,2011-09-11,14606,55,97.73,25
566265,2011-09-11,18255,74,103.3,6
566266,2011-09-11,17299,329,309.86,28
566267,2011-09-11,12647,196,356.11,19
566268,2011-09-11,13813,83,292.24,15
566269,2011-09-11,17864,380,272.31,59
566270,2011-09-11,16523,390,848.98,32
566271,2011-09-11,14250,866,1228.83,74
566272,2011-09-11,14487,287,430.219999999999,43
566273,2011-09-11,14720,107,245.33,13
566274,2011-09-11,13884,149,344.25,36
566275,2011-09-11,16549,242,452.49,73
566276,2011-09-11,13450,348,305.82,19
566277,2011-09-11,16796,186,305.62,18
566278,2011-09-11,13614,67,302.15,17
566279,2011-09-11,14432,362,254.75,51
566281,2011-09-11,12748,1450,2026.7,139
566282,2011-09-11,15782,644,1638.34,21
566283,2011-09-11,17838,381,625.0,28
566284,2011-09-11,14825,72,160.2,7
566285,2011-09-11,13611,346,535.08,42
566286,2011-09-11,14057,252,331.56,15
566287,2011-09-11,17218,49,133.37,24
566288,2011-09-11,12883,68,291.63,19
566289,2011-09-11,15601,128,231.56,14
566290,2011-09-11,14456,723,818.93,217
566291,2011-09-11,12965,283,771.91,109
566292,2011-09-11,13381,390,520.9,23
566293,2011-09-11,14533,555,408.38,16
566294,2011-09-11,15533,150,449.659999999999,33
566295,2011-09-11,15547,867,458.43,40
566296,2011-09-11,17841,81,203.08,50
566297,2011-09-11,16794,58,92.38,31
566298,2011-09-11,14030,170,159.31,21
566299,2011-09-11,16871,200,329.44,14
566300,2011-09-11,18215,118,299.34,13
566301,2011-09-11,16474,56,114.84,24
566302,2011-09-11,16474,1,8.25,1
566303,2011-09-12,12997,170,307.92,16
566304,2011-09-12,18158,254,343.8,24
566305,2011-09-12,14110,223,523.25,21
566306,2011-09-12,13265,214,336.64,13
566307,2011-09-12,14307,323,656.23,34
566308,2011-09-12,15865,134,289.92,15
566309,2011-09-12,14307,24,31.5999999999999,2
566310,2011-09-12,15980,890,1468.58,19
566311,2011-09-12,15980,78,170.1,4
566312,2011-09-12,16150,164,339.83,20
566314,2011-09-12,15358,372,405.86,28
566315,2011-09-12,15392,314,326.48,25
566317,2011-09-12,13375,442,778.65,37
566318,2011-09-12,15971,110,217.3,4
566319,2011-09-12,13431,556,853.68,36
566320,2011-09-12,13983,180,382.48,17
566321,2011-09-12,17961,1,5.95,1
566322,2011-09-12,16209,76,145.72,5
566326,2011-09-12,16211,154,547.02,23
566328,2011-09-12,13743,204,153.72,4
566329,2011-09-12,14527,50,207.57,18
566334,2011-09-12,13798,444,410.08,5
566345,2011-09-12,17685,861,1286.41,59
566361,2011-09-12,15253,34,71.7,3
566364,2011-09-12,15253,355,395.049999999999,23
566393,2011-09-12,13269,214,362.18,17
566394,2011-09-12,13650,212,317.96,17
566395,2011-09-12,14952,164,683.8,12
566396,2011-09-12,14292,268,553.74,18
566397,2011-09-12,17811,85,147.02,31
566398,2011-09-12,12884,43,309.05,7
566399,2011-09-12,16141,238,620.4,30
566400,2011-09-12,17139,854,1535.24,93
566402,2011-09-12,14997,612,278.4,12
566403,2011-09-12,16985,114,501.9,7
566405,2011-09-12,17919,756,1304.04,23
566408,2011-09-12,16984,791,1255.22,130
566420,2011-09-12,16360,96,211.01,33
566421,2011-09-12,12924,196,278.43,15
566422,2011-09-12,13064,82,183.08,12
566424,2011-09-12,13309,262,381.5,25
566425,2011-09-12,16458,106,175.9,10
566426,2011-09-12,17865,484,663.24,13
566427,2011-09-12,17433,185,303.159999999999,54
566428,2011-09-12,15932,422,309.7,18
566429,2011-09-12,17865,12,25.2,1
566430,2011-09-12,16475,1,85.0,1
566431,2011-09-12,18180,254,303.36,18
566432,2011-09-12,13704,132,88.56,6
566433,2011-09-12,16839,438,987.939999999999,17
566434,2011-09-12,17090,294,705.74,38
566435,2011-09-12,13854,68,302.2,4
566438,2011-09-12,15996,44,152.82,18
566439,2011-09-12,17656,28,132.4,3
566440,2011-09-12,15755,292,330.92,21
566441,2011-09-12,17719,149,302.19,18
566442,2011-09-12,14732,175,308.89,19
566443,2011-09-12,17071,144,291.8,18
566444,2011-09-12,14020,180,331.14,18
566447,2011-09-12,12989,348,637.92,4
566448,2011-09-12,14897,30,169.9,7
566450,2011-09-12,15673,450,776.63,42
566451,2011-09-12,18069,471,788.1,141
566452,2011-09-12,14901,57,129.329999999999,11
566453,2011-09-12,17811,48,84.5,3
566455,2011-09-12,14500,10,21.0,1
566465,2011-09-12,15764,2,3.35,2
566477,2011-09-13,14359,189,483.39,28
566479,2011-09-13,13831,104,340.2,5
566480,2011-09-13,16451,120,266.97,14
566481,2011-09-13,15769,700,1253.0,3
566482,2011-09-13,16609,624,1319.78,67
566483,2011-09-13,13880,249,414.82,17
566484,2011-09-13,13880,216,223.84,12
566485,2011-09-13,13880,112,181.6,9
566486,2011-09-13,16098,112,293.14,13
566487,2011-09-13,16422,316,358.2,5
566488,2011-09-13,12940,95,361.27,19
566489,2011-09-13,16814,255,573.7,22
566491,2011-09-13,14060,216,294.24,15
566492,2011-09-13,12679,73,94.32,2
566494,2011-09-13,17404,4072,4114.08,17
566495,2011-09-13,15529,808,817.04,146
566518,2011-09-13,17779,102,166.42,32
566520,2011-09-13,17757,61,161.19,23
566537,2011-09-13,13767,134,371.7,11
566539,2011-09-13,17228,261,368.72,48
566554,2011-09-13,13136,360,921.4,37
566555,2011-09-13,15216,28,96.6,2
566556,2011-09-13,16353,48,237.6,1
566557,2011-09-13,14646,4951,8281.12,57
566558,2011-09-13,15311,361,679.69,30
566559,2011-09-13,18044,157,431.97,23
566560,2011-09-13,17092,216,356.6,26
566561,2011-09-13,18145,972,1079.47,72
566562,2011-09-13,17365,1147,1126.47,98
566563,2011-09-13,12909,250,328.98,20
566564,2011-09-13,15522,316,259.9,42
566566,2011-09-13,14096,106,433.93,70
566567,2011-09-13,16161,139,303.65,14
566571,2011-09-13,17037,656,1267.32,75
566572,2011-09-13,13488,177,432.75,19
566575,2011-09-13,17133,1238,1658.9,8
566576,2011-09-13,13098,977,2180.3,20
566580,2011-09-13,12822,424,690.9,37
566581,2011-09-13,16081,887,1599.55,107
566582,2011-09-13,13384,538,1024.08,28
566583,2011-09-13,15343,84,364.5,21
566585,2011-09-13,16409,172,380.76,19
566586,2011-09-13,12619,213,199.8,7
566587,2011-09-13,14132,266,347.74,20
566588,2011-09-13,17562,74,191.78,7
566589,2011-09-13,14753,211,563.15,30
566590,2011-09-13,14032,273,302.2,19
566591,2011-09-13,16036,589,570.19,44
566592,2011-09-13,15201,296,303.28,17
566594,2011-09-13,16959,49,117.35,7
566595,2011-09-13,18251,7824,4314.72,16
566596,2011-09-13,14163,304,786.52,10
566597,2011-09-13,14194,160,446.31,19
566598,2011-09-13,12664,73,319.6,4
566599,2011-09-13,15998,280,398.7,77
566600,2011-09-13,13704,274,417.08,22
566601,2011-09-13,16469,53,185.84,49
566604,2011-09-13,16279,314,371.9,47
566605,2011-09-13,13263,122,276.31,64
566606,2011-09-13,15194,229,305.37,20
566607,2011-09-13,13032,175,496.3,44
566610,2011-09-13,17961,1,1.65,1
566612,2011-09-13,16229,226,652.4,35
566616,2011-09-14,12895,142,267.8,16
566617,2011-09-14,18092,346,1304.04,16
566618,2011-09-14,17640,250,621.66,5
566619,2011-09-14,13798,196,327.8,3
566620,2011-09-14,13588,126,185.22,12
566621,2011-09-14,15845,283,543.24,18
566622,2011-09-14,13860,176,405.88,24
566623,2011-09-14,12756,144,112.079999999999,4
566624,2011-09-14,17315,199,302.25,15
566625,2011-09-14,14911,734,781.11,50
566627,2011-09-14,18229,202,327.0,6
566628,2011-09-14,12971,604,167.0,2
566629,2011-09-14,15622,285,613.77,25
566630,2011-09-14,12971,96,157.2,6
566631,2011-09-14,15622,12,42.24,2
566632,2011-09-14,15622,46,69.6,5
566633,2011-09-14,17193,96,299.04,4
566634,2011-09-14,13183,356,690.6,8
566647,2011-09-14,18001,285,252.23,42
566648,2011-09-14,14198,79,171.85,8
566649,2011-09-14,18173,192,378.0,6
566667,2011-09-14,14660,124,156.79,16
566668,2011-09-14,18065,9,53.55,2
566669,2011-09-14,18065,251,466.09,28
566670,2011-09-14,18065,12,17.4,1
566673,2011-09-14,17728,129,345.03,20
566674,2011-09-14,15105,356,614.88,31
566675,2011-09-14,15105,60,28.68,3
566694,2011-09-14,16401,248,318.24,17
566705,2011-09-14,13552,162,471.84,15
566707,2011-09-14,13552,52,79.8,3
566708,2011-09-14,13078,400,737.8,11
566709,2011-09-14,16745,948,821.6,23
566713,2011-09-14,15933,345,411.81,24
566717,2011-09-14,17841,107,237.19,54
566718,2011-09-14,15854,75,446.25,4
566719,2011-09-14,15081,20,88.2,6
566720,2011-09-14,13634,231,588.51,63
566721,2011-09-14,12921,203,490.95,25
566722,2011-09-14,13408,336,466.52,12
566723,2011-09-14,15804,79,233.39,12
566724,2011-09-14,14284,70,252.1,13
566726,2011-09-14,15021,127,309.33,78
566727,2011-09-14,17347,216,228.96,1
566728,2011-09-14,15841,348,303.48,15
566729,2011-09-14,14562,27,177.44,8
566730,2011-09-14,14606,39,64.26,26
566731,2011-09-14,17883,31,78.45,20
566732,2011-09-14,17716,183,378.45,18
566733,2011-09-14,15103,148,291.68,13
566734,2011-09-14,16910,89,163.08,64
566735,2011-09-14,15707,81,166.78,43
566736,2011-09-14,12726,438,357.32,21
566737,2011-09-14,13430,433,336.31,29
566738,2011-09-14,14110,110,382.74,3
566739,2011-09-14,12566,265,351.65,19
566740,2011-09-14,17033,560,422.04,14
566744,2011-09-14,14177,60,250.0,3
566746,2011-09-14,13321,140,259.04,9
566747,2011-09-14,16928,173,221.17,14
566750,2011-09-14,15380,56,422.0,7
566755,2011-09-14,13877,108,117.24,3
566756,2011-09-14,12457,376,743.28,34
566759,2011-09-14,16210,182,358.06,4
566760,2011-09-14,15272,182,298.96,27
566769,2011-09-15,18211,82,151.5,7
566770,2011-09-15,15304,12,90.6,2
566771,2011-09-15,15322,416,679.68,42
566772,2011-09-15,13107,377,472.2,19
566773,2011-09-15,12444,178,562.54,20
566774,2011-09-15,12921,116,272.1,13
566776,2011-09-15,14911,226,368.37,19
566778,2011-09-15,17961,65,74.56,15
566781,2011-09-15,17333,375,494.25,28
566783,2011-09-15,13539,89,315.69,16
566786,2011-09-15,13518,392,659.439999999999,38
566788,2011-09-15,14306,917,1702.94,26
566789,2011-09-15,13134,729,907.84,52
566790,2011-09-15,17679,678,1643.2,26
566816,2011-09-15,12731,1060,2377.9,31
566817,2011-09-15,16160,1012,801.94,15
566818,2011-09-15,13104,144,202.56,9
566819,2011-09-15,17214,43,250.45,17
566821,2011-09-15,14227,318,617.26,25
566822,2011-09-15,17677,181,320.68,16
566823,2011-09-15,14227,36,15.12,1
566829,2011-09-15,14608,145,586.95,7
566833,2011-09-15,17865,128,237.079999999999,12
566846,2011-09-15,14911,85,325.16,6
566847,2011-09-15,15005,136,261.15,47
566848,2011-09-15,18172,128,326.4,1
566849,2011-09-15,16341,552,734.24,34
566850,2011-09-15,13662,180,364.82,18
566851,2011-09-15,15573,220,410.7,56
566860,2011-09-15,17002,257,500.21,19
566861,2011-09-15,12748,70,59.8,2
566862,2011-09-15,13018,105,248.07,11
566863,2011-09-15,13018,18,72.3,4
566864,2011-09-15,17786,144,163.89,44
566865,2011-09-15,14735,1,15.0,1
566866,2011-09-15,13694,1088,1596.24,13
566867,2011-09-15,13694,902,1642.18,8
566868,2011-09-15,14595,71,136.23,7
566869,2011-09-15,13658,427,1009.27,43
566870,2011-09-15,13658,84,154.2,7
566871,2011-09-15,17047,181,351.47,22
566872,2011-09-15,16729,246,354.45,39
566873,2011-09-15,12682,164,240.28,15
566875,2011-09-15,17669,398,761.5,15
566891,2011-09-15,14894,265,655.75,23
566901,2011-09-15,17434,192,499.56,22
566904,2011-09-15,15660,294,372.16,19
566912,2011-09-15,14367,503,990.15,54
566913,2011-09-15,17602,901,1244.44,109
566914,2011-09-15,15466,246,334.53,57
566915,2011-09-15,16945,172,285.48,16
566916,2011-09-15,12457,4,160.0,1
566917,2011-09-15,18259,262,891.9,21
566918,2011-09-15,12722,7,67.98,3
566921,2011-09-15,17898,66,52.22,8
566922,2011-09-15,16156,250,680.28,26
566923,2011-09-15,15511,42,202.9,23
566926,2011-09-15,17402,48,115.2,3
566927,2011-09-15,17846,1,2033.1,1
566928,2011-09-15,16189,102,144.48,6
566929,2011-09-15,17428,1848,4090.28,47
566930,2011-09-15,15417,284,508.8,28
566931,2011-09-15,18102,1250,5725.0,3
566932,2011-09-15,17576,119,244.7,31
566933,2011-09-15,18102,320,1465.6,16
566934,2011-09-15,18102,2893,13249.94,8
566935,2011-09-15,18102,1500,6870.0,5
566936,2011-09-15,18102,950,4351.0,7
566937,2011-09-15,12995,108,211.32,3
566938,2011-09-15,14557,510,788.38,16
566950,2011-09-15,17594,330,678.18,36
566951,2011-09-15,17293,183,250.34,13
566954,2011-09-15,15804,12,19.7999999999999,1
566959,2011-09-15,17530,341,395.55,45
566962,2011-09-15,16764,44,110.93,32
566964,2011-09-15,17573,6,7.5,1
566967,2011-09-15,16746,177,397.17,23
566968,2011-09-15,16350,78,189.7,10
566969,2011-09-15,15205,182,176.94,13
566971,2011-09-16,12963,138,253.91,15
566972,2011-09-16,16573,249,370.98,26
566973,2011-09-16,15152,240,329.02,15
566974,2011-09-16,13599,50,91.7,4
566975,2011-09-16,13599,293,428.34,22
566976,2011-09-16,15382,1677,2582.78,116
566979,2011-09-16,13141,606,987.72,46
566980,2011-09-16,15498,176,683.28,13
566981,2011-09-16,15498,152,373.9,20
566984,2011-09-16,12471,229,440.5,19
566987,2011-09-16,12476,185,533.6,13
566988,2011-09-16,16709,330,1045.28,29
567043,2011-09-16,13268,283,318.57,43
567062,2011-09-16,16108,615,842.5,48
567066,2011-09-16,13418,229,324.0,23
567074,2011-09-16,17068,145,287.4,24
567076,2011-09-16,15505,634,639.24,28
567077,2011-09-16,18122,104,201.94,41
567085,2011-09-16,12434,317,519.89,34
567092,2011-09-16,13196,739,1074.82,63
567093,2011-09-16,17144,351,595.89,23
567094,2011-09-16,16924,97,271.11,24
567095,2011-09-16,17049,283,635.19,37
567096,2011-09-16,15099,343,410.48,23
567097,2011-09-16,13323,26,120.3,5
567099,2011-09-16,15311,136,257.3,58
567102,2011-09-16,14124,1618,419.58,5
567104,2011-09-16,15975,243,371.01,24
567111,2011-09-16,17663,170,271.28,16
567124,2011-09-16,15240,234,337.17,16
567126,2011-09-16,17238,142,264.31,43
567128,2011-09-16,18055,487,1233.01,79
567134,2011-09-16,12600,69,282.9,6
567138,2011-09-16,17652,189,488.45,25
567139,2011-09-16,13563,63,466.65,10
567140,2011-09-16,15410,151,361.43,15
567141,2011-09-16,17370,192,108.0,8
567142,2011-09-16,14262,262,524.3,27
567144,2011-09-16,12871,120,248.64,7
567145,2011-09-16,12921,354,549.46,27
567148,2011-09-16,18225,639,1188.18,33
567153,2011-09-16,14056,121,258.01,36
567154,2011-09-16,15523,132,412.01,10
567156,2011-09-16,14462,85,168.05,32
567157,2011-09-16,12748,216,663.6,9
567158,2011-09-16,16878,12,13.3,3
567159,2011-09-18,15465,81,426.95,10
567160,2011-09-18,14562,22,154.95,13
567161,2011-09-18,15947,898,1708.24,29
567162,2011-09-18,16525,400,828.68,9
567163,2011-09-18,13247,203,305.07,14
567164,2011-09-18,14487,151,279.849999999999,34
567165,2011-09-18,17841,162,258.99,64
567166,2011-09-18,13078,218,757.7,11
567167,2011-09-18,15547,297,282.7,60
567168,2011-09-18,14878,67,110.69,22
567169,2011-09-18,14487,7,12.29,2
567170,2011-09-18,13566,343,585.18,113
567171,2011-09-18,17677,400,716.0,4
567172,2011-09-18,18194,632,973.839999999999,7
567173,2011-09-18,16689,266,294.16,10
567174,2011-09-18,16438,117,204.4,37
567175,2011-09-18,13067,32,115.46,15
567176,2011-09-18,15533,33,105.08,11
567178,2011-09-18,17858,34,266.14,20
567179,2011-09-18,15547,124,217.93,35
567180,2011-09-18,17802,345,652.62,65
567181,2011-09-18,17750,249,129.63,14
567182,2011-09-18,13334,424,804.98,53
567183,2011-09-18,14769,2748,3844.84,399
567184,2011-09-18,16033,421,954.51,119
567185,2011-09-18,16370,123,367.45,48
567186,2011-09-18,17073,197,387.4,54
567188,2011-09-19,12457,33,196.35,1
567189,2011-09-19,17069,338,545.78,24
567190,2011-09-19,18226,226,484.52,20
567191,2011-09-19,12562,231,388.64,21
567192,2011-09-19,17961,4,4.85999999999999,4
567193,2011-09-19,18094,288,570.0,12
567194,2011-09-19,18094,36,45.0,2
567195,2011-09-19,17451,107,214.97,12
567196,2011-09-19,12379,196,392.4,20
567197,2011-09-19,14934,583,1062.1,48
567199,2011-09-19,17058,137,360.23,13
567200,2011-09-19,16460,548,258.84,26
567202,2011-09-19,13325,240,675.3,12
567203,2011-09-19,16080,62,86.9,5
567204,2011-09-19,15365,325,765.15,36
567205,2011-09-19,15365,146,218.72,11
567206,2011-09-19,13562,230,589.6,29
567211,2011-09-19,14159,295,387.78,84
567213,2011-09-19,14684,84,129.33,41
567236,2011-09-19,14735,146,467.5,21
567239,2011-09-19,14735,80,269.04,6
567252,2011-09-19,13695,229,329.88,7
567280,2011-09-19,14646,6932,10267.88,66
567287,2011-09-19,18232,25,92.35,5
567288,2011-09-19,16906,97,184.83,51
567290,2011-09-19,14646,3717,5350.4,38
567291,2011-09-19,12527,13,63.79,3
567292,2011-09-19,14606,19,47.38,16
567293,2011-09-19,12640,246,764.59,42
567294,2011-09-19,13774,192,345.0,22
567295,2011-09-19,17490,178,313.1,12
567296,2011-09-19,12682,178,339.01,18
567297,2011-09-19,15594,402,718.21,44
567298,2011-09-19,12497,1236,1043.1,14
567299,2011-09-19,13524,20,75.0,2
567300,2011-09-19,12724,192,542.81,27
567302,2011-09-19,15058,114,197.55,13
567303,2011-09-19,17613,376,789.84,32
567304,2011-09-19,14704,68,165.32,42
567305,2011-09-19,12621,176,402.7,15
567306,2011-09-19,12752,2262,4366.78,53
567307,2011-09-19,15078,290,573.2,24
567308,2011-09-19,16422,1110,575.46,7
567309,2011-09-19,12901,1788,1519.8,1
567310,2011-09-19,15504,33,52.83,13
567311,2011-09-19,13777,220,313.28,8
567312,2011-09-19,15500,154,406.02,18
567313,2011-09-19,15675,42,98.3,5
567323,2011-09-19,17557,147,288.36,20
567324,2011-09-19,12879,144,367.2,3
567325,2011-09-19,13228,200,358.0,2
567326,2011-09-19,14290,78,293.54,17
567327,2011-09-19,13102,159,331.14,17
567328,2011-09-19,14356,129,345.03,20
567329,2011-09-19,13416,48,275.0,11
567333,2011-09-19,14282,328,301.3,17
567334,2011-09-19,14911,166,648.48,24
567336,2011-09-19,12621,234,662.9,10
567338,2011-09-19,14146,325,310.95,22
567339,2011-09-19,14146,641,751.16,50
567340,2011-09-19,12540,565,971.65,36
567341,2011-09-19,14961,582,982.0,43
567342,2011-09-19,16235,1,10.0,1
567343,2011-09-19,17628,79,75.75,5
567344,2011-09-19,13704,132,92.28,8
567346,2011-09-19,13767,444,1004.4,9
567354,2011-09-19,18017,100,179.0,1
567356,2011-09-19,16527,106,228.06,14
567362,2011-09-19,17848,8,79.6,1
567368,2011-09-20,17147,172,376.19,19
567369,2011-09-20,17527,233,181.6,14
567370,2011-09-20,14236,272,301.56,12
567372,2011-09-20,14191,187,267.03,16
567373,2011-09-20,16700,313,327.67,18
567374,2011-09-20,15341,812,2020.52,17
567375,2011-09-20,14766,215,519.53,21
567376,2011-09-20,13767,444,1004.4,9
567377,2011-09-20,17450,186,957.9,1
567378,2011-09-20,14911,615,948.47,58
567379,2011-09-20,13089,496,761.44,11
567380,2011-09-20,12620,306,377.66,24
567381,2011-09-20,17450,6760,22104.8,12
567382,2011-09-20,16215,104,242.35,14
567383,2011-09-20,18180,109,301.15,13
567384,2011-09-20,17450,1876,4418.0,16
567385,2011-09-20,14866,2472,5639.52,22
567386,2011-09-20,17863,250,342.02,19
567387,2011-09-20,17450,1232,3189.94,7
567408,2011-09-20,14201,82,105.9,6
567423,2011-09-20,17450,12572,31698.1599999999,12
567424,2011-09-20,16369,304,497.24,50
567425,2011-09-20,13767,444,1004.4,9
567426,2011-09-20,13767,70,242.1,9
567428,2011-09-20,14911,342,849.92,44
567429,2011-09-20,17686,223,520.74,27
567453,2011-09-20,17450,288,1468.8,1
567454,2011-09-20,15839,306,491.18,29
567455,2011-09-20,16029,312,552.6,3
567456,2011-09-20,16029,420,703.0,6
567457,2011-09-20,14164,833,1273.77,28
567458,2011-09-20,17450,2016,4563.84,7
567459,2011-09-20,14221,467,471.88,34
567460,2011-09-20,15888,76,168.31,12
567462,2011-09-20,14446,370,382.18,100
567470,2011-09-20,16624,292,384.14,27
567472,2011-09-20,15039,110,272.24,25
567473,2011-09-20,17841,166,459.62,64
567474,2011-09-20,13448,488,1065.79,91
567475,2011-09-20,16360,176,263.92,68
567476,2011-09-20,14859,254,630.26,32
567477,2011-09-20,16327,402,702.75,57
567478,2011-09-20,12584,48,279.8,15
567480,2011-09-20,17450,1000,3200.0,2
567481,2011-09-20,16777,14,49.1,11
567482,2011-09-20,16464,375,613.25,85
567483,2011-09-20,16584,158,324.14,14
567484,2011-09-20,17340,233,790.73,28
567485,2011-09-20,15026,204,238.22,35
567486,2011-09-20,17340,12,25.2,1
567487,2011-09-20,17340,24,49.92,1
567488,2011-09-20,17564,30,119.12,16
567489,2011-09-20,18135,57,123.65,4
567504,2011-09-20,13356,325,768.24,42
567505,2011-09-20,12352,103,366.25,18
567506,2011-09-20,13038,80,316.7,6
567508,2011-09-20,17724,112,241.2,10
567509,2011-09-20,14298,730,752.42,29
567510,2011-09-20,14298,78,196.019999999999,5
567511,2011-09-20,13094,216,228.96,2
567512,2011-09-20,12720,104,138.48,9
567513,2011-09-20,14401,106,305.5,6
567514,2011-09-20,16928,168,222.88,9
567515,2011-09-20,16839,72,351.9,6
567516,2011-09-20,13138,106,198.44,14
567517,2011-09-20,14211,100,209.16,9
567522,2011-09-20,17873,120,272.04,7
567523,2011-09-21,17034,124,223.079999999999,10
567524,2011-09-21,15696,77,378.95,18
567525,2011-09-21,18241,36,109.56,3
567526,2011-09-21,12435,1176,3850.9,17
567528,2011-09-21,14356,148,356.2,13
567529,2011-09-21,18236,29,132.55,7
567530,2011-09-21,12390,353,549.84,32
567531,2011-09-21,14397,32,53.12,2
567533,2011-09-21,17651,408,652.85,37
567537,2011-09-21,16656,230,353.58,5
567542,2011-09-21,16626,254,315.099999999999,14
567545,2011-09-21,13155,183,313.3,16
567546,2011-09-21,16525,240,300.12,5
567552,2011-09-21,12583,277,540.8,22
567578,2011-09-21,12701,432,460.63,32
567579,2011-09-21,18228,141,420.39,20
567580,2011-09-21,16493,458,569.34,22
567610,2011-09-21,17511,2612,4463.08,42
567611,2011-09-21,16076,39,97.83,5
567612,2011-09-21,17164,442,745.84,44
567613,2011-09-21,13908,559,907.94,46
567614,2011-09-21,16103,168,256.74,10
567615,2011-09-21,13316,487,683.58,21
567616,2011-09-21,14911,94,381.22,11
567617,2011-09-21,15140,198,324.74,11
567618,2011-09-21,12721,417,342.9,24
567619,2011-09-21,15203,125,189.4,13
567621,2011-09-21,16016,44,108.92,11
567622,2011-09-21,14527,55,186.26,19
567623,2011-09-21,17415,114,507.84,14
567625,2011-09-21,13627,235,307.18,21
567626,2011-09-21,15311,279,597.45,14
567628,2011-09-21,14060,646,738.58,19
567630,2011-09-21,15737,96,183.579999999999,12
567631,2011-09-21,13350,155,646.57,32
567632,2011-09-21,13946,180,75.6,2
567633,2011-09-21,12939,144,346.32,2
567634,2011-09-21,12939,348,699.72,4
567635,2011-09-21,16523,416,686.48,28
567636,2011-09-21,16358,298,672.4,22
567637,2011-09-21,17865,262,498.62,17
567638,2011-09-21,17865,16,73.6,2
567639,2011-09-21,15290,532,1067.28,22
567640,2011-09-21,12604,64,75.68,6
567642,2011-09-21,12409,1,4.95,1
567644,2011-09-21,16989,23,37.9499999999999,1
567653,2011-09-21,12550,569,964.83,57
567654,2011-09-21,16627,162,322.8,20
567656,2011-09-21,14096,1211,4936.65,421
567657,2011-09-21,12523,63,124.38,8
567658,2011-09-21,14428,49,203.5,13
567659,2011-09-21,17475,178,194.37,14
567660,2011-09-21,17731,143,276.37,18
567661,2011-09-21,13959,159,260.76,58
567662,2011-09-21,17758,355,686.03,79
567663,2011-09-21,14951,311,311.69,20
567664,2011-09-21,14780,210,332.8,19
567666,2011-09-21,12520,340,588.41,31
567669,2011-09-21,14887,1100,1862.0,6
567672,2011-09-21,16085,150,294.61,48
567675,2011-09-21,15351,213,601.57,45
567676,2011-09-21,15114,249,197.29,15
567678,2011-09-21,15399,139,305.17,15
567679,2011-09-21,14606,42,106.39,18
567683,2011-09-21,13704,150,269.159999999999,16
567687,2011-09-21,17888,20,58.5999999999999,6
567692,2011-09-21,17997,173,117.119999999999,15
567697,2011-09-22,16558,307,416.14,26
567698,2011-09-22,13529,44,126.66,8
567699,2011-09-22,17466,133,460.41,23
567700,2011-09-22,16379,330,478.88,27
567701,2011-09-22,17172,480,317.76,15
567702,2011-09-22,15810,5,30.79,2
567707,2011-09-22,14676,268,480.04,9
567709,2011-09-22,15239,373,461.79,30
567710,2011-09-22,16213,48,159.0,6
567711,2011-09-22,15603,96,48.48,2
567718,2011-09-22,17730,364,491.56,22
567720,2011-09-22,14911,133,434.1,19
567721,2011-09-22,12409,2408,4860.64,44
567742,2011-09-22,14261,387,943.75,45
567747,2011-09-22,18102,48,389.76,1
567756,2011-09-22,12678,487,398.24,10
567768,2011-09-22,15950,123,255.84,9
567785,2011-09-22,18102,600,1074.0,6
567792,2011-09-22,17581,444,1035.0,33
567793,2011-09-22,12657,259,618.44,28
567794,2011-09-22,17581,474,820.78,26
567795,2011-09-22,14646,551,904.62,21
567796,2011-09-22,16395,303,304.96,45
567797,2011-09-22,16735,206,306.26,17
567798,2011-09-22,13089,331,886.63,28
567799,2011-09-22,13089,36,80.76,3
567800,2011-09-22,13089,4,51.0,1
567801,2011-09-22,13089,272,310.24,13
567802,2011-09-22,14299,260,406.35,23
567803,2011-09-22,18102,768,3877.56,6
567804,2011-09-22,17920,120,227.0,41
567805,2011-09-22,12854,205,514.13,34
567806,2011-09-22,18102,88,452.84,6
567807,2011-09-22,17027,129,222.01,23
567808,2011-09-22,17027,4,12.4,2
567809,2011-09-22,13804,380,739.569999999999,35
567816,2011-09-22,17243,84,248.7,21
567817,2011-09-22,15005,75,165.14,23
567818,2011-09-22,14395,317,671.96,75
567819,2011-09-22,14004,497,566.23,22
567821,2011-09-22,14659,207,426.43,45
567822,2011-09-22,17644,454,507.04,24
567823,2011-09-22,12910,456,563.28,21
567824,2011-09-22,12739,1,37.5,1
567826,2011-09-22,12877,117,101.14,13
567846,2011-09-22,13486,140,302.8,17
567849,2011-09-22,15571,77,202.35,16
567850,2011-09-22,15067,347,538.689999999999,34
567851,2011-09-22,15067,272,358.02,13
567852,2011-09-22,18102,784,4117.4,13
567853,2011-09-22,15484,1478,1636.52,111
567854,2011-09-22,14038,264,473.96,27
567855,2011-09-22,13220,64,92.8,4
567856,2011-09-22,14077,48,56.3,6
567858,2011-09-22,16813,70,112.25,26
567859,2011-09-22,12936,434,798.46,33
567860,2011-09-22,18102,60,295.96,8
567864,2011-09-22,16236,184,432.2,20
567865,2011-09-22,17311,595,828.39,31
567866,2011-09-22,16669,481,729.09,77
567868,2011-09-22,17603,74,394.72,11
567869,2011-09-22,16669,5,0.4,1
567873,2011-09-22,13055,606,795.75,50
567874,2011-09-22,13055,36,73.8,4
567875,2011-09-22,16348,171,275.4,32
567878,2011-09-22,16910,179,290.52,87
567879,2011-09-22,16161,296,534.28,29
567880,2011-09-22,15398,375,634.85,35
567881,2011-09-22,15640,278,524.26,28
567882,2011-09-22,12906,956,1546.86,28
567883,2011-09-22,12906,207,389.73,19
567886,2011-09-22,12930,144,194.24,11
567887,2011-09-22,15237,185,235.07,16
567888,2011-09-22,17079,24,118.8,2
567889,2011-09-22,16633,134,340.74,17
567890,2011-09-22,14125,972,1295.43,84
567892,2011-09-22,15394,226,417.7,17
567893,2011-09-22,17163,26,123.1,3
567894,2011-09-22,16389,162,408.539999999999,7
567895,2011-09-22,13777,12,40.68,1
567897,2011-09-22,12364,181,79.8,2
567898,2011-09-22,13394,280,302.74,23
567899,2011-09-22,14911,670,809.82,52
567900,2011-09-22,14911,5,10.5,1
567904,2011-09-22,12609,130,326.12,17
567905,2011-09-22,12952,408,731.54,41
567906,2011-09-22,14113,224,492.88,7
567907,2011-09-22,18172,150,336.16,10
567908,2011-09-22,18172,36,75.6,3
567909,2011-09-22,13012,95,193.53,11
567910,2011-09-22,12437,173,222.6,10
567911,2011-09-22,14854,391,458.2,17
567912,2011-09-22,15555,536,353.2,85
567913,2011-09-22,18144,47,176.2,4
567914,2011-09-22,12647,64,158.85,3
567915,2011-09-22,12579,285,440.42,29
567917,2011-09-22,14298,2235,1364.61,42
567922,2011-09-22,13279,73,137.75,9
567924,2011-09-22,12471,139,223.26,8
567928,2011-09-22,12380,290,626.01,28
567929,2011-09-22,12425,496,777.2,36
567934,2011-09-22,16173,32,109.2,4
567935,2011-09-22,13320,309,567.55,36
567936,2011-09-22,15194,444,713.319999999999,15
567937,2011-09-22,14147,68,300.6,3
567938,2011-09-22,12704,138,245.55,15
567939,2011-09-22,16715,642,301.719999999999,19
567941,2011-09-22,13519,23,122.75,8
567942,2011-09-22,15804,51,142.27,10
567943,2011-09-22,14702,63,216.09,17
567944,2011-09-22,14562,96,357.45,27
567951,2011-09-23,17069,6,17.34,1
567954,2011-09-23,13004,426,340.21,30
567957,2011-09-23,16136,114,143.34,7
567958,2011-09-23,12619,426,473.119999999999,13
567959,2011-09-23,12516,530,728.86,13
567960,2011-09-23,13777,142,307.3,8
567962,2011-09-23,15838,1768,3187.12,17
567966,2011-09-23,16782,53,161.95,10
567967,2011-09-23,15858,177,153.9,27
567968,2011-09-23,12546,475,760.2,45
567969,2011-09-23,15744,120,34.8,3
567970,2011-09-23,18041,199,134.17,10
567971,2011-09-23,16681,309,417.5,9
567972,2011-09-23,13949,318,371.36,24
567973,2011-09-23,13994,179,361.07,21
567975,2011-09-23,17416,320,584.319999999999,28
567976,2011-09-23,13127,127,259.17,15
567977,2011-09-23,17388,289,306.53,2
567979,2011-09-23,14215,258,245.64,18
567980,2011-09-23,15311,59,157.14,32
567983,2011-09-23,15714,66,132.48,5
568001,2011-09-23,12540,97,277.48,7
568013,2011-09-23,17480,338,511.82,29
568040,2011-09-23,12681,479,790.54,38
568044,2011-09-23,15763,187,522.49,33
568046,2011-09-23,18118,85,193.64,53
568047,2011-09-23,15075,447,773.03,27
568048,2011-09-23,14911,717,1261.09,66
568049,2011-09-23,17841,227,459.34,87
568050,2011-09-23,15901,119,122.86,42
568051,2011-09-23,18189,214,457.14,28
568054,2011-09-23,16978,166,344.33,39
568056,2011-09-23,12705,461,842.62,38
568058,2011-09-23,18188,736,1181.68,42
568059,2011-09-23,13097,315,835.57,74
568060,2011-09-23,14546,407,727.22,127
568061,2011-09-23,16910,105,189.7,58
568062,2011-09-23,14014,1076,505.18,39
568063,2011-09-23,15981,234,391.68,20
568064,2011-09-23,14880,128,342.92,21
568065,2011-09-23,16240,935,1824.79,75
568066,2011-09-23,14529,112,223.18,80
568069,2011-09-23,13336,559,795.12,51
568070,2011-09-23,16128,424,717.36,37
568075,2011-09-23,14652,53,114.18,29
568082,2011-09-23,14944,556,1308.82,24
568083,2011-09-23,15903,336,310.32,14
568086,2011-09-23,14944,210,449.5,9
568094,2011-09-23,15807,380,635.6,40
568095,2011-09-23,14911,1242,2241.81,120
568098,2011-09-23,15762,147,315.31,22
568099,2011-09-23,15916,26,118.9,9
568100,2011-09-23,15475,319,454.109999999999,29
568101,2011-09-23,15978,888,1098.78,49
568103,2011-09-23,12518,295,524.9,33
568104,2011-09-23,16485,235,363.65,42
568131,2011-09-23,16872,146,215.34,3
568132,2011-09-23,15549,38,61.58,11
568136,2011-09-25,13630,298,438.32,6
568137,2011-09-25,12488,169,553.39,21
568139,2011-09-25,13083,143,192.39,14
568140,2011-09-25,17411,114,283.86,16
568141,2011-09-25,16326,84,200.99,44
568142,2011-09-25,16744,92,225.019999999999,31
568143,2011-09-25,13266,373,305.77,17
568144,2011-09-25,14005,228,281.12,16
568145,2011-09-25,12388,478,825.92,22
568146,2011-09-25,16169,410,587.46,26
568147,2011-09-25,15044,83,347.85,20
568148,2011-09-25,14135,80,324.0,5
568149,2011-09-25,14285,293,1247.53,16
568150,2011-09-25,16689,64,128.44,3
568151,2011-09-25,17506,139,302.2,14
568152,2011-09-25,16480,455,769.29,53
568153,2011-09-25,17716,272,487.2,16
568154,2011-09-25,13787,281,202.64,24
568155,2011-09-25,17006,100,280.76,13
568156,2011-09-25,14367,224,511.34,39
568158,2011-09-25,16133,511,1146.8,25
568159,2011-09-25,17719,89,309.31,15
568160,2011-09-25,17498,394,272.22,17
568161,2011-09-25,15860,40,108.06,21
568162,2011-09-25,14194,366,863.2,37
568163,2011-09-25,14540,188,485.63,50
568164,2011-09-25,14561,639,513.77,33
568165,2011-09-25,17131,264,789.77,40
568166,2011-09-25,14800,179,107.06,23
568167,2011-09-25,15706,129,428.71,23
568168,2011-09-25,15799,416,402.9,61
568169,2011-09-25,14152,342,306.78,20
568170,2011-09-25,16931,169,279.49,42
568171,2011-09-25,15312,106,130.05,9
568172,2011-09-25,12348,217,310.0,3
568173,2011-09-25,16187,644,886.49,34
568174,2011-09-25,16261,45,144.05,25
568175,2011-09-25,14820,58,102.42,7
568176,2011-09-25,12685,112,222.6,14
568177,2011-09-25,13536,319,455.17,25
568178,2011-09-25,18155,70,105.06,6
568179,2011-09-25,12545,177,372.24,16
568180,2011-09-25,15429,309,243.06,47
568181,2011-09-25,17154,490,329.34,23
568182,2011-09-25,13079,22,112.9,2
568183,2011-09-25,13991,266,213.94,32
568185,2011-09-25,16594,64,181.09,53
568186,2011-09-25,17837,66,172.69,30
568187,2011-09-25,13408,504,974.14,18
568188,2011-09-25,16049,320,488.26,114
568189,2011-09-25,14757,160,420.5,19
568190,2011-09-25,16342,12,38.7,2
568191,2011-09-25,16655,768,1042.31,89
568192,2011-09-25,14235,118,342.0,7
568193,2011-09-25,17107,1099,2182.71,106
568194,2011-09-25,16008,123,191.56,11
568195,2011-09-25,13408,32,40.0,1
568196,2011-09-25,16705,248,322.94,14
568197,2011-09-25,16746,800,503.6,30
568198,2011-09-25,16771,356,446.56,64
568199,2011-09-25,17315,65,266.55,7
568200,2011-09-25,16198,129,400.681,15
568201,2011-09-25,14712,93,305.75,13
568202,2011-09-25,15366,560,496.97,36
568203,2011-09-25,13435,303,884.9,17
568204,2011-09-25,13670,282,349.7,25
568205,2011-09-25,18066,108,318.0,10
568206,2011-09-25,14806,330,193.39,11
568207,2011-09-25,15150,567,769.17,48
568208,2011-09-25,12783,176,339.02,18
568209,2011-09-25,13089,132,234.6,5
568210,2011-09-25,17159,241,398.22,25
568211,2011-09-25,13429,620,330.6,24
568212,2011-09-25,15154,104,296.42,85
568213,2011-09-25,15214,184,305.12,18
568214,2011-09-26,12823,70,535.5,1
568215,2011-09-26,13390,224,544.08,13
568216,2011-09-26,16168,86,163.02,8
568218,2011-09-26,13389,204,322.26,20
568219,2011-09-26,13468,88,116.12,7
568220,2011-09-26,15626,454,393.92,29
568221,2011-09-26,14911,224,418.22,22
568222,2011-09-26,16603,117,185.85,11
568223,2011-09-26,12412,230,336.14,16
568224,2011-09-26,17377,71,126.47,22
568225,2011-09-26,13014,100,399.15,15
568226,2011-09-26,16719,231,211.32,22
568227,2011-09-26,17841,204,183.54,47
568228,2011-09-26,15358,503,524.61,36
568229,2011-09-26,15358,60,164.58,10
568230,2011-09-26,12925,258,368.31,23
568231,2011-09-26,14808,448,360.669999999999,20
568234,2011-09-26,17705,166,223.92,16
568235,2011-09-26,13410,106,183.62,8
568236,2011-09-26,12820,217,217.77,14
568238,2011-09-26,13927,214,348.99,21
568239,2011-09-26,18205,76,225.76,15
568241,2011-09-26,15218,370,780.56,14
568242,2011-09-26,14931,181,261.65,17
568243,2011-09-26,14217,25,93.87,7
568245,2011-09-26,13867,297,453.99,30
568301,2011-09-26,16383,177,358.9,49
568310,2011-09-26,14911,256,737.92,37
568311,2011-09-26,17287,121,177.89,28
568312,2011-09-26,18241,88,184.78,9
568313,2011-09-26,14908,132,277.8,9
568314,2011-09-26,14387,222,488.98,42
568315,2011-09-26,16705,18,57.48,3
568316,2011-09-26,16407,132,265.14,27
568317,2011-09-26,17491,89,305.51,10
568318,2011-09-26,13233,600,300.88,26
568319,2011-09-26,17389,1038,4091.46,19
568320,2011-09-26,17674,323,250.38,16
568321,2011-09-26,13639,800,1033.34,40
568322,2011-09-26,15958,33,104.35,7
568323,2011-09-26,15078,136,304.36,13
568324,2011-09-26,16778,128,152.76,11
568325,2011-09-26,14667,564,1069.29,48
568326,2011-09-26,13200,161,307.69,21
568327,2011-09-26,15492,327,487.74,28
568328,2011-09-26,18016,481,624.55,48
568329,2011-09-26,15243,185,316.68,22
568330,2011-09-26,16468,31,74.9,2
568331,2011-09-26,16600,202,115.74,10
568332,2011-09-26,13434,240,461.4,5
568333,2011-09-26,15344,91,308.69,17
568340,2011-09-26,13866,57,145.67,7
568342,2011-09-26,14473,78,149.34,6
568343,2011-09-26,16839,382,418.82,6
568344,2011-09-26,16531,210,204.899999999999,12
568346,2011-09-26,14096,937,3671.44,335
568350,2011-09-26,12612,262,704.04,19
568364,2011-09-26,16999,141,245.83,17
568366,2011-09-26,14217,34,164.3,3
568367,2011-09-26,15755,402,600.99,39
568368,2011-09-26,17997,65,133.59,7
568369,2011-09-26,16710,213,249.7,37
568374,2011-09-26,12748,40,31.6,2
568375,2011-09-26,13405,2,15.001,2
568376,2011-09-26,14031,690,1592.12,20
568378,2011-09-27,13035,432,588.88,15
568379,2011-09-27,16626,178,182.3,8
568380,2011-09-27,18008,50,42.5,1
568381,2011-09-27,14321,522,329.94,26
568382,2011-09-27,13499,186,150.06,7
568383,2011-09-27,13514,40,152.2,4
568384,2011-09-27,12748,1,0.0,1
568387,2011-09-27,13704,340,422.32,22
568389,2011-09-27,12971,76,164.28,4
568390,2011-09-27,17811,58,132.68,11
568391,2011-09-27,17788,208,1101.2,2
568392,2011-09-27,14272,512,305.87,25
568393,2011-09-27,15754,110,211.62,13
568394,2011-09-27,13314,356,499.62,40
568396,2011-09-27,16462,8,68.0,1
568397,2011-09-27,15745,116,304.9,18
568398,2011-09-27,14543,8,36.65,3
568399,2011-09-27,16145,342,341.62,21
568400,2011-09-27,13644,444,547.52,34
568402,2011-09-27,16629,277,180.95,14
568409,2011-09-27,15701,29,111.07,8
568413,2011-09-27,14818,122,248.17,23
568414,2011-09-27,14901,56,142.38,3
568415,2011-09-27,15150,6,29.7,1
568417,2011-09-27,14911,202,776.3,17
568423,2011-09-27,17061,118,573.4,20
568428,2011-09-27,14419,120,233.65,42
568458,2011-09-27,13384,77,261.55,11
568460,2011-09-27,13384,24,90.0,3
568469,2011-09-27,14141,81,204.15,7
568471,2011-09-27,17805,478,512.31,10
568472,2011-09-27,12517,210,417.2,23
568480,2011-09-27,17490,118,396.2,14
568485,2011-09-27,17511,1264,566.56,6
568491,2011-09-27,15443,194,369.54,47
568492,2011-09-27,18278,66,173.9,9
568493,2011-09-27,12987,111,254.4,14
568494,2011-09-27,16266,45,100.77,11
568495,2011-09-27,14755,128,304.3,16
568505,2011-09-27,15311,380,626.52,12
568509,2011-09-27,16422,480,504.96,4
568510,2011-09-27,13555,1321,1693.7,58
568511,2011-09-27,16422,168,109.2,1
568512,2011-09-27,14101,536,1032.4,5
568513,2011-09-27,13555,471,865.53,23
568515,2011-09-27,14466,232,205.2,10
568517,2011-09-27,14456,366,383.659999999999,124
568518,2011-09-27,12680,65,189.2,10
568519,2011-09-27,16607,266,314.36,20
568526,2011-09-27,17656,908,614.64,35
568527,2011-09-27,13178,539,765.0,34
568528,2011-09-27,13979,639,869.87,54
568529,2011-09-27,16181,152,305.54,11
568530,2011-09-27,17591,124,362.8,9
568531,2011-09-27,16713,665,629.2,101
568533,2011-09-27,15061,614,1031.28,10
568535,2011-09-27,15241,46,66.66,4
568536,2011-09-27,15061,266,291.239999999999,7
568537,2011-09-27,15061,274,1001.4,6
568538,2011-09-27,15061,717,1668.84,9
568539,2011-09-27,13016,206,352.159999999999,18
568540,2011-09-27,13016,6,12.48,1
568541,2011-09-27,14047,62,321.54,3
568542,2011-09-27,16750,30,93.07,17
568547,2011-09-27,15568,169,228.31,20
568549,2011-09-27,13950,69,144.35,8
568550,2011-09-27,14883,20,29.3,2
568551,2011-09-27,14883,250,184.209999999999,15
568552,2011-09-27,14824,132,313.6,5
568553,2011-09-27,15674,649,1066.94,54
568554,2011-09-27,12455,323,290.5,19
568555,2011-09-27,16122,216,134.16,2
568556,2011-09-27,15827,133,237.93,16
568558,2011-09-27,16354,144,366.1,38
568564,2011-09-27,17576,97,226.5,22
568566,2011-09-27,17609,86,213.35,32
568568,2011-09-28,14412,666,462.45,28
568569,2011-09-28,17857,300,585.0,2
568574,2011-09-28,13862,264,308.4,21
568576,2011-09-28,17017,700,815.04,18
568577,2011-09-28,15301,102,273.1,15
568578,2011-09-28,15301,201,445.69,20
568583,2011-09-28,15584,75,138.03,19
568585,2011-09-28,17370,130,110.12,8
568586,2011-09-28,16119,172,309.48,11
568588,2011-09-28,14109,88,144.2,9
568589,2011-09-28,17405,228,489.7,27
568590,2011-09-28,13126,486,308.56,25
568591,2011-09-28,17088,222,352.62,22
568592,2011-09-28,17469,172,441.8,18
568593,2011-09-28,13988,1076,1261.81,68
568594,2011-09-28,13397,72,315.94,9
568595,2011-09-28,16681,48,20.16,1
568614,2011-09-28,13515,208,367.16,24
568645,2011-09-28,12656,268,644.75,29
568647,2011-09-28,16157,44,168.32,6
568648,2011-09-28,16672,130,415.5,4
568650,2011-09-28,13505,1225,1810.51,92
568651,2011-09-28,12362,267,829.99,40
568652,2011-09-28,15841,228,307.32,8
568653,2011-09-28,13798,784,522.48,4
568654,2011-09-28,14911,549,1297.85,68
568655,2011-09-28,17611,167,292.47,20
568656,2011-09-28,14911,70,141.62,4
568657,2011-09-28,16460,191,253.26,92
568658,2011-09-28,18242,116,312.92,8
568659,2011-09-28,13516,264,474.41,31
568660,2011-09-28,15134,149,282.69,15
568661,2011-09-28,18109,85,311.37,22
568662,2011-09-28,16764,75,192.24,48
568663,2011-09-28,14440,108,373.02,11
568665,2011-09-28,13018,273,282.09,19
568666,2011-09-28,14609,720,115.2,1
568667,2011-09-28,14606,44,109.96,32
568668,2011-09-28,15750,214,508.07,75
568669,2011-09-28,13488,139,338.06,15
568670,2011-09-28,14978,108,394.14,38
568671,2011-09-28,13139,1073,1873.62,73
568672,2011-09-28,15348,84,158.04,9
568673,2011-09-28,16182,991,1773.65,11
568674,2011-09-28,12708,165,367.37,20
568675,2011-09-28,14298,540,741.9,23
568676,2011-09-28,18242,493,1225.49,44
568680,2011-09-28,18265,87,312.96,17
568685,2011-09-28,16394,612,308.76,11
568686,2011-09-28,16115,214,361.34,53
568687,2011-09-28,16321,36,75.0,2
568688,2011-09-28,16458,128,157.66,10
568690,2011-09-28,16332,280,469.02,41
568692,2011-09-28,13901,192,214.92,15
568695,2011-09-28,16321,36,75.0,2
568696,2011-09-28,13842,404,638.66,41
568697,2011-09-28,16281,934,2062.06,17
568698,2011-09-28,14911,334,530.77,27
568699,2011-09-28,12352,52,266.25,14
568700,2011-09-28,16690,92,139.079999999999,7
568701,2011-09-28,13924,437,679.03,39
568702,2011-09-28,17950,180,219.03,32
568703,2011-09-28,12748,1816,1313.52,141
568704,2011-09-28,13321,232,308.32,2
568705,2011-09-28,14434,92,310.8,3
568706,2011-09-28,14911,59,329.75,17
568707,2011-09-28,14911,16,50.4,3
568708,2011-09-28,12393,294,521.5,25
568709,2011-09-28,15036,176,219.859999999999,68
568710,2011-09-28,14649,315,319.08,62
568711,2011-09-28,14947,61,112.32,4
568712,2011-09-28,17841,303,748.1,148
568713,2011-09-28,13061,107,248.61,10
568715,2011-09-28,17783,301,171.06,37
568717,2011-09-28,18102,600,2748.0,2
568718,2011-09-28,18102,20,91.6,1
568726,2011-09-28,16775,68,183.53,19
568727,2011-09-28,15796,113,311.99,13
568728,2011-09-28,17513,254,513.2,6
568729,2011-09-28,16909,436,379.14,18
568780,2011-09-29,18235,872,1046.68,51
568781,2011-09-29,14952,1000,2505.84,16
568782,2011-09-29,13985,494,1018.22,46
568783,2011-09-29,17739,120,542.16,8
568784,2011-09-29,15144,20,141.6,2
568785,2011-09-29,16929,80,110.839999999999,5
568786,2011-09-29,15144,128,303.2,10
568787,2011-09-29,13741,75,305.3,14
568788,2011-09-29,17894,50,123.06,33
568789,2011-09-29,14522,10,70.8,1
568790,2011-09-29,14062,60,424.8,1
568791,2011-09-29,16650,372,518.42,24
568792,2011-09-29,18192,339,957.97,45
568793,2011-09-29,16011,166,271.88,17
568794,2011-09-29,17447,350,372.48,28
568795,2011-09-29,17870,77,159.79,20
568797,2011-09-29,13694,1340,2377.0,12
568798,2011-09-29,12615,338,576.65,29
568800,2011-09-29,14868,182,337.7,15
568801,2011-09-29,14475,204,303.68,14
568802,2011-09-29,14834,196,421.9,19
568803,2011-09-29,15030,216,365.52,4
568804,2011-09-29,17819,40,236.399999999999,2
568805,2011-09-29,12826,133,234.0,13
568819,2011-09-29,17427,34,100.8,2
568828,2011-09-29,15175,454,224.14,23
568829,2011-09-29,17633,223,355.89,20
568831,2011-09-29,16059,211,403.26,40
568833,2011-09-29,17348,704,500.46,50
568868,2011-09-29,12957,441,872.23,48
568869,2011-09-29,12957,24,53.2,4
568870,2011-09-29,17930,285,296.46,5
568872,2011-09-29,12372,202,383.12,13
568873,2011-09-29,14188,201,334.5,12
568874,2011-09-29,14524,28,191.11,13
568875,2011-09-29,14527,35,160.7,18
568876,2011-09-29,13881,112,325.5,10
568877,2011-09-29,14680,891,2163.95,18
568878,2011-09-29,14524,120,411.55,28
568880,2011-09-29,14524,79,100.4,18
568881,2011-09-29,13960,40,128.1,4
568882,2011-09-29,12839,205,278.66,20
568883,2011-09-29,18198,176,376.64,19
568893,2011-09-29,15712,24,99.6,1
568894,2011-09-29,17528,494,779.36,85
568895,2011-09-29,15356,194,336.82,54
568896,2011-09-29,16361,206,334.94,43
568897,2011-09-29,13886,126,243.56,16
568898,2011-09-29,13354,604,743.53,51
568900,2011-09-29,13647,218,472.04,27
568901,2011-09-29,15050,901,1293.18,57
568902,2011-09-29,13503,248,216.85,17
568904,2011-09-29,14691,133,423.59,15
568905,2011-09-29,14691,10,70.8,1
568906,2011-09-29,14681,16,60.0,1
568907,2011-09-29,15370,187,525.79,23
568908,2011-09-29,16653,709,1117.86,67
568909,2011-09-29,16818,524,693.34,39
568910,2011-09-29,16574,416,451.44,28
568912,2011-09-29,17528,274,327.72,37
568913,2011-09-29,15050,24,30.0,1
568915,2011-09-29,14948,116,195.04,10
568916,2011-09-29,15452,86,166.079999999999,9
568917,2011-09-29,15955,380,477.14,32
568918,2011-09-29,15955,12,25.2,1
568919,2011-09-29,12937,253,398.21,32
568921,2011-09-29,17373,90,146.22,11
568938,2011-09-29,17220,253,325.73,70
568943,2011-09-29,17306,874,506.18,5
568944,2011-09-29,16589,212,244.56,18
568945,2011-09-29,14239,100,338.5,14
568947,2011-09-29,14696,353,319.87,20
568950,2011-09-29,12458,236,505.48,19
568951,2011-09-29,17724,110,418.7,19
568952,2011-09-29,14305,507,810.51,42
568953,2011-09-29,12728,163,219.019999999999,13
568954,2011-09-29,13576,176,502.44,8
568955,2011-09-29,13759,267,560.41,24
568966,2011-09-29,14681,12,45.0,1
568984,2011-09-29,17813,67,306.61,57
568987,2011-09-29,12709,321,824.83,23
568988,2011-09-29,12718,203,238.25,19
568989,2011-09-29,14709,160,311.3,14
568990,2011-09-29,15933,271,316.46,23
568991,2011-09-29,18204,288,626.38,62
568992,2011-09-29,17218,195,278.65,17
568993,2011-09-29,15062,222,173.82,12
568994,2011-09-29,12598,288,361.76,18
568995,2011-09-29,16779,411,891.55,21
568996,2011-09-29,13131,153,447.3,17
568997,2011-09-29,16233,84,210.18,13
568998,2011-09-29,17905,125,181.25,1
568999,2011-09-29,15949,168,237.04,12
569000,2011-09-29,17015,1153,1045.48,74
569001,2011-09-29,12703,164,283.55,21
569002,2011-09-29,17572,15,30.75,2
569003,2011-09-29,13364,71,134.959999999999,10
569004,2011-09-29,14409,70,115.72,8
569005,2011-09-29,16268,465,493.76,36
569006,2011-09-29,16268,68,173.89,9
569007,2011-09-29,17552,565,615.39,35
569008,2011-09-29,15114,466,376.02,27
569009,2011-09-29,15984,146,243.2,3
569010,2011-09-30,14156,2720,5867.08,27
569011,2011-09-30,14655,239,400.61,13
569012,2011-09-30,15187,162,194.18,12
569013,2011-09-30,15187,84,303.0,3
569014,2011-09-30,18053,302,300.02,20
569015,2011-09-30,13575,154,258.46,16
569016,2011-09-30,14916,306,301.219999999999,19
569017,2011-09-30,13813,177,281.94,17
569018,2011-09-30,12676,109,151.68,7
569019,2011-09-30,15602,428,402.24,16
569020,2011-09-30,15321,554,1238.54,48
569021,2011-09-30,15321,82,350.3,9
569022,2011-09-30,17725,172,333.96,16
569024,2011-09-30,12822,126,257.98,9
569025,2011-09-30,18041,108,356.75,23
569026,2011-09-30,16101,757,1290.7,76
569027,2011-09-30,13089,370,712.06,40
569028,2011-09-30,14911,386,272.159999999999,19
569029,2011-09-30,17450,40,320.0,2
569030,2011-09-30,17450,350,2800.0,9
569033,2011-09-30,15611,1,6.0,1
569035,2011-09-30,15565,28,88.8,4
569036,2011-09-30,18217,268,317.9,19
569037,2011-09-30,13263,565,499.49,69
569046,2011-09-30,14422,1286,1285.98,61
569060,2011-09-30,13954,49,227.41,13
569077,2011-09-30,13092,184,38.08,4
569078,2011-09-30,14688,137,234.73,8
569079,2011-09-30,14226,87,185.77,12
569080,2011-09-30,15593,60,199.8,5
569081,2011-09-30,13972,145,44.3499999999999,6
569082,2011-09-30,18229,130,313.8,12
569084,2011-09-30,17949,384,2496.0,1
569085,2011-09-30,17949,1200,1272.0,1
569086,2011-09-30,17949,1000,720.0,1
569087,2011-09-30,13095,144,74.3999999999999,6
569089,2011-09-30,13764,342,576.13,70
569097,2011-09-30,12731,710,1192.5,26
569099,2011-09-30,17961,1,3.25,1
569100,2011-09-30,12748,192,381.87,21
569101,2011-09-30,14164,200,358.0,1
569103,2011-09-30,16133,165,312.2,13
569104,2011-09-30,15287,176,340.98,15
569105,2011-09-30,16729,364,454.33,49
569106,2011-09-30,17376,51,97.35,11
569108,2011-09-30,16013,288,669.6,2
569110,2011-09-30,17675,396,1025.78,46
569111,2011-09-30,17675,12,25.2,1
569120,2011-09-30,12583,175,327.23,14
569122,2011-09-30,12694,186,430.17,17
569123,2011-09-30,12748,327,1132.55,33
569124,2011-09-30,15172,387,361.21,23
569125,2011-09-30,15611,26,142.7,5
569126,2011-09-30,13347,205,341.36,8
569127,2011-09-30,15903,600,1568.4,12
569129,2011-09-30,15034,338,634.03,101
569130,2011-09-30,14911,19,116.3,4
569132,2011-09-30,17757,181,253.78,52
569133,2011-09-30,15185,666,310.62,21
569134,2011-09-30,15411,251,609.05,33
569136,2011-09-30,15834,284,441.93,77
569139,2011-09-30,16404,157,443.05,23
569140,2011-09-30,14503,560,687.38,45
569141,2011-09-30,13021,157,441.61,16
569142,2011-09-30,13021,12,25.2,1
569143,2011-09-30,15867,118,357.71,26
569144,2011-09-30,17227,111,139.45,10
569145,2011-09-30,18008,14,8.28,2
569147,2011-09-30,12842,390,808.26,20
569148,2011-09-30,16613,293,618.59,30
569203,2011-10-02,16353,68,262.6,2
569204,2011-10-02,16591,41,213.5,10
569205,2011-10-02,16923,401,658.11,40
569206,2011-10-02,15038,77,173.04,19
569207,2011-10-02,17811,92,166.329999999999,18
569208,2011-10-02,16693,153,324.45,38
569209,2011-10-02,16626,302,189.9,3
569210,2011-10-02,13681,152,327.62,20
569211,2011-10-02,15774,87,270.8,25
569212,2011-10-02,15164,217,474.87,47
569213,2011-10-02,13782,31,142.51,17
569214,2011-10-02,14533,1976,326.8,9
569215,2011-10-02,13571,200,205.28,35
569216,2011-10-02,15555,287,261.12,63
569217,2011-10-02,15579,64,149.0,25
569218,2011-10-02,15952,112,253.6,32
569219,2011-10-02,13558,126,201.99,59
569220,2011-10-02,16007,598,751.74,163
569221,2011-10-02,14970,85,472.31,17
569222,2011-10-02,15906,217,590.49,54
569223,2011-10-02,16283,646,743.79,75
569224,2011-10-02,15701,151,255.13,73
569225,2011-10-02,16930,185,195.31,29
569226,2011-10-02,16930,4,11.8,2
569227,2011-10-02,14051,181,973.95,14
569228,2011-10-02,15547,292,469.89,67
569229,2011-10-02,14502,307,467.95,135
569230,2011-10-02,16533,162,376.97,65
569231,2011-10-02,13379,309,299.53,45
569232,2011-10-02,16667,159,366.78,32
569234,2011-10-02,17841,207,543.75,90
569235,2011-10-02,17841,48,5.76,1
569236,2011-10-02,14432,319,306.73,66
569238,2011-10-02,17954,119,149.55,30
569239,2011-10-03,14644,192,643.26,18
569240,2011-10-03,18059,104,124.08,6
569241,2011-10-03,14488,799,1064.28,46
569242,2011-10-03,14193,195,430.85,19
569243,2011-10-03,13344,258,565.49,35
569244,2011-10-03,13344,114,322.08,16
569246,2011-10-03,14096,710,2900.99,285
569247,2011-10-03,17924,552,1574.52,17
569248,2011-10-03,12886,354,603.4,35
569249,2011-10-03,14092,153,351.17,16
569250,2011-10-03,16747,281,480.2,27
569252,2011-10-03,14333,58,415.2,15
569253,2011-10-03,13635,677,1071.03,62
569254,2011-10-03,18116,170,163.56,36
569255,2011-10-03,18102,1934,5164.66,18
569257,2011-10-03,18102,916,2350.98,19
569258,2011-10-03,17330,100,264.9,5
569261,2011-10-03,17321,368,659.61,106
569262,2011-10-03,14815,460,551.58,39
569263,2011-10-03,18102,1702,4849.1,13
569302,2011-10-03,16205,255,323.15,51
569319,2011-10-03,14290,448,728.5,33
569322,2011-10-03,16912,212,464.64,15
569323,2011-10-03,16912,5,32.85,2
569324,2011-10-03,16912,192,363.08,14
569325,2011-10-03,16774,96,119.32,16
569326,2011-10-03,14360,211,624.91,23
569327,2011-10-03,15091,346,480.71,30
569328,2011-10-03,14360,56,157.68,7
569329,2011-10-03,17652,195,441.82,27
569330,2011-10-03,15311,279,607.33,21
569331,2011-10-03,16875,581,957.33,53
569332,2011-10-03,12637,158,358.4,77
569333,2011-10-03,13431,116,415.419999999999,10
569334,2011-10-03,12931,1514,1909.36,8
569336,2011-10-03,15088,340,864.19,40
569337,2011-10-03,17396,600,2034.0,6
569338,2011-10-03,16013,286,339.26,11
569339,2011-10-03,15299,250,830.0,1
569340,2011-10-03,15299,120,642.0,1
569342,2011-10-03,16013,1160,1441.2,3
569343,2011-10-03,18102,1764,7298.76,13
569357,2011-10-03,15930,139,426.63,21
569358,2011-10-03,18257,189,517.53,25
569359,2011-10-03,18257,3,14.85,1
569360,2011-10-03,14653,139,350.09,57
569361,2011-10-03,16183,113,338.71,15
569362,2011-10-03,18102,314,1023.96,13
569363,2011-10-03,13297,618,1315.37999999999,38
569364,2011-10-03,13167,246,242.12,18
569365,2011-10-03,18102,300,1094.71,13
569366,2011-10-03,18102,114,647.52,1
569367,2011-10-03,13994,378,808.11,75
569368,2011-10-03,15971,125,260.1,4
569369,2011-10-03,15105,329,541.03,30
569371,2011-10-03,14651,158,238.28,42
569373,2011-10-03,12971,200,162.64,5
569382,2011-10-03,15502,1,3155.95,1
569383,2011-10-03,15159,1127,1395.09,63
569384,2011-10-03,15159,318,207.6,16
569385,2011-10-03,14031,200,1416.0,1
569386,2011-10-03,15159,38,243.6,9
569388,2011-10-03,14031,200,1416.0,1
569389,2011-10-03,15502,3,305.0,3
569396,2011-10-03,16441,63,170.2,11
569397,2011-10-04,12747,208,675.38,15
569398,2011-10-04,17381,408,359.039999999999,3
569399,2011-10-04,17381,768,520.32,2
569400,2011-10-04,17381,110,231.0,3
569401,2011-10-04,15111,456,949.3,52
569402,2011-10-04,12413,81,194.2,10
569403,2011-10-04,13319,327,678.11,36
569404,2011-10-04,13319,36,180.0,8
569405,2011-10-04,15241,214,344.92,15
569406,2011-10-04,16253,1893,1983.46,70
569407,2011-10-04,15694,426,1410.26,14
569408,2011-10-04,13881,874,1897.15999999999,14
569409,2011-10-04,14110,142,304.62,11
569411,2011-10-04,12989,80,566.4,1
569412,2011-10-04,13650,276,447.62,24
569413,2011-10-04,13650,20,27.0,2
569416,2011-10-04,13801,168,324.8,23
569417,2011-10-04,17629,372,593.79,25
569418,2011-10-04,12989,72,284.159999999999,4
569419,2011-10-04,15864,202,520.54,5
569420,2011-10-04,16881,600,432.0,1
569423,2011-10-04,16882,322,489.419999999999,24
569424,2011-10-04,15529,334,427.57,61
569457,2011-10-04,14606,61,117.94,30
569459,2011-10-04,16713,374,702.04,18
569460,2011-10-04,13895,511,973.81,38
569461,2011-10-04,16556,548,757.42,47
569462,2011-10-04,17014,55,188.05,13
569467,2011-10-04,14291,526,610.42,43
569468,2011-10-04,16186,440,666.21,37
569469,2011-10-04,16360,559,1007.05,125
569470,2011-10-04,17673,307,306.88,33
569471,2011-10-04,15046,63,244.06,12
569472,2011-10-04,14515,399,583.42,35
569474,2011-10-04,14178,218,198.74,47
569479,2011-10-04,13408,662,971.46,14
569480,2011-10-04,13408,4,23.8,1
569481,2011-10-04,15255,489,890.85,47
569482,2011-10-04,14184,127,452.89,24
569483,2011-10-04,14057,174,390.26,15
569484,2011-10-04,14057,12,45.0,2
569486,2011-10-04,15339,257,316.17,45
569487,2011-10-04,13351,117,373.94,16
569488,2011-10-04,16440,459,433.01,46
569489,2011-10-04,12457,33,196.35,1
569491,2011-10-04,14056,240,528.68,83
569492,2011-10-04,16333,2584,3733.0,3
569493,2011-10-04,13317,535,959.7,56
569494,2011-10-04,15739,472,449.12,8
569496,2011-10-04,12395,118,346.68,17
569513,2011-10-04,14332,242,466.3,14
569514,2011-10-04,15228,750,1162.68,36
569515,2011-10-04,15181,292,254.48,6
569518,2011-10-04,13263,55,127.85,21
569519,2011-10-04,13792,64,120.95,9
569520,2011-10-04,17667,130,304.5,18
569521,2011-10-04,16474,248,580.73,93
569522,2011-10-04,12664,73,310.0,2
569523,2011-10-04,16033,146,368.38,65
569524,2011-10-04,14506,216,683.59,140
569527,2011-10-04,12512,95,122.33,32
569528,2011-10-04,16242,474,825.29,74
569529,2011-10-04,12512,4,15.7,2
569530,2011-10-04,17957,287,111.68,31
569531,2011-10-04,12695,34,163.1,5
569532,2011-10-04,13552,179,425.52,15
569533,2011-10-04,16374,188,316.73,84
569535,2011-10-04,15044,157,444.71,35
569536,2011-10-04,13269,294,476.52,20
569537,2011-10-04,13269,90,97.7,7
569538,2011-10-04,14462,193,301.87,19
569539,2011-10-04,18102,112,557.76,1
569546,2011-10-04,15276,64,135.31,52
569550,2011-10-04,15955,10,8.5,1
569555,2011-10-05,17728,1019,1943.12999999999,113
569556,2011-10-05,14936,725,1105.16,62
569557,2011-10-05,14936,4,33.0,1
569558,2011-10-05,14936,366,622.84,18
569559,2011-10-05,12971,120,171.599999999999,2
569560,2011-10-05,14511,170,318.44,16
569561,2011-10-05,13468,35,122.05,6
569562,2011-10-05,12720,398,485.78,30
569563,2011-10-05,12481,790,1307.76,48
569564,2011-10-05,13989,444,369.409999999999,18
569565,2011-10-05,16722,475,314.5,25
569566,2011-10-05,14739,546,609.78,10
569567,2011-10-05,16059,40,105.3,6
569568,2011-10-05,12700,890,1476.19,89
569569,2011-10-05,18061,38,233.5,3
569570,2011-10-05,16684,7020,13760.02,25
569571,2011-10-05,16684,2788,2487.4,13
569572,2011-10-05,16684,5000,1800.0,10
569573,2011-10-05,17511,2085,3855.84,33
569574,2011-10-05,15127,251,406.53,16
569575,2011-10-05,16106,74,108.38,6
569576,2011-10-05,17739,87,434.65,7
569577,2011-10-05,12828,152,245.8,13
569579,2011-10-05,17666,356,409.08,12
569580,2011-10-05,15039,107,185.87,15
569581,2011-10-05,15081,32,80.3,4
569583,2011-10-05,15039,1,2.95,1
569590,2011-10-05,13949,257,302.91,19
569629,2011-10-05,15249,307,641.57,34
569630,2011-10-05,13458,246,498.36,21
569631,2011-10-05,13483,160,140.34,10
569632,2011-10-05,13808,254,639.3,18
569633,2011-10-05,16478,170,202.9,11
569634,2011-10-05,12843,1,9.95,1
569635,2011-10-05,12748,493,287.94,29
569637,2011-10-05,15757,324,453.06,29
569638,2011-10-05,16140,626,601.04,28
569639,2011-10-05,12471,1,240.0,1
569640,2011-10-05,12471,962,2145.38,27
569641,2011-10-05,12841,119,196.65,16
569643,2011-10-05,15730,200,343.66,23
569647,2011-10-05,12415,240,828.0,1
569648,2011-10-05,17754,210,374.5,3
569649,2011-10-05,16029,324,612.0,4
569650,2011-10-05,12415,6895,15643.77,81
569651,2011-10-05,14534,208,745.37,68
569652,2011-10-05,15628,286,416.46,22
569653,2011-10-05,12451,1650,2539.56,100
569654,2011-10-05,13854,52,316.76,3
569656,2011-10-05,14434,24,99.6,1
569658,2011-10-05,16359,216,228.96,1
569659,2011-10-05,14099,218,363.18,19
569660,2011-10-05,17382,25,65.4,2
569661,2011-10-05,17483,93,139.3,8
569662,2011-10-05,15244,165,333.63,19
569664,2011-10-05,18237,72,135.799999999999,10
569665,2011-10-05,12789,4,91.85,4
569666,2011-10-05,17690,63,150.45,8
569667,2011-10-05,17521,217,338.19,23
569668,2011-10-05,16040,175,437.37,19
569669,2011-10-05,14730,204,420.51,115
569670,2011-10-05,14730,217,435.41,128
569671,2011-10-05,16020,290,518.8,26
569672,2011-10-05,17841,229,354.13,64
569673,2011-10-05,17222,128,354.15,28
569674,2011-10-05,17841,12,30.5999999999999,1
569675,2011-10-05,15687,327,561.73,31
569677,2011-10-05,15106,237,269.63,19
569678,2011-10-05,17816,5,9.01,4
569679,2011-10-05,16160,150,223.499999999999,5
569680,2011-10-05,16803,245,332.3,24
569683,2011-10-05,15953,186,251.69,25
569684,2011-10-05,13947,44,90.6,5
569685,2011-10-05,16758,203,369.34,22
569686,2011-10-05,12719,162,283.6,18
569687,2011-10-05,13709,291,596.22,33
569688,2011-10-05,15048,22,59.52,16
569689,2011-10-05,13709,24,82.8,1
569690,2011-10-05,15351,45,141.35,9
569691,2011-10-05,18223,287,480.43,26
569692,2011-10-05,14389,540,732.32,26
569693,2011-10-05,17837,105,250.95,37
569694,2011-10-05,17735,263,562.47,23
569695,2011-10-05,16843,938,993.88,45
569696,2011-10-05,16843,4,15.8,1
569697,2011-10-05,17647,30,133.06,7
569698,2011-10-05,14054,62,92.46,6
569699,2011-10-05,12723,188,265.51,35
569701,2011-10-05,12723,2,33.9,1
569702,2011-10-05,14396,186,377.64,39
569705,2011-10-05,15762,104,268.44,15
569706,2011-10-05,13798,132,356.6,2
569714,2011-10-05,18033,253,97.97,34
569715,2011-10-05,15856,533,503.64,20
569716,2011-10-06,15804,110,223.22,14
569717,2011-10-06,13845,182,312.98,9
569718,2011-10-06,15837,189,391.98,24
569719,2011-10-06,14646,340,788.16,7
569720,2011-10-06,14646,15,23.39,15
569721,2011-10-06,12628,195,333.64,17
569722,2011-10-06,12431,238,588.96,27
569723,2011-10-06,12431,28,89.8,5
569724,2011-10-06,15061,230,491.4,4
569725,2011-10-06,15061,20,141.6,1
569726,2011-10-06,17419,249,465.55,22
569727,2011-10-06,12500,52,150.25,7
569728,2011-10-06,15416,392,839.99,41
569729,2011-10-06,16350,211,435.469999999999,21
569730,2011-10-06,16422,158,332.22,3
569731,2011-10-06,13999,142,308.44,13
569732,2011-10-06,13177,91,282.45,17
569734,2011-10-06,14538,125,281.75,16
569735,2011-10-06,14646,2,30.0,1
569736,2011-10-06,14317,255,508.58,24
569737,2011-10-06,16295,259,355.9,22
569738,2011-10-06,13013,74,216.81,12
569739,2011-10-06,14911,229,421.3,24
569740,2011-10-06,15769,1600,2924.0,15
569741,2011-10-06,14626,315,610.91,26
569742,2011-10-06,16478,4,33.0,1
569766,2011-10-06,14849,370,393.57,20
569767,2011-10-06,14849,235,391.78,23
569768,2011-10-06,13078,388,659.08,16
569769,2011-10-06,13078,34,100.8,3
569780,2011-10-06,13199,212,370.9,8
569781,2011-10-06,13199,242,159.24,2
569789,2011-10-06,16924,84,252.54,24
569790,2011-10-06,15910,133,188.41,35
569799,2011-10-06,13602,267,428.89,23
569803,2011-10-06,13090,295,902.069999999999,26
569815,2011-10-06,15838,6016,10992.96,21
569822,2011-10-06,15706,20,79.8,2
569823,2011-10-06,16895,102,219.14,69
569824,2011-10-06,17295,170,279.36,29
569825,2011-10-06,15805,97,270.25,17
569826,2011-10-06,18161,177,385.43,20
569827,2011-10-06,13591,222,340.9,20
569828,2011-10-06,14527,40,167.46,18
569832,2011-10-06,15315,600,336.96,21
569833,2011-10-06,15306,298,517.28,28
569834,2011-10-06,14383,394,675.72,27
569835,2011-10-06,15518,146,317.69,24
569836,2011-10-06,12910,220,566.4,10
569837,2011-10-06,12748,13,15.03,5
569838,2011-10-06,13504,178,295.93,22
569839,2011-10-06,15769,1300,2327.0,6
569840,2011-10-06,17428,88,433.2,6
569841,2011-10-06,17428,34,124.3,6
569842,2011-10-06,13426,259,697.46,18
569843,2011-10-06,14449,311,313.4,104
569844,2011-10-06,12626,856,1377.55,62
569845,2011-10-06,14819,61,187.35,10
569846,2011-10-06,13422,1326,2626.3,127
569847,2011-10-06,14116,151,327.45,19
569848,2011-10-06,16316,299,726.1,36
569849,2011-10-06,15264,265,393.74,23
569850,2011-10-06,16432,276,287.4,8
569852,2011-10-06,13771,476,850.4,32
569853,2011-10-06,13771,176,319.2,17
569856,2011-10-06,17068,45,108.35,5
569857,2011-10-06,12939,744,1658.16,5
569858,2011-10-06,12939,432,887.52,5
569859,2011-10-06,16814,72,116.32,11
569860,2011-10-06,13812,67,139.88,8
569861,2011-10-06,13816,178,371.69,17
569862,2011-10-06,14518,278,174.37,16
569864,2011-10-06,14533,454,303.5,7
569865,2011-10-06,12748,26,54.6,7
569866,2011-10-06,12757,1045,1578.87,182
569867,2011-10-06,12569,246,320.4,13
569868,2011-10-06,13018,525,412.17,30
569870,2011-10-06,12757,78,151.9,41
569871,2011-10-06,13089,57,330.15,11
569872,2011-10-06,13089,4,33.0,1
569873,2011-10-06,13089,4,33.0,1
569887,2011-10-06,13882,84,192.76,12
569888,2011-10-06,13049,190,502.9,7
569889,2011-10-06,17930,536,323.04,4
569890,2011-10-06,14738,187,326.81,11
569892,2011-10-06,15937,73,145.35,7
569893,2011-10-06,12627,868,1183.72,60
569894,2011-10-06,15707,156,188.22,45
569897,2011-10-06,17813,595,1044.09,239
569899,2011-10-06,13940,136,225.24,14
569900,2011-10-06,17651,1261,915.49,58
569901,2011-10-06,12923,69,176.97,29
569903,2011-10-06,13892,399,341.21,21
569904,2011-10-06,13023,127,353.5,20
569905,2011-10-06,13549,21,70.15,4
569906,2011-10-06,12748,2,1.9,1
569907,2011-10-06,12569,13,77.4,3
569910,2011-10-06,17139,570,1077.75,44
569912,2011-10-06,17139,38,95.54,6
569914,2011-10-06,14257,344,373.88,6
569915,2011-10-06,16454,2,5.9,1
569917,2011-10-06,17453,160,341.999999999999,9
569918,2011-10-06,15766,170,315.06,11
569919,2011-10-06,15300,292,496.44,28
569920,2011-10-06,13348,136,233.76,14
569921,2011-10-06,12523,29,157.0,8
569923,2011-10-06,16184,91,172.99,8
569932,2011-10-06,18221,148,171.8,11
569936,2011-10-06,17490,204,306.719999999999,8
569943,2011-10-06,14592,234,263.96,75
569948,2011-10-06,14959,94,158.1,8
569962,2011-10-06,13993,112,460.4,11
569965,2011-10-06,18109,98,397.63,18
569968,2011-10-06,17921,137,224.76,41
569977,2011-10-06,14702,24,130.22,8
569983,2011-10-06,17231,190,381.07,58
569997,2011-10-07,12394,637,891.4,6
569998,2011-10-07,12540,227,422.8,22
569999,2011-10-07,17030,146,146.87,11
570000,2011-10-07,12420,345,600.39,29
570001,2011-10-07,14427,208,321.74,16
570002,2011-10-07,12477,346,1059.24,24
570003,2011-10-07,14792,2,6.2,2
570007,2011-10-07,12519,183,340.84,18
570008,2011-10-07,13359,161,439.56,23
570009,2011-10-07,14138,459,638.21,33
570010,2011-10-07,15297,96,230.46,14
570011,2011-10-07,16477,316,495.2,25
570014,2011-10-07,15214,59,104.6,6
570016,2011-10-07,14911,448,904.14,51
570017,2011-10-07,15706,12,102.0,1
570018,2011-10-07,13629,300,537.0,3
570019,2011-10-07,17841,101,247.12,47
570020,2011-10-07,12684,185,247.76,11
570021,2011-10-07,17841,6,8.1,3
570022,2011-10-07,14067,145,150.03,27
570023,2011-10-07,13876,36,122.7,7
570024,2011-10-07,17975,97,285.19,16
570026,2011-10-07,12781,325,277.48,10
570027,2011-10-07,14844,532,932.13,43
570028,2011-10-07,16210,148,528.6,3
570030,2011-10-07,12740,342,427.6,27
570036,2011-10-07,16358,351,459.79,30
570049,2011-10-07,17228,250,432.26,41
570076,2011-10-07,15738,204,306.52,12
570082,2011-10-07,12524,1299,1055.44,24
570086,2011-10-07,17086,343,412.47,21
570088,2011-10-07,16764,95,237.86,61
570089,2011-10-07,16839,224,352.719999999999,4
570090,2011-10-07,13806,56,256.38,10
570091,2011-10-07,15632,600,627.12,39
570092,2011-10-07,16029,964,1728.0,6
570093,2011-10-07,18096,87,148.66,50
570094,2011-10-07,16029,2304,4186.08,4
570095,2011-10-07,12528,102,274.51,15
570096,2011-10-07,15311,160,291.26,28
570097,2011-10-07,16029,4176,7630.55999999999,8
570098,2011-10-07,13169,176,207.68,7
570100,2011-10-07,13695,32,110.4,4
570101,2011-10-07,14560,270,264.62,12
570102,2011-10-07,16455,232,517.8,28
570103,2011-10-07,15719,174,360.11,66
570108,2011-10-07,13004,336,467.2,32
570111,2011-10-07,15005,92,160.9,34
570113,2011-10-07,15874,1469,2198.13,33
570114,2011-10-07,13587,180,712.4,8
570115,2011-10-07,13798,1026,1482.2,15
570116,2011-10-07,12856,180,393.74,80
570117,2011-10-07,15815,342,225.9,9
570118,2011-10-07,13276,141,453.55,23
570119,2011-10-07,12748,2,5.9,1
570121,2011-10-07,13419,275,221.06,16
570123,2011-10-07,13314,15,89.85,7
570124,2011-10-07,16989,60,99.0,1
570125,2011-10-07,17509,306,313.56,21
570126,2011-10-07,16910,50,135.82,35
570127,2011-10-07,16900,496,752.68,69
570128,2011-10-07,13689,512,910.0,6
570129,2011-10-07,12885,293,519.47,31
570130,2011-10-07,12885,16,10.4,1
570144,2011-10-07,13004,2,16.5,1
570167,2011-10-07,15615,617,824.41,39
570168,2011-10-07,17596,852,612.01,53
570177,2011-10-07,17509,357,654.69,40
570178,2011-10-07,16558,147,228.46,15
570179,2011-10-07,17509,510,914.64,54
570180,2011-10-07,17509,500,898.14,53
570181,2011-10-07,16354,6,29.7,1
570183,2011-10-07,15208,64,172.3,10
570184,2011-10-07,14029,174,302.46,9
570186,2011-10-07,17509,353,639.69,39
570188,2011-10-07,13763,728,1714.96,15
570189,2011-10-07,12492,123,136.82,11
570190,2011-10-07,13456,254,454.76,23
570191,2011-10-07,12778,212,171.93,11
570192,2011-10-07,17509,500,898.14,53
570195,2011-10-07,14825,65,151.24,6
570196,2011-10-07,18136,84,183.48,6
570197,2011-10-07,13755,249,495.66,114
570200,2011-10-07,16918,140,206.24,31
570201,2011-10-07,16918,1,2.08,1
570206,2011-10-09,15465,22,149.1,3
570208,2011-10-09,16104,123,302.36,29
570209,2011-10-09,16326,106,380.53,41
570210,2011-10-09,13259,132,292.32,87
570211,2011-10-09,13558,67,121.26,32
570212,2011-10-09,17811,135,121.02,17
570213,2011-10-09,16248,78,152.94,7
570214,2011-10-09,12748,449,224.53,36
570215,2011-10-09,16066,356,364.59,37
570216,2011-10-09,14595,96,141.75,10
570217,2011-10-09,17323,108,158.82,26
570218,2011-10-09,16873,780,1397.32,50
570219,2011-10-09,16809,87,149.68,21
570220,2011-10-09,15612,31,69.65,3
570222,2011-10-09,13113,127,475.659999999999,8
570223,2011-10-09,15787,286,492.05,84
570224,2011-10-09,16931,128,192.25,28
570225,2011-10-09,16595,335,360.16,85
570226,2011-10-09,16931,3,4.35,1
570227,2011-10-09,13260,142,557.62,8
570228,2011-10-09,15821,94,254.18,34
570229,2011-10-09,15756,75,168.12,56
570230,2011-10-09,18088,109,167.67,39
570231,2011-10-09,16685,386,241.74,55
570232,2011-10-09,14040,186,725.56,53
570233,2011-10-09,16685,10,82.5,7
570234,2011-10-09,17790,129,328.53,36
570235,2011-10-09,13193,50,117.88,29
570237,2011-10-09,13212,78,216.22,46
570238,2011-10-09,16332,49,129.93,20
570239,2011-10-09,16518,203,293.62,29
570240,2011-10-09,13212,17,75.25,10
570241,2011-10-09,14801,175,193.14,59
570242,2011-10-09,16380,1524,1780.59,32
570243,2011-10-09,15606,130,480.78,12
570244,2011-10-09,14514,416,652.24,34
570245,2011-10-09,14415,141,281.11,17
570246,2011-10-09,16921,171,169.79,60
570247,2011-10-10,15193,144,499.32,19
570248,2011-10-10,17809,40,283.2,1
570249,2011-10-10,17509,500,898.14,53
570250,2011-10-10,14027,62,104.82,6
570251,2011-10-10,17025,96,196.8,4
570252,2011-10-10,14665,238,559.52,25
570253,2011-10-10,14156,360,1974.0,2
570254,2011-10-10,16179,99,215.83,11
570255,2011-10-10,17648,198,690.11,26
570256,2011-10-10,15152,213,306.09,18
570257,2011-10-10,13767,129,380.31,11
570265,2011-10-10,15125,24,82.8,1
570266,2011-10-10,15125,60,292.2,4
570267,2011-10-10,12682,61,113.4,8
570268,2011-10-10,13098,908,1978.22,21
570269,2011-10-10,17227,205,107.11,8
570270,2011-10-10,15304,18,111.9,3
570271,2011-10-10,13756,233,292.99,12
570272,2011-10-10,14297,326,477.5,24
570273,2011-10-10,13373,707,1256.67,52
570275,2011-10-10,13098,1263,2482.44,29
570280,2011-10-10,15473,192,547.2,3
570281,2011-10-10,17949,144,676.319999999999,3
570282,2011-10-10,13473,68,181.38,9
570284,2011-10-10,14419,50,126.39,23
570285,2011-10-10,16637,218,332.38,20
570287,2011-10-10,17425,371,688.97,42
570288,2011-10-10,16960,133,156.56,34
570289,2011-10-10,17377,34,168.3,11
570292,2011-10-10,13418,124,370.68,16
570293,2011-10-10,14128,295,331.96,24
570332,2011-10-10,18169,61,202.65,9
570333,2011-10-10,18126,144,206.829999999999,56
570337,2011-10-10,16688,105,183.75,11
570338,2011-10-10,16029,200,358.0,1
570342,2011-10-10,17706,459,1322.82,45
570348,2011-10-10,16982,182,384.06,22
570353,2011-10-10,17706,33,113.91,4
570356,2011-10-10,15330,744,320.4,8
570374,2011-10-10,14719,168,317.22,56
570380,2011-10-10,14606,45,111.55,31
570388,2011-10-10,14911,646,1209.88,78
570404,2011-10-10,16395,276,214.69,56
570405,2011-10-10,13429,244,165.72,12
570407,2011-10-10,17186,100,72.0,1
570408,2011-10-10,13685,2904,1334.16,8
570409,2011-10-10,12682,160,313.18,16
570410,2011-10-10,16776,262,388.28,76
570411,2011-10-10,16954,94,225.18,7
570412,2011-10-10,16385,106,281.04,20
570413,2011-10-10,17652,130,421.05,18
570414,2011-10-10,17214,54,205.0,18
570415,2011-10-10,14201,148,120.3,7
570416,2011-10-10,15608,352,660.64,38
570418,2011-10-10,15211,123,511.34,29
570419,2011-10-10,15608,24,24.96,2
570420,2011-10-10,17841,243,285.65,73
570421,2011-10-10,13980,172,200.14,11
570422,2011-10-10,14132,363,419.539999999999,17
570423,2011-10-10,14451,185,302.59,57
570424,2011-10-10,17372,72,156.61,30
570425,2011-10-10,15128,336,300.76,21
570426,2011-10-10,13352,321,397.979999999999,24
570427,2011-10-10,17462,72,212.28,13
570428,2011-10-10,15553,451,437.23,56
570429,2011-10-10,13225,388,801.08,4
570430,2011-10-10,15886,147,181.09,12
570441,2011-10-10,15473,40,102.0,1
570442,2011-10-10,16549,158,318.04,83
570443,2011-10-10,17203,901,1263.97,20
570444,2011-10-10,17284,124,158.44,27
570445,2011-10-10,12748,13,12.12,6
570446,2011-10-10,12431,196,332.68,17
570448,2011-10-10,13224,853,943.69,66
570449,2011-10-10,16133,198,291.4,9
570452,2011-10-10,12427,114,282.58,15
570455,2011-10-10,14529,152,261.62,99
570457,2011-10-10,13666,4,20.6,4
570458,2011-10-10,14535,863,1210.28,138
570459,2011-10-10,15801,466,869.98,50
570461,2011-10-10,14434,20,141.6,1
570466,2011-10-10,16791,177,434.55,83
570467,2011-10-10,12607,1228,1579.51,101
570479,2011-10-10,17589,324,561.1,72
570481,2011-10-10,17552,10,16.5,1
570482,2011-10-10,17459,227,300.39,76
570485,2011-10-10,14911,12,17.4,1
570488,2011-10-10,14096,779,3380.86,353
570489,2011-10-10,14533,12,23.4,1
570491,2011-10-10,14395,156,310.54,32
570492,2011-10-11,14194,237,530.35,30
570493,2011-10-11,14194,10,70.8,1
570494,2011-10-11,14051,172,757.8,12
570495,2011-10-11,16861,116,102.96,4
570496,2011-10-11,16422,438,459.06,12
570498,2011-10-11,16136,260,406.74,22
570499,2011-10-11,12772,556,892.47,55
570500,2011-10-11,15858,170,277.719999999999,24
570501,2011-10-11,14857,276,650.6,31
570502,2011-10-11,14744,35,83.75,5
570503,2011-10-11,17965,65,48.46,12
570504,2011-10-11,18241,47,125.85,5
570505,2011-10-11,14841,263,379.79,15
570506,2011-10-11,13283,60,68.16,5
570507,2011-10-11,16561,158,264.96,16
570509,2011-10-11,13109,260,416.69,23
570510,2011-10-11,15370,4,33.0,1
570511,2011-10-11,14397,100,186.8,6
570512,2011-10-11,14952,60,424.799999999999,6
570513,2011-10-11,14952,344,950.44,17
570514,2011-10-11,13089,447,1018.51,37
570516,2011-10-11,14121,234,233.1,20
570517,2011-10-11,13971,278,371.66,22
570521,2011-10-11,12371,582,1527.96,62
570522,2011-10-11,16029,1164,2076.0,7
570554,2011-10-11,14800,1,0.38,1
570555,2011-10-11,17119,306,547.25,31
570557,2011-10-11,16029,4176,7810.55999999999,8
570590,2011-10-11,18075,279,300.02,15
570591,2011-10-11,17071,115,302.65,14
570593,2011-10-11,18180,538,326.66,24
570594,2011-10-11,13517,388,516.24,33
570597,2011-10-11,16837,422,737.7,42
570598,2011-10-11,14175,889,2016.31,90
570600,2011-10-11,16076,122,304.26,12
570601,2011-10-11,17620,60,81.44,4
570602,2011-10-11,14141,57,199.47,7
570632,2011-10-11,17412,116,160.4,9
570634,2011-10-11,15024,37,148.45,12
570637,2011-10-11,12530,313,440.63,20
570638,2011-10-11,17888,185,250.9,22
570640,2011-10-11,12474,254,522.36,30
570642,2011-10-11,15024,127,73.66,7
570646,2011-10-11,12824,232,397.12,25
570648,2011-10-11,16086,123,221.69,8
570649,2011-10-11,17659,160,308.86,17
570650,2011-10-11,13263,210,277.75,57
570651,2011-10-11,14911,86,321.35,5
570652,2011-10-11,17863,771,1032.7,41
570653,2011-10-11,14710,115,172.91,29
570656,2011-10-11,16120,762,996.84,22
570657,2011-10-11,14911,416,485.8,20
570659,2011-10-11,16120,72,219.6,3
570660,2011-10-11,14866,1570,3930.94,21
570661,2011-10-11,17554,120,210.14,10
570662,2011-10-11,16120,36,75.6,1
570663,2011-10-11,13627,259,304.29,7
570664,2011-10-11,16362,83,139.63,25
570665,2011-10-11,16120,8,17.1,4
570666,2011-10-11,13919,136,171.66,12
570667,2011-10-11,12362,162,355.8,15
570668,2011-10-11,17837,54,163.15,17
570669,2011-10-11,15955,199,454.33,18
570670,2011-10-11,14624,138,210.25,12
570671,2011-10-11,16171,24,73.2,3
570672,2011-10-11,12536,2801,4279.71,259
570673,2011-10-11,15351,44,103.4,5
570674,2011-10-11,14911,1704,768.64,60
570675,2011-10-11,13690,67,172.25,9
570676,2011-10-11,14640,107,306.07,14
570677,2011-10-11,12836,206,500.33,50
570678,2011-10-11,15199,91,300.95,3
570679,2011-10-11,17769,132,376.9,19
570680,2011-10-11,13969,486,899.069999999999,68
570681,2011-10-11,12381,1,6.0,1
570682,2011-10-11,12948,153,303.37,16
570685,2011-10-11,13208,213,382.35,36
570693,2011-10-11,16161,183,399.25,58
570694,2011-10-12,14911,47,214.3,7
570695,2011-10-12,17489,196,168.079999999999,13
570696,2011-10-12,15840,140,113.82,10
570697,2011-10-12,15281,83,140.37,9
570698,2011-10-12,18171,150,237.0,9
570699,2011-10-12,15421,121,211.0,12
570700,2011-10-12,14156,76,419.85,12
570701,2011-10-12,16652,1158,2159.3,37
570702,2011-10-12,16652,48,88.8,1
570703,2011-10-12,14911,510,803.24,49
570705,2011-10-12,13208,18,6.47999999999999,1
570706,2011-10-12,14911,2,25.5,1
570707,2011-10-12,14541,44,146.0,3
570713,2011-10-12,17064,129,398.05,19
570714,2011-10-12,13520,337,676.37,21
570715,2011-10-12,18287,990,1001.31999999999,38
570716,2011-10-12,17193,6,24.9,1
570717,2011-10-12,17173,108,357.0,9
570718,2011-10-12,12518,324,381.06,25
570719,2011-10-12,17913,189,193.549999999999,28
570720,2011-10-12,17934,410,638.45,19
570721,2011-10-12,13842,471,581.689999999999,33
570722,2011-10-12,14642,76,96.12,2
570723,2011-10-12,15267,96,120.0,1
570724,2011-10-12,12602,162,153.12,12
570725,2011-10-12,12381,1,4.5,1
570726,2011-10-12,16607,109,168.55,10
570731,2011-10-12,15038,12,15.0,1
570733,2011-10-12,17190,160,249.74,18
570754,2011-10-12,12633,94,215.23,15
570769,2011-10-12,12664,74,334.8,3
570776,2011-10-12,13985,276,626.92,29
570784,2011-10-12,12569,27,103.5,5
570790,2011-10-12,13575,115,147.41,10
570791,2011-10-12,17346,171,245.19,38
570792,2011-10-12,12709,328,533.12,17
570793,2011-10-12,12444,85,879.01,17
570794,2011-10-12,14761,60,158.4,4
570795,2011-10-12,17193,48,149.52,4
570796,2011-10-12,16241,86,110.03,41
570797,2011-10-12,15311,766,1229.42,29
570798,2011-10-12,12679,74,112.32,2
570799,2011-10-12,16203,104,214.6,11
570806,2011-10-12,13115,608,901.07,42
570807,2011-10-12,13704,168,397.29,22
570818,2011-10-12,17841,359,568.66,133
570821,2011-10-12,17173,108,324.96,9
570823,2011-10-12,12691,99,303.1,9
570824,2011-10-12,14299,230,307.06,12
570825,2011-10-12,18229,90,323.74,7
570826,2011-10-12,16753,189,223.92,34
570827,2011-10-12,15831,418,350.65,45
570829,2011-10-12,16295,324,336.4,21
570830,2011-10-12,14852,357,648.27,35
570832,2011-10-12,13058,17,90.15,3
570833,2011-10-12,14834,116,343.94,14
570834,2011-10-12,13865,50,118.22,7
570836,2011-10-12,17410,203,449.15,23
570839,2011-10-12,14911,406,749.67,39
570840,2011-10-12,13468,22,100.58,7
570841,2011-10-12,12553,220,477.55,23
570842,2011-10-12,17676,248,309.24,21
570843,2011-10-12,17293,159,236.31,17
570844,2011-10-12,15473,40,102.0,1
570846,2011-10-12,13983,13,12.9699999999999,5
570847,2011-10-12,17737,57,87.39,6
570848,2011-10-12,15473,40,102.0,1
570849,2011-10-12,15473,80,204.0,2
570851,2011-10-12,12583,101,314.2,6
570852,2011-10-12,13078,160,333.6,12
570855,2011-10-12,17314,637,670.63,48
570856,2011-10-12,13464,403,674.68,41
570857,2011-10-12,15555,38,167.47,18
570859,2011-10-12,18277,68,110.38,8
570861,2011-10-12,14775,372,310.44,20
570862,2011-10-12,17528,360,467.36,28
570863,2011-10-12,15144,140,416.6,14
570864,2011-10-12,16945,194,294.22,12
570865,2011-10-12,16945,64,46.8,4
570866,2011-10-12,17096,67,263.61,9
570875,2011-10-12,12667,395,620.13,33
570876,2011-10-12,16085,97,120.33,21
570877,2011-10-13,16523,120,249.6,6
570878,2011-10-13,16523,10,82.5,2
570879,2011-10-13,12685,124,331.72,12
570880,2011-10-13,14291,247,359.6,20
570881,2011-10-13,12498,69,247.25,13
570882,2011-10-13,13930,64,127.339999999999,7
570883,2011-10-13,13477,347,464.07,26
570884,2011-10-13,17315,92,273.78,18
570885,2011-10-13,14211,172,355.78,18
570886,2011-10-13,13777,1941,3953.35,22
570887,2011-10-13,17169,424,527.1,36
570888,2011-10-13,17509,508,898.14,53
570896,2011-10-13,14217,27,102.95,5
570906,2011-10-13,14537,120,355.56,10
570910,2011-10-13,15489,178,442.64,18
570919,2011-10-13,12584,60,318.06,14
570961,2011-10-13,13784,192,300.48,3
570964,2011-10-13,12766,884,1319.01,61
570973,2011-10-13,14180,26,149.7,5
570983,2011-10-13,14963,268,314.15,31
570984,2011-10-13,17279,48,187.829999999999,9
571006,2011-10-13,17063,230,387.7,23
571007,2011-10-13,13487,52,166.6,10
571008,2011-10-13,17063,12,35.4,1
571017,2011-10-13,15116,276,411.78,13
571028,2011-10-13,16770,93,113.62,41
571030,2011-10-13,12876,1290,1491.59,51
571031,2011-10-13,15005,128,166.48,31
571032,2011-10-13,13827,46,111.29,32
571033,2011-10-13,14251,746,1259.46,36
571034,2011-10-13,12359,657,2876.85,105
571035,2011-10-13,12446,352,1002.31,58
571036,2011-10-13,17567,567,988.03,34
571038,2011-10-13,15511,52,192.35,32
571039,2011-10-13,16121,444,579.22,138
571040,2011-10-13,15272,128,422.98,36
571041,2011-10-13,14527,37,131.48,15
571043,2011-10-13,17892,4,10.2,1
571044,2011-10-13,14421,171,357.93,12
571046,2011-10-13,18096,520,474.05,112
571047,2011-10-13,16042,214,388.72,20
571048,2011-10-13,16042,60,43.8,4
571049,2011-10-13,16670,181,341.78,21
571050,2011-10-13,14624,24,15.6,1
571053,2011-10-13,12631,236,640.5,31
571054,2011-10-13,14234,502,369.78,131
571055,2011-10-13,14975,380,279.94,11
571056,2011-10-13,15367,303,434.409999999999,29
571057,2011-10-13,15367,4,27.0,1
571058,2011-10-13,13853,312,1090.14,23
571060,2011-10-13,17813,1,2.49,1
571062,2011-10-13,16773,171,171.59,26
571063,2011-10-13,16430,103,300.85,6
571064,2011-10-13,17181,25,84.3999999999999,21
571065,2011-10-13,12613,885,1881.86,79
571067,2011-10-13,16793,146,243.84,16
571069,2011-10-13,13668,97,188.94,20
571080,2011-10-13,13719,77,250.49,14
571081,2011-10-13,16775,62,208.43,27
571090,2011-10-13,15271,34,79.5,5
571098,2011-10-13,17841,200,437.43,55
571099,2011-10-13,13911,542,143.28,4
571100,2011-10-13,16682,108,106.92,4
571101,2011-10-13,16570,361,709.63,27
571102,2011-10-13,16570,4,31.8,1
571103,2011-10-13,18160,147,319.51,20
571104,2011-10-13,18130,258,313.86,21
571105,2011-10-13,17614,238,390.07,100
571106,2011-10-13,14976,69,209.4,16
571107,2011-10-13,13858,75,216.17,11
571108,2011-10-13,14555,32,126.2,5
571109,2011-10-13,14976,2,6.5,1
571111,2011-10-13,14976,1,15.0,1
571117,2011-10-13,16224,318,429.42,30
571118,2011-10-14,16239,46,66.3,4
571120,2011-10-14,16950,307,400.15,15
571121,2011-10-14,18228,97,359.51,10
571122,2011-10-14,16566,48,38.4,2
571123,2011-10-14,14856,485,1003.27,50
571125,2011-10-14,16394,588,313.48,12
571129,2011-10-14,14156,353,406.84,19
571142,2011-10-14,14567,240,729.6,20
571158,2011-10-14,14606,112,115.27,24
571169,2011-10-14,16168,38,119.9,6
571178,2011-10-14,14089,134,161.0,14
571179,2011-10-14,15482,1,40.0,1
571180,2011-10-14,15498,326,1135.88999999999,34
571181,2011-10-14,15498,10,70.8,1
571182,2011-10-14,13115,8,15.6,1
571183,2011-10-14,14796,457,600.11,87
571184,2011-10-14,15478,288,826.83,24
571185,2011-10-14,13047,226,550.58,31
571187,2011-10-14,12380,229,450.86,23
571188,2011-10-14,12783,215,642.01,34
571189,2011-10-14,13213,882,556.7,39
571190,2011-10-14,17771,177,130.01,32
571191,2011-10-14,17404,1,15.0,1
571192,2011-10-14,13050,132,308.6,18
571193,2011-10-14,15484,264,394.16,14
571197,2011-10-14,16413,148,262.2,31
571199,2011-10-14,17949,300,108.0,1
571200,2011-10-14,14060,226,294.78,12
571201,2011-10-14,14937,240,649.92,20
571202,2011-10-14,14937,72,212.4,1
571203,2011-10-14,17677,650,1157.08,25
571204,2011-10-14,17677,6,59.6999999999999,1
571205,2011-10-14,15620,315,678.17,40
571212,2011-10-14,12856,308,603.439999999999,76
571213,2011-10-14,13995,173,306.03,19
571214,2011-10-14,14390,451,879.8,54
571215,2011-10-14,13810,179,653.5,20
571216,2011-10-14,16081,114,214.98,57
571217,2011-10-14,17451,333,470.55,27
571218,2011-10-14,17451,48,18.72,2
571219,2011-10-14,15601,680,781.14,50
571221,2011-10-14,16416,188,333.89,35
571223,2011-10-14,13810,1,599.5,1
571224,2011-10-14,13136,291,459.53,25
571225,2011-10-14,14397,98,179.859999999999,7
571226,2011-10-14,13006,55,81.57,4
571227,2011-10-14,12477,316,1288.78,32
571228,2011-10-14,15132,36,106.2,3
571229,2011-10-14,15453,146,189.859999999999,39
571230,2011-10-14,13717,180,301.539999999999,17
571231,2011-10-14,15856,690,992.0,26
571232,2011-10-14,17986,10,20.8,1
571234,2011-10-14,15856,112,47.04,2
571235,2011-10-14,15078,198,423.42,16
571236,2011-10-14,15078,12,30.5999999999999,1
571237,2011-10-14,15078,12,25.2,1
571238,2011-10-14,14290,72,250.52,12
571239,2011-10-14,12744,599,999.26,32
571240,2011-10-14,12562,234,513.6,28
571241,2011-10-14,14592,114,145.21,50
571242,2011-10-14,17809,1046,1835.6,17
571243,2011-10-14,14595,664,1091.29,68
571244,2011-10-14,17180,154,231.17,31
571245,2011-10-14,16839,206,350.219999999999,6
571246,2011-10-14,17750,326,142.04,11
571247,2011-10-14,15826,444,878.46,37
571248,2011-10-14,15826,31,55.85,3
571250,2011-10-14,17892,36,91.8,1
571255,2011-10-14,12454,1006,3528.34,15
571258,2011-10-14,17837,31,130.25,14
571259,2011-10-16,12901,360,306.0,1
571260,2011-10-16,16206,69,127.199999999999,8
571261,2011-10-16,12901,360,306.0,1
571263,2011-10-16,14910,98,214.41,15
571265,2011-10-16,16674,125,197.41,63
571266,2011-10-16,17769,133,437.86,31
571267,2011-10-16,17811,69,146.7,8
571268,2011-10-16,15351,101,269.96,17
571269,2011-10-16,16243,45,214.95,17
571270,2011-10-16,12940,316,552.27,80
571271,2011-10-16,15440,72,146.02,30
571272,2011-10-16,13878,475,1281.53,36
571273,2011-10-16,13034,253,476.909999999999,26
571274,2011-10-16,16934,364,809.98,52
571275,2011-10-16,15994,177,427.07,35
571276,2011-10-16,14702,157,360.41,50
571277,2011-10-16,16934,35,140.95,10
571278,2011-10-16,14780,100,114.88,8
571279,2011-10-16,16466,163,359.42,33
571280,2011-10-16,18122,202,442.88,65
571281,2011-10-16,14088,1624,8132.31,96
571282,2011-10-16,15545,88,157.39,50
571283,2011-10-16,16533,375,610.89,79
571284,2011-10-16,14562,146,405.02,47
571286,2011-10-16,14547,233,490.2,79
571288,2011-10-16,16052,282,362.06,34
571289,2011-10-16,15113,1412,2242.69,75
571290,2011-10-16,17183,311,739.37,26
571291,2011-10-16,13610,108,237.43,37
571292,2011-10-16,15311,128,273.99,41
571293,2011-10-16,13956,55,189.65,19
571294,2011-10-16,16987,115,369.27,35
571295,2011-10-16,14741,117,303.43,13
571296,2011-10-16,13760,101,151.7,29
571297,2011-10-16,16987,1,12.75,1
571298,2011-10-17,15769,1300,2327.0,6
571299,2011-10-17,13798,200,358.0,2
571300,2011-10-17,14262,182,214.45,12
571301,2011-10-17,15218,186,303.3,4
571302,2011-10-17,12989,246,482.4,2
571303,2011-10-17,13875,311,361.99,23
571304,2011-10-17,12526,226,519.28,29
571306,2011-10-17,16701,658,720.56,17
571307,2011-10-17,14443,272,428.68,28
571308,2011-10-17,12475,535,723.38,36
571309,2011-10-17,13685,13,5.93,13
571310,2011-10-17,13394,463,371.73,25
571311,2011-10-17,17402,38,151.5,2
571312,2011-10-17,12474,480,572.23,36
571313,2011-10-17,14156,668,728.24,5
571314,2011-10-17,14156,456,894.64,9
571315,2011-10-17,16542,46,119.62,5
571317,2011-10-17,17377,207,358.68,43
571318,2011-10-17,17404,5952,5296.96,30
571322,2011-10-17,13534,208,451.6,19
571323,2011-10-17,13534,203,383.55,18
571324,2011-10-17,12783,1,283.02,1
571326,2011-10-17,12783,1,339.02,1
571328,2011-10-17,12473,1557,1697.98,99
571352,2011-10-17,18042,33,165.049999999999,7
571360,2011-10-17,16563,486,1077.74,19
571372,2011-10-17,17201,268,342.63,40
571377,2011-10-17,14911,66,292.0,15
571404,2011-10-17,17520,365,546.81,30
571405,2011-10-17,13871,12,45.0,2
571406,2011-10-17,13871,202,357.68,22
571407,2011-10-17,13750,85,330.63,5
571408,2011-10-17,15012,145,231.98,74
571409,2011-10-17,14911,599,964.22,55
571410,2011-10-17,17527,49,151.15,8
571411,2011-10-17,17858,131,469.55,27
571412,2011-10-17,17734,79,160.42,10
571413,2011-10-17,13923,185,351.13,20
571418,2011-10-17,16412,73,151.83,35
571425,2011-10-17,14911,224,690.34,39
571426,2011-10-17,15179,222,188.55,13
571427,2011-10-17,17205,884,384.08,13
571428,2011-10-17,17534,103,223.36,9
571429,2011-10-17,15335,80,173.97,36
571430,2011-10-17,13090,74,331.9,5
571431,2011-10-17,13881,340,791.0,2
571432,2011-10-17,16737,288,417.599999999999,1
571433,2011-10-17,13015,912,1583.24,88
571434,2011-10-17,13069,244,110.53,12
571435,2011-10-17,14211,377,546.23,24
571436,2011-10-17,16076,62,127.5,5
571437,2011-10-17,13069,7,14.56,3
571438,2011-10-17,15066,317,893.59,42
571439,2011-10-17,17206,76,204.24,7
571441,2011-10-17,14096,995,4050.61,364
571442,2011-10-17,17049,654,1283.96,89
571443,2011-10-17,17785,67,131.94,13
571444,2011-10-17,18179,227,469.43,26
571445,2011-10-17,12463,199,358.99,22
571446,2011-10-17,14911,572,1761.24,16
571447,2011-10-17,14911,36,118.44,1
571456,2011-10-17,16729,322,493.05,53
571457,2011-10-17,12963,84,105.22,7
571461,2011-10-17,16932,87,161.94,53
571462,2011-10-17,16363,52,109.36,5
571463,2011-10-17,16463,377,491.28,22
571464,2011-10-17,14805,41,144.65,11
571465,2011-10-17,14830,169,197.13,40
571474,2011-10-17,16389,773,303.36,11
571475,2011-10-17,15033,250,344.38,89
571476,2011-10-17,13546,106,230.12,33
571477,2011-10-17,12794,365,543.41,25
571486,2011-10-17,17612,467,365.51,27
571496,2011-10-17,13265,400,305.36,16
571497,2011-10-17,14841,280,540.4,17
571498,2011-10-17,17841,239,413.99,85
571502,2011-10-17,14422,593,1232.95,65
571504,2011-10-17,16133,202,301.08,6
571505,2011-10-17,17244,616,954.9,31
571506,2011-10-17,15355,21,126.25,8
571509,2011-10-17,13110,51,204.7,23
571510,2011-10-17,18241,70,131.18,6
571511,2011-10-17,15598,160,240.68,14
571544,2011-10-17,17757,200,225.6,55
571546,2011-10-17,17920,69,251.88,10
571547,2011-10-18,17679,51,348.91,4
571548,2011-10-18,15505,792,880.58,29
571549,2011-10-18,13536,302,369.74,16
571550,2011-10-18,13892,420,176.04,2
571551,2011-10-18,15637,128,223.36,15
571552,2011-10-18,16848,182,281.42,14
571553,2011-10-18,17317,504,534.24,1
571555,2011-10-18,16458,106,183.9,10
571556,2011-10-18,12662,297,521.62,31
571557,2011-10-18,15678,184,352.7,12
571558,2011-10-18,17730,220,346.08,11
571559,2011-10-18,14911,283,808.15,28
571560,2011-10-18,14897,170,400.919999999999,20
571561,2011-10-18,14015,378,917.34,20
571562,2011-10-18,14156,342,704.02,23
571563,2011-10-18,16249,188,359.3,20
571564,2011-10-18,16019,218,417.29,24
571565,2011-10-18,12720,82,163.1,9
571566,2011-10-18,13594,359,396.97,26
571594,2011-10-18,15971,240,708.0,1
571595,2011-10-18,15971,230,701.0,5
571601,2011-10-18,17073,96,325.53,28
571610,2011-10-18,13953,400,500.0,1
571622,2011-10-18,14798,46,76.34,4
571628,2011-10-18,15311,44,131.4,9
571629,2011-10-18,13362,289,756.11,39
571636,2011-10-18,13509,172,176.6,8
571638,2011-10-18,15327,116,208.75,10
571640,2011-10-18,17203,1201,1283.27,21
571641,2011-10-18,17135,369,205.06,14
571642,2011-10-18,17203,15,17.65,4
571653,2011-10-18,14298,5918,5355.68,202
571654,2011-10-18,18118,68,137.53,45
571655,2011-10-18,14688,112,283.33,10
571656,2011-10-18,16393,142,354.36,35
571657,2011-10-18,13835,105,205.57,15
571658,2011-10-18,12621,346,630.55,22
571660,2011-10-18,16191,490,539.18,38
571662,2011-10-18,14861,117,125.79,6
571663,2011-10-18,17262,40,298.0,2
571664,2011-10-18,17090,144,302.4,2
571665,2011-10-18,12540,724,1019.47,41
571666,2011-10-18,16422,560,722.76,8
571667,2011-10-18,14554,228,351.83,52
571668,2011-10-18,16515,138,376.78,17
571669,2011-10-18,17758,451,650.76,61
571670,2011-10-18,12611,846,1193.32,65
571671,2011-10-18,16940,933,1181.52,119
571672,2011-10-18,13880,154,322.1,14
571673,2011-10-18,13991,300,199.959999999999,11
571675,2011-10-18,13700,148,305.76,9
571676,2011-10-18,16910,128,268.77,91
571677,2011-10-18,13637,55,125.65,8
571679,2011-10-18,14159,161,178.97,48
571681,2011-10-18,16734,237,344.35,20
571682,2011-10-18,14179,221,551.68,125
571683,2011-10-18,15140,108,301.4,12
571684,2011-10-18,16730,244,262.17,45
571685,2011-10-18,12863,188,521.2,5
571690,2011-10-18,14191,279,329.97,21
571691,2011-10-18,13860,80,184.64,11
571692,2011-10-18,13860,7,27.29,2
571693,2011-10-18,14776,440,330.24,16
571694,2011-10-18,13308,160,284.68,11
571696,2011-10-18,15604,159,216.39,17
571697,2011-10-18,12759,272,448.92,29
571698,2011-10-18,13805,1172,424.36,7
571701,2011-10-18,14639,632,948.16,55
571702,2011-10-18,14639,10,47.1,2
571705,2011-10-18,12360,491,1043.78,54
571706,2011-10-18,15144,152,206.6,8
571708,2011-10-18,12955,280,269.76,12
571709,2011-10-18,16463,228,308.74,19
571710,2011-10-18,13032,200,513.88,27
571712,2011-10-18,14056,297,611.98,66
571715,2011-10-18,17576,165,317.0,43
571717,2011-10-18,14381,146,202.68,56
571724,2011-10-19,12572,293,532.74,36
571725,2011-10-19,13491,91,127.37,8
571726,2011-10-19,16191,546,927.4,27
571728,2011-10-19,16123,170,307.78,16
571729,2011-10-19,12500,577,617.04,5
571730,2011-10-19,16851,83,111.09,7
571732,2011-10-19,16298,84,239.24,13
571733,2011-10-19,16187,259,312.89,14
571734,2011-10-19,17148,82,124.88,9
571735,2011-10-19,14229,307,785.069999999999,14
571736,2011-10-19,17549,60,28.2,2
571737,2011-10-19,14367,370,764.74,35
571738,2011-10-19,13089,360,311.76,2
571739,2011-10-19,12500,1,3.0,1
571740,2011-10-19,17973,176,337.04,15
571741,2011-10-19,15610,66,112.46,6
571742,2011-10-19,12971,74,47.62,3
571743,2011-10-19,15853,135,110.8,30
571744,2011-10-19,14434,72,169.2,2
571745,2011-10-19,14911,711,1588.75,58
571746,2011-10-19,17043,395,768.85,44
571747,2011-10-19,13849,684,944.37,63
571748,2011-10-19,18077,134,212.72,18
571749,2011-10-19,17934,68,65.8,2
571751,2011-10-19,12744,2,6068.05999999999,2
571779,2011-10-19,12748,261,318.3,37
571793,2011-10-19,16621,115,204.07,7
571809,2011-10-19,15039,49,127.4,21
571824,2011-10-19,12472,923,1376.43,80
571828,2011-10-19,16440,542,1103.36,75
571829,2011-10-19,16131,534,1177.64,23
571830,2011-10-19,16131,24,50.4,1
571831,2011-10-19,16979,292,343.94,13
571836,2011-10-19,18019,7,38.45,5
571837,2011-10-19,16470,173,223.26,75
571839,2011-10-19,14107,187,241.29,8
571840,2011-10-19,13590,404,552.4,21
571841,2011-10-19,17625,151,384.42,59
571842,2011-10-19,16684,236,684.199999999999,4
571843,2011-10-19,16684,432,449.28,3
571844,2011-10-19,17101,201,669.15,15
571845,2011-10-19,16869,209,304.72,42
571846,2011-10-19,17841,488,535.75,94
571847,2011-10-19,15220,256,494.91,29
571848,2011-10-19,13576,132,283.89,19
571849,2011-10-19,12841,192,191.12,10
571850,2011-10-19,14698,216,498.04,59
571851,2011-10-19,12596,318,348.32,12
571852,2011-10-19,14273,68,109.92,6
571853,2011-10-19,14306,158,390.38,7
571857,2011-10-19,15468,153,447.61,23
571863,2011-10-19,15468,2,19.9,1
571864,2011-10-19,12731,566,2503.74,16
571883,2011-10-19,14704,566,615.07,158
571890,2011-10-19,16826,158,341.7,22
571892,2011-10-19,13089,143,431.2,15
571895,2011-10-19,17824,408,298.4,13
571898,2011-10-19,13247,78,85.8,6
571899,2011-10-19,16885,45,127.1,31
571900,2011-10-19,13263,1,15.0,1
571901,2011-10-19,12757,5,149.75,2
571903,2011-10-19,15754,53,155.15,9
571904,2011-10-19,12522,129,89.4,6
571905,2011-10-19,12370,380,739.28,28
571906,2011-10-19,14297,3,14.85,1
571908,2011-10-19,15803,290,415.82,8
571909,2011-10-19,15006,302,502.09,144
571911,2011-10-19,17562,46,103.8,5
571912,2011-10-19,17512,407,581.41,25
571913,2011-10-19,18210,623,1258.37,70
571914,2011-10-19,14776,440,330.24,16
571916,2011-10-19,14776,24,15.6,1
571917,2011-10-19,13078,269,318.8,6
571918,2011-10-19,17350,240,156.24,24
571920,2011-10-19,14799,146,157.7,13
571923,2011-10-19,12685,167,289.22,19
571926,2011-10-19,16722,254,450.37,17
571933,2011-10-20,13199,72,76.32,1
571934,2011-10-20,16170,287,324.39,23
571935,2011-10-20,13890,31,103.85,5
571936,2011-10-20,15814,554,599.42,24
571937,2011-10-20,14911,4462,2856.14,84
571938,2011-10-20,13669,224,170.399999999999,6
571939,2011-10-20,16260,311,1035.45,18
571940,2011-10-20,15301,450,603.76,38
571941,2011-10-20,14261,19,219.7,7
571942,2011-10-20,17434,210,327.93,21
571943,2011-10-20,14638,166,443.6,16
571944,2011-10-20,13755,409,297.85,21
571945,2011-10-20,17354,1006,1393.06,16
571965,2011-10-20,17238,165,286.28,51
571987,2011-10-20,17007,251,314.49,19
572021,2011-10-20,15664,157,386.43,17
572023,2011-10-20,17764,247,556.85,56
572024,2011-10-20,14631,270,376.9,16
572025,2011-10-20,17651,243,333.01,22
572026,2011-10-20,13245,125,430.5,16
572028,2011-10-20,15296,491,1073.37,52
572030,2011-10-20,14923,418,749.1,44
572031,2011-10-20,14866,312,294.72,3
572032,2011-10-20,14214,32,55.42,4
572033,2011-10-20,14447,118,247.94,15
572034,2011-10-20,14447,14,23.5,2
572035,2011-10-20,14646,13392,20277.92,125
572036,2011-10-20,18149,30,62.4,2
572037,2011-10-20,17365,709,877.71,76
572045,2011-10-20,14527,47,181.95,26
572047,2011-10-20,16474,161,339.1,54
572048,2011-10-20,14477,240,441.2,4
572049,2011-10-20,17243,161,414.21,20
572050,2011-10-20,17346,76,224.37,30
572051,2011-10-20,14646,3020,4311.48,20
572052,2011-10-20,14646,1728,1244.15999999999,1
572053,2011-10-20,14495,40,83.2,4
572054,2011-10-20,12642,108,291.96,11
572055,2011-10-20,17346,69,252.14,40
572056,2011-10-20,17402,1,35.0,1
572057,2011-10-20,16593,31,74.53,6
572058,2011-10-20,18252,221,456.77,95
572060,2011-10-20,12569,49,85.6799999999999,5
572061,2011-10-20,12474,554,740.41,45
572062,2011-10-20,16177,95,331.95,15
572063,2011-10-20,14606,68,112.24,32
572064,2011-10-20,15159,2,39.9,1
572065,2011-10-20,12556,192,290.81,54
572066,2011-10-20,15159,1642,3091.98,100
572067,2011-10-20,16099,72,139.8,7
572068,2011-10-20,13159,179,303.7,21
572069,2011-10-20,14911,491,765.21,43
572070,2011-10-20,15587,36,111.96,2
572071,2011-10-20,13366,144,56.16,1
572073,2011-10-20,13263,169,178.32,39
572074,2011-10-20,16284,246,399.4,52
572075,2011-10-20,16846,135,214.32,11
572076,2011-10-20,13761,418,578.939999999999,38
572077,2011-10-20,15807,48,251.8,7
572078,2011-10-20,15807,2,16.5,1
572079,2011-10-20,14484,210,321.92,14
572080,2011-10-20,16592,12,25.2,1
572081,2011-10-20,16592,164,203.96,13
572082,2011-10-20,17672,1047,2000.33,69
572085,2011-10-20,14427,20,41.6,1
572086,2011-10-20,13897,200,311.16,17
572087,2011-10-20,12683,530,1056.9,39
572088,2011-10-20,14585,91,157.05,29
572089,2011-10-20,15565,32,84.36,4
572090,2011-10-20,13573,293,262.63,23
572091,2011-10-20,15129,173,650.67,10
572092,2011-10-20,17125,291,259.35,40
572093,2011-10-20,15121,74,162.57,10
572094,2011-10-20,17420,96,207.32,9
572095,2011-10-20,15511,39,119.25,27
572096,2011-10-20,16813,189,244.55,49
572098,2011-10-20,15117,294,526.3,33
572100,2011-10-20,16705,12,143.399999999999,2
572101,2011-10-20,16705,102,302.58,8
572103,2011-10-20,17571,419,937.31,223
572104,2011-10-20,15469,25,234.25,8
572105,2011-10-20,15187,24,306.0,1
572106,2011-10-20,15058,137,200.83,14
572107,2011-10-20,15836,26,137.37,10
572108,2011-10-20,15814,253,521.53,14
572121,2011-10-20,17092,524,788.11,48
572122,2011-10-21,15969,48,222.4,6
572123,2011-10-21,14646,1780,2314.48,16
572124,2011-10-21,14156,414,773.94,9
572125,2011-10-21,16156,106,284.98,10
572126,2011-10-21,16313,66,167.62,10
572127,2011-10-21,14911,487,906.09,44
572128,2011-10-21,15782,76,526.0,13
572129,2011-10-21,17528,178,547.34,23
572130,2011-10-21,13460,197,107.46,11
572131,2011-10-21,13917,190,206.66,13
572132,2011-10-21,13725,82,114.86,9
572133,2011-10-21,12407,179,300.76,13
572134,2011-10-21,12500,201,1096.65,11
572139,2011-10-21,18241,20,54.6,2
572182,2011-10-21,13588,436,425.38,31
572183,2011-10-21,16153,543,800.69,33
572184,2011-10-21,12403,96,427.7,5
572186,2011-10-21,16497,607,1414.99,49
572188,2011-10-21,14967,140,463.8,6
572189,2011-10-21,15286,55,240.55,3
572191,2011-10-21,17377,28,112.18,7
572192,2011-10-21,18118,145,312.79,73
572193,2011-10-21,15061,3176,3648.6,11
572194,2011-10-21,17832,208,155.37,61
572195,2011-10-21,14562,68,211.78,13
572196,2011-10-21,18102,2782,7398.54,16
572197,2011-10-21,18102,28,89.28,2
572203,2011-10-21,17068,176,307.32,23
572209,2011-10-21,18102,1920,22206.0,7
572210,2011-10-21,13755,52,124.8,6
572211,2011-10-21,13429,240,196.68,12
572212,2011-10-21,13918,1040,1014.64,22
572213,2011-10-21,15358,334,402.58,26
572214,2011-10-21,16918,18,37.8,2
572215,2011-10-21,12646,489,731.689999999999,24
572216,2011-10-21,16015,393,300.77,81
572217,2011-10-21,15311,115,97.25,16
572218,2011-10-21,16311,215,401.55,23
572219,2011-10-21,17463,244,452.46,76
572220,2011-10-21,17800,106,155.11,15
572221,2011-10-21,17086,129,229.41,12
572222,2011-10-21,17940,600,192.0,1
572224,2011-10-21,16558,729,1256.69,44
572225,2011-10-21,13157,651,868.02,44
572227,2011-10-21,15051,536,768.189999999999,75
572229,2011-10-21,14329,574,1161.36,49
572230,2011-10-21,15740,152,154.88,9
572231,2011-10-21,13974,249,413.59,28
572232,2011-10-21,16293,160,303.58,12
572233,2011-10-21,14646,667,930.12,8
572234,2011-10-21,16293,22,65.75,3
572235,2011-10-21,16293,22,82.5,3
572236,2011-10-21,14646,29,81.02,13
572237,2011-10-21,15152,204,310.219999999999,18
572238,2011-10-21,15819,218,319.98,22
572240,2011-10-21,13709,634,1097.24,42
572241,2011-10-21,12712,69,250.4,10
572242,2011-10-21,15677,319,657.23,33
572243,2011-10-21,17361,94,224.28,12
572244,2011-10-21,14233,270,503.62,15
572272,2011-10-21,13171,60,132.54,13
572274,2011-10-21,14031,158,660.5,23
572277,2011-10-23,16768,108,191.6,11
572278,2011-10-23,16326,38,211.1,17
572279,2011-10-23,16066,52,176.7,19
572280,2011-10-23,16007,212,216.75,62
572281,2011-10-23,17211,174,419.33,29
572282,2011-10-23,17634,84,147.86,31
572283,2011-10-23,15000,218,490.52,77
572284,2011-10-23,16744,213,280.2,50
572285,2011-10-23,14698,79,119.73,20
572286,2011-10-23,16434,147,196.93,19
572287,2011-10-23,15584,123,288.37,39
572288,2011-10-23,17377,100,204.07,21
572289,2011-10-23,13782,58,111.5,21
572290,2011-10-23,14800,310,391.86,35
572291,2011-10-23,16931,174,300.28,50
572292,2011-10-23,16017,102,211.88,32
572293,2011-10-23,12748,1,50.0,1
572294,2011-10-23,13471,587,941.67,83
572295,2011-10-23,16686,350,583.12,129
572296,2011-10-23,13598,58,180.17,40
572297,2011-10-23,15953,55,161.81,8
572298,2011-10-23,14071,17,167.95,12
572300,2011-10-23,18005,49,139.97,23
572301,2011-10-23,16794,56,111.81,34
572302,2011-10-23,15427,302,371.03,85
572303,2011-10-23,18109,62,314.6,18
572304,2011-10-23,17131,254,445.92,23
572305,2011-10-23,17131,11,46.75,9
572306,2011-10-23,17841,321,511.05,105
572307,2011-10-23,16905,529,1205.81,61
572308,2011-10-23,12748,38,54.51,21
572309,2011-10-23,14432,718,718.78,150
572310,2011-10-23,12748,8,20.08,5
572311,2011-10-23,14035,172,290.44,28
572312,2011-10-23,15022,237,353.23,51
572313,2011-10-23,14731,74,129.0,15
572314,2011-10-23,17111,302,248.61,30
572315,2011-10-23,14504,45,130.55,11
572316,2011-10-23,17836,88,110.21,24
572317,2011-10-23,14629,215,604.83,84
572318,2011-10-23,15436,227,370.27,107
572319,2011-10-23,14704,105,118.31,34
572320,2011-10-24,16325,74,178.22,5
572321,2011-10-24,15592,354,388.58,24
572322,2011-10-24,13138,58,143.8,8
572323,2011-10-24,14312,532,564.4,29
572324,2011-10-24,14607,2344,2949.27999999999,9
572325,2011-10-24,14607,600,1044.0,1
572326,2011-10-24,14607,1416,2199.12,18
572327,2011-10-24,15277,205,255.899999999999,12
572328,2011-10-24,13104,72,180.0,3
572329,2011-10-24,14019,484,621.079999999999,24
572330,2011-10-24,16426,125,244.45,73
572331,2011-10-24,16491,478,731.5,39
572332,2011-10-24,17186,100,72.0,1
572333,2011-10-24,13704,143,219.33,15
572335,2011-10-24,14493,172,399.5,20
572336,2011-10-24,13523,396,616.8,23
572337,2011-10-24,14607,1100,1434.0,11
572338,2011-10-24,15380,50,300.4,6
572339,2011-10-24,14607,316,765.12,7
572340,2011-10-24,14607,1872,967.68,5
572342,2011-10-24,14607,472,1048.0,4
572344,2011-10-24,14607,744,1116.0,7
572348,2011-10-24,15482,264,360.0,7
572350,2011-10-24,15516,18,47.4,13
572351,2011-10-24,15516,6,6.36,1
572352,2011-10-24,16814,85,130.65,7
572353,2011-10-24,15215,126,381.0,16
572354,2011-10-24,15215,7,53.9,3
572380,2011-10-24,16019,322,416.7,29
572392,2011-10-24,14764,190,278.3,6
572399,2011-10-24,15628,268,321.5,16
572423,2011-10-24,16742,1,464.9,1
572442,2011-10-24,12546,158,401.3,24
572443,2011-10-24,14145,180,891.0,3
572447,2011-10-24,17811,200,402.75,24
572451,2011-10-24,12921,470,792.76,31
572452,2011-10-24,12921,262,354.979999999999,19
572453,2011-10-24,12921,55,180.329999999999,9
572454,2011-10-24,13808,90,156.1,10
572457,2011-10-24,12594,289,722.4,24
572458,2011-10-24,15142,365,498.74,26
572459,2011-10-24,14911,221,646.02,16
572460,2011-10-24,17001,208,430.8,18
572461,2011-10-24,17344,66,160.57,32
572462,2011-10-24,18240,126,422.58,6
572464,2011-10-24,17081,25,111.9,23
572465,2011-10-24,14474,140,547.66,29
572466,2011-10-24,14997,196,112.52,5
572472,2011-10-24,14139,510,415.82,26
572474,2011-10-24,17423,145,248.99,15
572475,2011-10-24,15271,179,364.14,89
572483,2011-10-24,16444,70,113.27,14
572484,2011-10-24,17220,138,283.76,41
572487,2011-10-24,15801,34,56.75,5
572490,2011-10-24,14467,91,180.27,26
572499,2011-10-24,15786,1020,1687.46,97
572504,2011-10-24,15786,34,83.9,4
572509,2011-10-24,17004,217,406.54,18
572511,2011-10-24,14895,141,454.2,20
572512,2011-10-24,15806,189,262.7,8
572513,2011-10-24,16728,356,504.67,126
572517,2011-10-24,15068,234,313.4,65
572518,2011-10-24,16353,48,237.6,1
572519,2011-10-24,15046,175,216.29,8
572520,2011-10-24,13165,880,666.84,29
572521,2011-10-24,15844,134,130.739999999999,11
572528,2011-10-24,13176,453,492.84,72
572541,2011-10-24,17315,65,138.01,16
572542,2011-10-24,17272,569,698.39,34
572544,2011-10-24,16023,131,219.12,36
572545,2011-10-24,17450,792,1896.72,4
572552,2011-10-24,14096,843,3472.42,352
572555,2011-10-24,17317,36,38.16,1
572558,2011-10-25,14286,835,642.77,47
572559,2011-10-25,12476,292,448.88,23
572560,2011-10-25,12476,136,648.28,11
572561,2011-10-25,13652,288,456.84,25
572562,2011-10-25,13481,281,443.23,27
572563,2011-10-25,12928,216,334.0,19
572565,2011-10-25,16762,193,573.45,21
572566,2011-10-25,13050,482,306.17,22
572567,2011-10-25,12398,1394,1635.65999999999,85
572568,2011-10-25,14001,330,733.94,15
572569,2011-10-25,17870,233,200.55,31
572612,2011-10-25,16186,98,231.4,11
572613,2011-10-25,15345,81,393.54,20
572616,2011-10-25,18147,123,80.46,3
572617,2011-10-25,18272,331,604.25,29
572650,2011-10-25,15506,227,305.06,39
572651,2011-10-25,17350,403,734.85,37
572652,2011-10-25,15805,743,1062.43,66
572653,2011-10-25,15861,469,563.74,105
572654,2011-10-25,15805,24,45.48,2
572655,2011-10-25,16708,285,656.63,27
572656,2011-10-25,14607,288,432.0,1
572657,2011-10-25,15615,166,381.1,12
572658,2011-10-25,17690,91,307.19,19
572660,2011-10-25,14527,50,232.71,21
572661,2011-10-25,17193,946,760.74,13
572662,2011-10-25,15443,295,622.689999999999,76
572663,2011-10-25,12748,42,60.44,14
572664,2011-10-25,16401,232,306.3,13
572666,2011-10-25,15134,228,166.92,9
572667,2011-10-25,15963,172,280.04,18
572668,2011-10-25,18045,142,189.4,47
572669,2011-10-25,16549,376,479.4,130
572670,2011-10-25,13685,1524,594.36,2
572671,2011-10-25,13340,338,909.26,12
572672,2011-10-25,13340,284,597.68,10
572673,2011-10-25,13309,350,293.77,19
572674,2011-10-25,14173,31,129.77,12
572675,2011-10-25,17917,56,110.82,29
572676,2011-10-25,16258,649,1462.45,46
572677,2011-10-25,17596,242,182.02,44
572678,2011-10-25,13182,201,121.18,11
572679,2011-10-25,17024,24,39.5999999999999,1
572681,2011-10-25,13510,389,551.89,33
572682,2011-10-25,17928,94,134.28,6
572683,2011-10-25,15158,198,401.4,7
572688,2011-10-25,13028,380,355.94,24
572695,2011-10-25,12610,251,435.09,24
572696,2011-10-25,17857,1001,3640.0,4
572703,2011-10-25,16110,380,643.55,154
572718,2011-10-25,15656,141,184.87,12
572719,2011-10-25,13871,376,855.17,44
572720,2011-10-25,13978,297,158.99,14
572721,2011-10-25,16201,414,479.03,31
572726,2011-10-25,16056,347,664.85,68
572732,2011-10-25,18079,2017,964.99,53
572733,2011-10-25,18079,340,480.8,5
572734,2011-10-25,13694,1389,1632.63,15
572735,2011-10-25,15630,520,789.49,39
572737,2011-10-25,13384,174,298.26,13
572738,2011-10-25,14234,120,82.56,6
572741,2011-10-25,14341,520,797.2,48
572742,2011-10-25,14341,174,245.56,15
572743,2011-10-25,14482,498,613.98,41
572744,2011-10-25,14085,247,260.79,23
572745,2011-10-25,14085,5,29.75,1
572746,2011-10-25,13263,126,203.44,50
572751,2011-10-25,17449,209,391.0,27
572752,2011-10-25,17449,58,206.62,13
572753,2011-10-25,15856,231,292.25,22
572755,2011-10-25,13601,273,320.12,57
572756,2011-10-25,15482,384,360.0,7
572760,2011-10-26,16225,42,142.68,5
572762,2011-10-26,15240,380,324.02,20
572763,2011-10-26,12812,164,229.64,15
572764,2011-10-26,15110,59,303.85,8
572765,2011-10-26,16013,672,2251.2,3
572766,2011-10-26,16013,746,1603.06,11
572767,2011-10-26,17865,446,702.86,22
572768,2011-10-26,17865,146,177.64,3
572769,2011-10-26,14051,218,959.7,11
572770,2011-10-26,12371,9,360.0,1
572771,2011-10-26,16173,139,262.57,15
572772,2011-10-26,17511,1167,1820.89,16
572773,2011-10-26,17511,48,78.72,4
572774,2011-10-26,16966,1,3.25,1
572775,2011-10-26,13126,147,344.22,19
572792,2011-10-26,15516,3,8.67,1
572810,2011-10-26,13644,483,446.73,27
572811,2011-10-26,16071,180,326.24,21
572812,2011-10-26,15089,29,146.65,9
572830,2011-10-26,16208,90,166.67,26
572832,2011-10-26,16454,1,1.0,1
572833,2011-10-26,12748,15,30.82,8
572834,2011-10-26,12748,33,64.32,13
572835,2011-10-26,17428,321,615.4,6
572836,2011-10-26,15568,112,194.21,16
572837,2011-10-26,14754,313,409.78,26
572838,2011-10-26,14539,53,72.13,7
572843,2011-10-26,14315,332,930.98,33
572845,2011-10-26,16013,960,864.0,1
572846,2011-10-26,14550,207,340.79,26
572847,2011-10-26,14606,55,115.15,29
572848,2011-10-26,16188,137,226.83,15
572851,2011-10-26,16013,198,476.1,2
572852,2011-10-26,12879,168,65.52,3
572853,2011-10-26,17712,215,522.91,29
572854,2011-10-26,14096,120,367.74,14
572856,2011-10-26,18118,69,106.14,15
572857,2011-10-26,16701,72,128.88,1
572858,2011-10-26,13571,144,136.63,31
572859,2011-10-26,16418,114,306.909999999999,51
572860,2011-10-26,17470,400,308.6,20
572861,2011-10-26,14102,263,421.099999999999,36
572862,2011-10-26,16750,46,114.74,31
572863,2011-10-26,17841,170,219.66,16
572865,2011-10-26,17841,164,185.11,44
572866,2011-10-26,15005,109,184.01,32
572867,2011-10-26,14598,189,221.97,50
572868,2011-10-26,17564,43,124.34,12
572869,2011-10-26,12798,960,1718.4,1
572870,2011-10-26,13408,100,309.76,5
572871,2011-10-26,13408,253,327.98,7
572872,2011-10-26,15320,326,267.13,36
572873,2011-10-26,12820,244,343.76,22
572874,2011-10-26,13408,162,397.02,9
572875,2011-10-26,17706,12,20.04,1
572876,2011-10-26,17109,99,109.17,6
572877,2011-10-26,17706,24,244.38,3
572878,2011-10-26,16029,260,431.6,3
572879,2011-10-26,13408,36,118.44,1
572880,2011-10-26,16415,187,210.35,54
572881,2011-10-26,12748,1502,907.0,7
572882,2011-10-26,18226,294,492.5,34
572884,2011-10-26,13924,130,309.9,17
572885,2011-10-26,15311,213,423.81,32
572886,2011-10-26,12448,243,449.45,22
572887,2011-10-26,12362,213,786.95,33
572888,2011-10-26,13694,216,605.52,3
572889,2011-10-26,12748,157,185.35,29
572892,2011-10-26,17017,180,326.039999999999,5
572893,2011-10-26,18059,107,95.78,8
572894,2011-10-26,12569,5,52.0,3
572895,2011-10-26,12569,19,67.74,4
572896,2011-10-26,12456,560,915.64,39
572899,2011-10-26,13435,174,558.6,14
572900,2011-10-26,13107,100,124.2,3
572901,2011-10-26,16332,70,132.67,19
572902,2011-10-26,14866,600,679.56,5
572903,2011-10-26,17974,114,135.55,34
572904,2011-10-26,17175,222,311.06,7
572905,2011-10-26,14690,85,154.99,21
572906,2011-10-26,17557,45,150.8,6
572907,2011-10-26,12827,117,217.75,15
572908,2011-10-26,15835,106,278.58,15
572909,2011-10-26,15821,108,316.78,28
572910,2011-10-26,15990,272,390.74,29
572911,2011-10-26,16345,289,575.41,38
572912,2011-10-26,16915,31,129.61,18
572913,2011-10-26,15993,678,863.89,178
572914,2011-10-26,12948,68,127.68,5
572918,2011-10-26,14379,164,237.12,29
572921,2011-10-26,15993,243,421.59,61
572922,2011-10-26,17895,130,98.0,16
572923,2011-10-27,15948,439,644.24,40
572924,2011-10-27,13416,94,437.5,8
572925,2011-10-27,12523,136,228.22,14
572926,2011-10-27,15659,111,306.45,11
572928,2011-10-27,14623,22,118.2,6
572929,2011-10-27,16626,8,13.2,2
572930,2011-10-27,17613,237,371.87,12
572931,2011-10-27,17613,47,109.25,5
572932,2011-10-27,15791,173,389.45,21
572933,2011-10-27,13458,270,495.86,26
572934,2011-10-27,12610,4,160.0,1
572935,2011-10-27,14189,446,467.5,26
572946,2011-10-27,13988,286,500.21,27
572960,2011-10-27,18154,153,220.489999999999,11
572964,2011-10-27,12630,284,701.79,35
572969,2011-10-27,13363,443,603.82,39
572986,2011-10-27,12681,300,490.19,23
572990,2011-10-27,18276,186,335.86,14
572992,2011-10-27,12681,50,121.92,2
572994,2011-10-27,17684,145,239.41,15
572997,2011-10-27,17878,401,379.45,26
572998,2011-10-27,14560,36,53.64,1
572999,2011-10-27,14560,21,95.23,4
573000,2011-10-27,14752,260,389.64,5
573001,2011-10-27,12841,120,122.62,18
573002,2011-10-27,14646,3069,4534.22,25
573003,2011-10-27,14646,2400,4992.0,1
573004,2011-10-27,14646,300,469.0,2
573005,2011-10-27,17414,720,180.0,1
573006,2011-10-27,16232,112,265.84,6
573007,2011-10-27,16009,122,388.76,20
573008,2011-10-27,12901,4936,1146.96,12
573019,2011-10-27,15145,190,312.34,18
573020,2011-10-27,14842,455,923.17,55
573022,2011-10-27,16011,102,245.3,11
573023,2011-10-27,13882,383,490.55,22
573026,2011-10-27,17459,310,356.91,35
573027,2011-10-27,18225,250,533.18,14
573028,2011-10-27,16847,78,193.44,12
573029,2011-10-27,14971,286,616.36,105
573032,2011-10-27,18211,101,130.67,17
573033,2011-10-27,14099,161,217.27,16
573035,2011-10-27,12433,1114,1498.66,58
573036,2011-10-27,12437,78,263.46,11
573038,2011-10-27,17545,214,344.14,89
573066,2011-10-27,16026,243,236.09,32
573068,2011-10-27,17545,71,122.68,24
573069,2011-10-27,18077,73,158.15,10
573070,2011-10-27,13263,90,135.3,37
573074,2011-10-27,16265,321,595.08,31
573075,2011-10-27,17545,56,179.14,32
573076,2011-10-27,13488,576,878.98,54
573077,2011-10-27,12536,1,4161.06,1
573078,2011-10-27,12839,242,387.8,23
573080,2011-10-27,12536,1,4161.06,1
573082,2011-10-27,17173,74,281.1,4
573083,2011-10-27,13735,245,991.56,69
573085,2011-10-27,14441,150,709.79,19
573093,2011-10-27,18283,63,114.65,40
573094,2011-10-27,15707,130,282.63,53
573095,2011-10-27,14239,90,161.46,7
573096,2011-10-27,14004,495,813.15,34
573100,2011-10-27,17528,206,389.96,23
573102,2011-10-27,13266,268,382.34,20
573103,2011-10-27,16513,21,108.45,2
573104,2011-10-27,17652,277,353.39,13
573106,2011-10-27,12626,137,216.96,13
573108,2011-10-27,12430,117,256.4,11
573109,2011-10-27,15144,174,729.46,18
573110,2011-10-27,17677,258,532.42,4
573111,2011-10-27,17677,72,128.88,1
573112,2011-10-27,16416,357,344.83,16
573113,2011-10-27,18261,44,99.44,6
573116,2011-10-27,14525,380,409.44,26
573117,2011-10-27,16688,583,647.77,33
573119,2011-10-27,15498,202,377.76,9
573121,2011-10-27,15498,10,20.8,1
573122,2011-10-27,14357,148,225.77,41
573123,2011-10-27,13654,626,893.46,53
573124,2011-10-27,13654,24,99.6,4
573125,2011-10-27,16855,80,151.2,9
573126,2011-10-27,15738,219,335.55,15
573128,2011-10-27,13538,38,290.1,5
573129,2011-10-27,13147,24,118.8,1
573130,2011-10-27,13969,603,1204.36,63
573131,2011-10-27,15622,106,381.95,15
573132,2011-10-27,15189,288,393.6,7
573133,2011-10-27,15288,54,300.159999999999,9
573134,2011-10-27,12952,25,74.65,4
573135,2011-10-27,12952,101,283.87,16
573136,2011-10-27,12709,110,268.68,10
573138,2011-10-27,15023,250,695.03,53
573139,2011-10-27,14716,249,141.12,32
573140,2011-10-27,15955,145,416.46,15
573141,2011-10-27,16680,94,183.7,10
573142,2011-10-27,18035,386,439.059999999999,13
573143,2011-10-27,13098,810,951.48,26
573144,2011-10-27,18035,39,51.78,14
573145,2011-10-27,18219,150,460.27,22
573146,2011-10-27,16422,802,401.1,4
573149,2011-10-27,16438,99,148.72,28
573150,2011-10-27,15014,83,142.44,32
573151,2011-10-27,17602,808,1090.93,137
573152,2011-10-27,17530,116,227.08,24
573153,2011-10-28,12678,5205,8895.76,61
573155,2011-10-28,13632,433,854.53,44
573156,2011-10-28,16656,816,756.72,6
573157,2011-10-28,17669,120,212.0,2
573158,2011-10-28,14738,63,229.99,10
573159,2011-10-28,16648,281,290.659999999999,19
573160,2011-10-28,14359,132,302.09,19
573161,2011-10-28,17736,1,39.95,1
573162,2011-10-28,15611,126,244.5,2
573163,2011-10-28,16843,183,377.65,13
573164,2011-10-28,13993,45,373.65,7
573165,2011-10-28,16164,136,245.359999999999,14
573166,2011-10-28,13089,296,706.36,23
573167,2011-10-28,18287,108,70.6799999999999,3
573168,2011-10-28,13798,206,320.419999999999,4
573171,2011-10-28,14218,160,169.48,12
573173,2011-10-28,12362,168,499.159999999999,27
573175,2011-10-28,15096,120,219.39,11
573178,2011-10-28,14412,120,307.58,15
573179,2011-10-28,13199,264,1826.87999999999,11
573182,2011-10-28,14232,438,474.74,24
573183,2011-10-28,15028,263,307.71,28
573184,2011-10-28,14110,224,520.44,14
573185,2011-10-28,17730,168,417.36,10
573195,2011-10-28,12432,366,978.06,30
573196,2011-10-28,15028,15,18.75,1
573200,2011-10-28,12432,8,64.6,2
573230,2011-10-28,13199,48,85.92,1
573231,2011-10-28,15267,48,60.0,1
573245,2011-10-28,17841,233,403.25,62
573248,2011-10-28,14498,409,675.53,74
573261,2011-10-28,17949,1992,1434.24,1
573262,2011-10-28,16851,107,128.37,7
573263,2011-10-28,13694,3917,3304.03,22
573264,2011-10-28,14415,329,610.36,70
573265,2011-10-28,16150,109,304.49,17
573266,2011-10-28,15290,711,1510.36,28
573269,2011-10-28,16764,107,249.78,62
573270,2011-10-28,17418,150,296.07,18
573272,2011-10-28,13102,252,366.12,6
573273,2011-10-28,12678,36,52.1999999999999,1
573275,2011-10-28,15311,145,284.09,19
573276,2011-10-28,13985,356,544.1,20
573277,2011-10-28,14606,37,112.47,22
573278,2011-10-28,16102,166,449.3,8
573279,2011-10-28,16107,208,496.8,3
573280,2011-10-28,14221,178,343.909999999999,22
573281,2011-10-28,12895,68,105.0,6
573282,2011-10-28,18030,46,121.1,4
573284,2011-10-28,13812,75,120.38,8
573285,2011-10-28,17611,42,118.9,5
573287,2011-10-28,14194,451,827.07,49
573288,2011-10-28,14194,64,315.78,10
573289,2011-10-28,12705,461,968.45,42
573291,2011-10-28,16554,273,522.99,31
573292,2011-10-28,14416,262,361.0,11
573294,2011-10-28,14397,108,134.28,3
573295,2011-10-28,14440,22,181.7,4
573300,2011-10-28,16049,364,508.77,157
573305,2011-10-28,17837,160,499.83,38
573309,2011-10-28,17272,48,40.8,1
573311,2011-10-28,14071,179,265.71,85
573314,2011-10-28,16987,108,381.65,29
573315,2011-10-28,17839,285,338.8,56
573316,2011-10-28,12657,5,42.5,1
573319,2011-10-30,17651,177,300.41,14
573320,2011-10-30,15513,857,2520.28,38
573322,2011-10-30,15769,100,179.0,1
573323,2011-10-30,15708,230,663.81,53
573324,2011-10-30,16235,78,192.019999999999,9
573325,2011-10-30,15370,28,313.799999999999,2
573326,2011-10-30,15298,228,463.82,25
573327,2011-10-30,15298,6,12.48,1
573328,2011-10-30,16601,134,244.799999999999,31
573329,2011-10-30,14810,103,218.55,26
573330,2011-10-30,16923,236,529.91,74
573331,2011-10-30,15860,55,102.01,10
573332,2011-10-30,15059,136,150.21,17
573333,2011-10-30,12483,198,454.2,16
573334,2011-10-30,12912,126,318.06,7
573335,2011-10-30,15059,63,178.91,37
573336,2011-10-30,17372,83,124.94,22
573337,2011-10-30,17018,116,515.1,10
573338,2011-10-30,14546,174,476.0,57
573339,2011-10-30,13278,537,542.73,46
573340,2011-10-30,14159,699,518.55,144
573341,2011-10-30,16949,313,310.48,21
573342,2011-10-30,14582,73,114.11,6
573343,2011-10-30,13566,232,289.53,63
573344,2011-10-30,14179,109,168.1,40
573345,2011-10-30,17609,353,331.21,79
573346,2011-10-30,17255,157,185.95,40
573347,2011-10-30,13137,368,576.37,130
573348,2011-10-30,14487,162,196.679999999999,33
573349,2011-10-30,17609,13,29.97,7
573350,2011-10-30,17725,213,278.67,16
573351,2011-10-30,13524,117,196.32,7
573352,2011-10-30,14077,72,132.72,2
573353,2011-10-30,16115,105,225.94,36
573354,2011-10-30,14040,79,141.05,4
573355,2011-10-30,15865,56,291.28,9
573356,2011-10-30,15251,139,246.85,4
573357,2011-10-30,15251,84,178.44,2
573358,2011-10-30,17213,209,500.61,29
573359,2011-10-30,14178,151,261.85,52
573360,2011-10-30,15748,51,149.31,21
573361,2011-10-30,14456,256,240.549999999999,63
573362,2011-10-30,12597,1484,2176.45,116
573363,2011-10-30,16079,426,508.22,11
573364,2011-10-30,14710,94,146.32,35
573365,2011-10-30,12584,62,343.0,12
573366,2011-10-30,16361,89,269.36,18
573367,2011-10-30,16145,353,490.17,26
573368,2011-10-30,14507,74,220.89,14
573369,2011-10-30,16049,109,114.76,41
573370,2011-10-30,16626,138,403.9,17
573371,2011-10-30,13113,132,307.08,7
573372,2011-10-30,12971,130,78.9,4
573373,2011-10-30,14684,227,274.56,109
573374,2011-10-30,14755,167,443.21,15
573375,2011-10-30,15521,366,673.42,24
573376,2011-10-30,13617,112,178.48,16
573377,2011-10-30,14653,162,413.53,61
573378,2011-10-30,14217,24,92.52,5
573379,2011-10-30,15680,416,542.82,33
573380,2011-10-30,14572,223,608.35,52
573381,2011-10-30,17590,205,349.38,57
573382,2011-10-30,17655,125,287.87,14
573383,2011-10-30,17447,93,169.05,8
573384,2011-10-30,15478,297,614.59,22
573385,2011-10-30,13421,686,1026.04,40
573386,2011-10-30,17183,231,486.5,10
573387,2011-10-30,15054,111,168.42,67
573388,2011-10-30,14895,520,965.78,30
573389,2011-10-30,14895,12,47.4,1
573390,2011-10-30,17213,209,500.61,29
573391,2011-10-30,14911,185,501.659999999999,21
573392,2011-10-30,15376,82,244.34,15
573393,2011-10-30,14158,781,507.66,41
573394,2011-10-30,13089,260,456.92,8
573395,2011-10-30,15385,161,316.88,12
573396,2011-10-30,14723,175,196.78,61
573397,2011-10-30,15547,214,232.77,44
573398,2011-10-30,17373,118,213.4,18
573399,2011-10-30,13949,424,392.08,18
573400,2011-10-30,17796,18,75.9,4
573401,2011-10-30,12364,268,299.06,22
573402,2011-10-30,12494,209,214.74,15
573403,2011-10-30,16506,24,55.2,2
573404,2011-10-30,14295,84,166.2,5
573405,2011-10-30,13822,500,468.38,91
573406,2011-10-30,14112,411,770.23,43
573407,2011-10-30,18067,189,396.33,37
573408,2011-10-30,16190,88,215.08,6
573409,2011-10-30,14112,4,33.0,1
573410,2011-10-30,15669,80,118.8,3
573411,2011-10-30,13870,182,384.12,20
573412,2011-10-30,13870,28,54.5999999999999,3
573413,2011-10-30,15444,192,342.9,72
573414,2011-10-30,16877,148,269.03,43
573415,2011-10-30,13607,290,678.01,98
573416,2011-10-31,14688,90,245.32,5
573417,2011-10-31,12581,161,197.71,15
573418,2011-10-31,15360,223,427.93,13
573419,2011-10-31,13103,82,243.94,8
573420,2011-10-31,18223,601,1389.05,35
573421,2011-10-31,14292,362,1297.26,12
573422,2011-10-31,14292,12,17.4,1
573423,2011-10-31,16133,196,308.77,7
573424,2011-10-31,12720,154,76.96,2
573425,2011-10-31,16836,81,160.55,9
573428,2011-10-31,12571,326,271.26,20
573430,2011-10-31,13813,115,407.54,20
573442,2011-10-31,12488,90,214.06,7
573452,2011-10-31,17450,656,2039.24,8
573464,2011-10-31,15667,240,301.32,13
573481,2011-10-31,13994,224,608.3,33
573483,2011-10-31,15793,184,305.36,5
573484,2011-10-31,14883,108,94.08,5
573485,2011-10-31,15752,303,533.23,66
573486,2011-10-31,13186,273,273.95,16
573492,2011-10-31,13544,52,168.5,38
573496,2011-10-31,17841,314,489.95,102
573500,2011-10-31,16931,133,198.52,39
573501,2011-10-31,18055,373,1014.55,67
573504,2011-10-31,13983,125,398.039999999999,8
573507,2011-10-31,13651,32,79.2,5
573508,2011-10-31,12552,85,317.82,19
573509,2011-10-31,16169,256,317.34,15
573510,2011-10-31,14808,455,534.19,27
573511,2011-10-31,12347,676,1294.32,47
573512,2011-10-31,17951,396,599.04,11
573531,2011-10-31,12909,244,321.32,6
573532,2011-10-31,13145,24,118.8,1
573542,2011-10-31,14702,234,281.78,22
573543,2011-10-31,17777,164,256.25,65
573544,2011-10-31,12856,187,356.14,36
573545,2011-10-31,16969,76,171.45,10
573546,2011-10-31,15974,398,547.14,27
573548,2011-10-31,13680,417,692.45,62
573551,2011-10-31,15044,282,838.42,52
573552,2011-10-31,13203,330,396.38,25
573556,2011-10-31,17675,334,764.32,25
573564,2011-10-31,16127,323,656.25,40
573572,2011-10-31,14527,54,272.67,24
573576,2011-10-31,14096,1265,4941.71,435
573577,2011-10-31,17396,300,495.0,3
573578,2011-10-31,16018,146,247.0,13
573579,2011-10-31,15033,122,163.96,29
573581,2011-10-31,14911,392,596.91,37
573582,2011-10-31,16633,280,726.16,33
573583,2011-10-31,14167,44,172.74,11
573584,2011-10-31,16705,628,1976.58,39
573586,2011-10-31,14704,1,15.0,1
573587,2011-10-31,18257,128,242.38,12
573588,2011-10-31,12588,53,214.899999999999,10
573599,2011-10-31,17924,236,447.3,6
573600,2011-10-31,17924,96,145.92,2
573629,2011-10-31,12522,65,103.32,6
573632,2011-10-31,15329,100,295.7,15
573656,2011-10-31,12417,148,462.85,24
573665,2011-10-31,13982,353,641.67,38
573666,2011-10-31,15977,310,355.63,28
573695,2011-10-31,15023,59,305.77,11
573744,2011-11-01,17733,376,475.24,23
573745,2011-11-01,17419,127,318.409999999999,17
573746,2011-11-01,13461,334,560.8,10
573747,2011-11-01,13697,177,151.299999999999,12
573748,2011-11-01,14911,624,1212.67,51
573749,2011-11-01,17389,84,307.32,9
573757,2011-11-01,17166,21,78.75,2
573758,2011-11-01,14345,50,108.979999999999,6
573762,2011-11-01,13758,158,326.22,11
573763,2011-11-01,17139,288,639.6,26
573768,2011-11-01,12552,3,120.0,1
573769,2011-11-01,13292,214,329.37,17
573770,2011-11-01,15214,96,183.2,12
573772,2011-11-01,17377,81,155.65,25
573773,2011-11-01,13327,344,889.02,21
573774,2011-11-01,16029,382,632.3,5
573775,2011-11-01,13881,726,949.5,7
573776,2011-11-01,13468,23,85.4499999999999,5
573777,2011-11-01,13726,670,786.98,19
573778,2011-11-01,18092,474,1350.9,14
573780,2011-11-01,17503,213,340.43,23
573808,2011-11-01,14419,69,173.71,34
573814,2011-11-01,13268,461,413.409999999999,57
573822,2011-11-01,15527,281,641.1,21
573829,2011-11-01,16830,264,325.91,23
573830,2011-11-01,16960,76,148.96,22
573840,2011-11-01,14866,396,772.44,5
573841,2011-11-01,14995,52,113.92,24
573846,2011-11-01,14866,570,1374.26,8
573863,2011-11-01,16825,208,456.48,17
573865,2011-11-01,15311,173,358.59,18
573866,2011-11-01,17495,150,342.59,20
573867,2011-11-01,12674,346,568.6,24
573868,2011-11-01,12491,260,460.4,26
573870,2011-11-01,14485,71,165.75,47
573871,2011-11-01,14426,530,600.22,14
573872,2011-11-01,17243,192,375.719999999999,19
573873,2011-11-01,17346,104,192.53,33
573874,2011-11-01,13868,464,507.54,32
573875,2011-11-01,15018,95,204.87,14
573876,2011-11-01,16360,393,530.37,146
573877,2011-11-01,14432,60,109.8,4
573878,2011-11-01,14243,124,175.4,8
573879,2011-11-01,15039,53,137.97,20
573886,2011-11-01,14401,394,312.82,17
573887,2011-11-01,16173,27,112.65,7
573888,2011-11-01,17696,433,370.12,21
573889,2011-11-01,13571,201,213.82,38
573890,2011-11-01,12748,8,27.8,8
573891,2011-11-01,12682,426,825.81,21
573892,2011-11-01,14911,270,834.38,44
573893,2011-11-01,18270,60,171.2,6
573894,2011-11-01,17812,17,43.47,13
573895,2011-11-01,15423,101,43.5,2
573896,2011-11-01,13755,18,107.1,2
573897,2011-11-01,16729,814,574.66,78
573898,2011-11-01,14562,58,195.48,21
573899,2011-11-01,15847,101,208.59,13
573900,2011-11-01,17668,31,161.85,8
573901,2011-11-01,14191,296,294.58,22
573902,2011-11-01,17428,48,311.18,5
573903,2011-11-01,14667,313,740.64,32
573904,2011-11-01,14505,497,954.81,156
573905,2011-11-01,16971,72,357.21,41
573906,2011-11-01,16458,112,195.02,10
573907,2011-11-01,13021,117,299.1,14
573908,2011-11-01,17739,77,354.49,10
573909,2011-11-01,17813,70,215.22,41
573910,2011-11-01,13969,258,422.1,8
573911,2011-11-01,17315,120,186.049999999999,11
573912,2011-11-01,17888,30,37.5,1
573913,2011-11-01,17653,334,569.82,33
573914,2011-11-01,14383,222,329.88,17
573915,2011-11-01,15511,94,229.8,52
573917,2011-11-01,18135,48,147.0,2
573918,2011-11-01,17576,53,132.53,16
573921,2011-11-02,16352,144,204.92,14
573922,2011-11-02,14032,56,102.72,2
573923,2011-11-02,17965,102,303.07,33
573924,2011-11-02,15065,202,299.38,17
573927,2011-11-02,13890,72,282.2,15
573928,2011-11-02,16839,365,599.25,8
573930,2011-11-02,17811,125,120.66,9
573931,2011-11-02,16884,203,296.76,16
573932,2011-11-02,17966,1400,504.0,7
573933,2011-11-02,17135,1,85.0,1
573934,2011-11-02,17719,110,307.14,19
573937,2011-11-02,15830,415,576.0,39
573945,2011-11-02,17663,103,211.47,9
573955,2011-11-02,14216,242,459.8,30
573982,2011-11-02,12901,360,306.0,1
573992,2011-11-02,15275,498,615.14,41
573993,2011-11-02,16790,321,664.21,40
573994,2011-11-02,17135,313,99.42,6
573995,2011-11-02,16308,3000,960.0,1
573996,2011-11-02,16747,302,355.86,15
573999,2011-11-02,12779,639,981.95,45
574009,2011-11-02,15750,192,320.05,41
574011,2011-11-02,16884,117,133.08,10
574012,2011-11-02,12830,1152,400.32,2
574013,2011-11-02,14285,140,300.6,5
574014,2011-11-02,12415,216,624.24,1
574015,2011-11-02,15576,404,940.67,45
574016,2011-11-02,18105,46,113.48,18
574017,2011-11-02,16014,36,132.45,8
574018,2011-11-02,13477,48,90.96,4
574020,2011-11-02,14673,206,304.68,18
574021,2011-11-02,14434,92,310.8,3
574022,2011-11-02,12594,48,85.92,1
574023,2011-11-02,14390,239,564.41,19
574024,2011-11-02,17410,114,109.68,8
574025,2011-11-02,12748,904,263.539999999999,32
574029,2011-11-02,12955,720,994.8,37
574032,2011-11-02,17754,410,621.71,24
574033,2011-11-02,16558,98,302.0,17
574034,2011-11-02,17841,179,460.24,87
574035,2011-11-02,14606,60,113.01,17
574036,2011-11-02,16607,249,313.2,19
574037,2011-11-02,16043,161,97.5,8
574038,2011-11-02,18164,184,399.65,24
574039,2011-11-02,17800,66,127.3,9
574040,2011-11-02,14974,44,114.39,21
574041,2011-11-02,15805,24,19.9199999999999,1
574042,2011-11-02,17947,168,176.68,9
574043,2011-11-02,16367,556,633.58,93
574044,2011-11-02,16210,264,843.6,2
574045,2011-11-02,13854,100,409.08,5
574046,2011-11-02,15743,47,137.56,31
574047,2011-11-02,13318,176,302.96,13
574048,2011-11-02,13769,159,301.97,18
574049,2011-11-02,13316,744,1514.17,17
574050,2011-11-02,13904,109,131.52,9
574051,2011-11-02,14102,254,349.3,20
574052,2011-11-02,16706,29,119.8,19
574053,2011-11-02,16379,582,823.8,42
574054,2011-11-02,18104,362,754.64,38
574055,2011-11-02,16525,434,863.04,12
574056,2011-11-02,14646,2454,3949.66,30
574058,2011-11-02,14646,216,449.28,1
574059,2011-11-02,14646,62,87.97,39
574060,2011-11-02,16531,95,223.21,13
574062,2011-11-02,17675,640,1183.9,45
574063,2011-11-02,13271,253,217.38,96
574064,2011-11-02,17434,214,313.74,18
574066,2011-11-02,13183,190,443.14,8
574067,2011-11-02,14088,1161,3962.85,34
574068,2011-11-02,12490,291,633.44,22
574069,2011-11-02,17735,343,562.71,30
574070,2011-11-02,16748,198,339.0,16
574071,2011-11-02,12654,64,171.23,11
574072,2011-11-02,15414,238,385.3,16
574075,2011-11-02,16365,116,281.21,13
574077,2011-11-02,17999,127,191.72,55
574079,2011-11-02,17595,85,157.9,34
574080,2011-11-02,16348,77,212.19,27
574081,2011-11-02,15804,270,362.43,27
574082,2011-11-02,16205,78,111.08,16
574084,2011-11-02,14528,278,364.219999999999,18
574085,2011-11-02,17432,115,175.89,15
574086,2011-11-03,15651,185,304.78,11
574087,2011-11-03,15651,56,114.2,5
574088,2011-11-03,18044,128,340.2,18
574089,2011-11-03,17611,162,300.1,20
574090,2011-11-03,17442,236,326.87,20
574091,2011-11-03,17086,454,302.219999999999,22
574092,2011-11-03,16684,4074,5500.38,21
574093,2011-11-03,12437,567,736.55,39
574096,2011-11-03,13599,418,530.42,25
574097,2011-11-03,12471,377,725.72,29
574098,2011-11-03,16337,87,151.05,10
574099,2011-11-03,12808,80,202.3,12
574100,2011-11-03,14098,104,147.35,21
574102,2011-11-03,16128,110,278.52,9
574103,2011-11-03,13636,253,302.57,22
574104,2011-11-03,12615,376,656.95,25
574107,2011-11-03,13728,104,219.12,13
574138,2011-11-03,12415,408,375.24,5
574143,2011-11-03,18041,174,120.0,11
574149,2011-11-03,13709,293,774.9,46
574150,2011-11-03,13709,32,92.38,4
574154,2011-11-03,13709,119,216.99,13
574161,2011-11-03,17816,3,6.24,2
574165,2011-11-03,14815,284,226.92,14
574169,2011-11-03,17491,169,360.83,9
574170,2011-11-03,16221,450,549.49,65
574175,2011-11-03,14110,32,41.6,3
574182,2011-11-03,16841,372,308.76,17
574194,2011-11-03,15227,145,312.58,13
574196,2011-11-03,15227,16,30.0,2
574226,2011-11-03,17306,168,379.92,2
574227,2011-11-03,16992,149,427.51,22
574228,2011-11-03,16678,250,301.2,18
574233,2011-11-03,16929,66,105.78,8
574234,2011-11-03,15271,55,91.59,6
574237,2011-11-03,15551,218,436.06,29
574239,2011-11-03,14849,297,467.86,18
574240,2011-11-03,15998,383,579.21,87
574241,2011-11-03,14849,24,10.08,1
574242,2011-11-03,17653,388,294.4,2
574245,2011-11-03,14849,24,34.8,2
574246,2011-11-03,14849,12,45.0,1
574247,2011-11-03,13168,125,346.53,19
574249,2011-11-03,16347,162,444.29,52
574250,2011-11-03,17634,104,133.66,31
574251,2011-11-03,18205,116,291.6,17
574252,2011-11-03,12437,95,260.48,11
574253,2011-11-03,15252,423,440.23,30
574255,2011-11-03,12569,40,92.25,5
574258,2011-11-03,16891,65,133.61,53
574260,2011-11-03,13014,87,347.35,18
574262,2011-11-03,13721,316,524.14,28
574265,2011-11-03,15605,123,303.45,17
574269,2011-11-03,15570,696,958.82,58
574271,2011-11-03,14607,100,1000.0,1
574272,2011-11-03,16500,36,55.32,2
574273,2011-11-03,16322,120,213.079999999999,28
574274,2011-11-03,16500,24,30.0,1
574275,2011-11-03,12352,127,311.73,15
574276,2011-11-03,17857,832,1415.92,5
574277,2011-11-03,17857,832,208.0,1
574278,2011-11-03,15814,228,456.239999999999,16
574279,2011-11-03,14878,42,142.98,12
574280,2011-11-03,13408,374,660.7,13
574281,2011-11-03,14856,225,297.909999999999,15
574282,2011-11-03,15612,21,125.5,3
574283,2011-11-03,14856,4,10.2,1
574284,2011-11-03,17644,145,312.75,14
574285,2011-11-03,17450,1024,2907.2,6
574286,2011-11-03,17644,40,117.46,4
574287,2011-11-03,14723,130,168.45,63
574289,2011-11-03,17750,336,141.12,9
574290,2011-11-03,17403,117,281.62,33
574292,2011-11-03,16914,121,208.46,38
574293,2011-11-03,17450,2290,6162.62,9
574294,2011-11-03,16333,3840,5727.0,3
574295,2011-11-03,17389,1952,7427.32,21
574297,2011-11-03,16602,336,528.08,29
574299,2011-11-03,16746,157,309.01,16
574300,2011-11-03,14636,124,309.66,12
574301,2011-11-03,12544,136,372.7,19
574302,2011-11-03,13914,125,321.07,16
574303,2011-11-03,13324,560,684.12,9
574304,2011-11-03,14428,166,508.85,90
574305,2011-11-03,18081,140,135.4,7
574306,2011-11-03,17481,510,405.0,23
574307,2011-11-03,15809,50,116.56,8
574308,2011-11-03,16409,457,608.85,53
574310,2011-11-03,13467,426,782.46,79
574311,2011-11-03,15640,472,998.72,46
574312,2011-11-03,17221,115,132.28,30
574313,2011-11-03,13267,173,367.69,20
574314,2011-11-03,13500,192,342.4,18
574315,2011-11-03,17076,183,506.88,11
574316,2011-11-03,17351,21,159.85,8
574317,2011-11-03,17078,768,370.4,27
574319,2011-11-03,15482,810,1915.6,9
574320,2011-11-03,17078,20,7.8,1
574321,2011-11-03,16016,123,287.19,35
574323,2011-11-03,16438,59,114.91,22
574324,2011-11-04,16684,360,1494.0,1
574325,2011-11-04,16839,260,466.84,5
574326,2011-11-04,14913,381,310.28,25
574327,2011-11-04,13013,131,315.29,13
574328,2011-11-04,13081,4981,7271.34,208
574329,2011-11-04,12362,210,477.94,16
574330,2011-11-04,12971,54,63.06,3
574331,2011-11-04,13178,264,262.26,15
574332,2011-11-04,12664,187,760.0,4
574333,2011-11-04,16671,75,156.75,2
574334,2011-11-04,16672,156,537.6,7
574335,2011-11-04,13592,13,42.45,3
574336,2011-11-04,12397,559,1195.09,56
574338,2011-11-04,14150,234,352.46,14
574340,2011-11-04,17377,131,157.7,26
574341,2011-11-04,18102,4752,4557.6,11
574342,2011-11-04,13447,183,223.71,16
574343,2011-11-04,12576,302,379.28,26
574345,2011-11-04,15845,168,340.48,16
574346,2011-11-04,17930,252,426.84,10
574348,2011-11-04,13756,412,610.76,10
574349,2011-11-04,13495,268,659.8,15
574351,2011-11-04,17348,160,111.57,33
574352,2011-11-04,18102,1776,5292.72,14
574353,2011-11-04,14659,145,312.55,28
574354,2011-11-04,17203,328,464.05,16
574355,2011-11-04,18102,32,85.32,4
574363,2011-11-04,18102,1418,5028.76,13
574368,2011-11-04,13004,253,384.93,27
574383,2011-11-04,18102,16,80.6,4
574387,2011-11-04,12944,144,317.56,16
574393,2011-11-04,13313,174,324.3,17
574442,2011-11-04,12704,139,561.28,10
574444,2011-11-04,18122,151,198.47,40
574445,2011-11-04,15722,393,713.76,20
574446,2011-11-04,15722,40,84.0,1
574466,2011-11-04,18172,154,335.72,12
574467,2011-11-04,18172,20,41.6,1
574468,2011-11-04,18172,8,47.6,2
574469,2011-11-04,12431,348,601.44,2
574470,2011-11-04,12748,250,71.7,25
574471,2011-11-04,17677,308,419.12,23
574474,2011-11-04,17979,121,253.17,49
574475,2011-11-04,14132,383,308.159999999999,23
574476,2011-11-04,17203,147,215.23,57
574477,2011-11-04,15453,270,350.43,67
574478,2011-11-04,17203,258,319.68,34
574479,2011-11-04,18035,186,239.56,26
574480,2011-11-04,15010,184,308.94,20
574481,2011-11-04,18022,736,668.11,191
574482,2011-11-04,17193,14,16.54,2
574484,2011-11-04,14388,350,463.09,30
574485,2011-11-04,13798,324,570.92,5
574490,2011-11-04,17690,184,269.1,19
574491,2011-11-04,16318,199,328.15,19
574501,2011-11-04,12577,304,327.89,58
574502,2011-11-04,17274,79,111.979999999999,27
574506,2011-11-04,12577,34,134.02,22
574509,2011-11-04,16012,248,283.17,42
574511,2011-11-04,15597,279,324.57,22
574513,2011-11-04,15291,232,461.159999999999,8
574514,2011-11-04,15311,518,627.0,20
574521,2011-11-04,15358,198,379.7,23
574523,2011-11-04,18167,108,390.6,9
574528,2011-11-04,16782,62,155.25,9
574529,2011-11-04,17233,131,190.88,25
574530,2011-11-04,16887,157,194.88,37
574531,2011-11-04,12748,71,37.29,6
574532,2011-11-04,15676,1627,2370.04,135
574533,2011-11-04,12928,566,592.56,11
574534,2011-11-04,15061,1005,2118.12,16
574535,2011-11-04,16555,85,133.91,8
574536,2011-11-04,15707,238,307.95,73
574537,2011-11-04,13938,70,71.66,7
574544,2011-11-04,17084,1283,2044.1,113
574545,2011-11-04,17084,533,905.65,49
574546,2011-11-04,13651,1,15.0,1
574547,2011-11-04,17841,224,502.23,112
574549,2011-11-04,17841,1,1.45,1
574550,2011-11-04,12484,327,738.57,63
574555,2011-11-04,16426,204,221.63,50
574557,2011-11-04,17652,108,165.32,8
574559,2011-11-04,14056,342,473.72,58
574560,2011-11-04,17703,214,307.78,19
574573,2011-11-04,14592,67,161.29,39
574575,2011-11-04,14971,352,491.51,54
574576,2011-11-04,14971,6,8.7,1
574585,2011-11-06,17133,216,399.6,1
574586,2011-11-06,14882,66,247.9,6
574587,2011-11-06,14936,616,1228.24,61
574588,2011-11-06,14936,22,74.9,3
574589,2011-11-06,15017,63,125.58,20
574590,2011-11-06,18077,166,335.86,22
574591,2011-11-06,15745,115,309.53,17
574592,2011-11-06,14820,58,139.1,8
574619,2011-11-06,15952,143,225.17,29
574624,2011-11-06,17769,197,568.44,36
574629,2011-11-06,16326,54,218.98,29
574631,2011-11-06,12882,106,471.84,5
574643,2011-11-06,17387,244,346.44,20
574653,2011-11-06,12619,522,482.16,14
574654,2011-11-06,15571,102,196.43,31
574655,2011-11-06,16466,94,241.86,24
574656,2011-11-06,16434,111,233.799999999999,16
574657,2011-11-06,13772,237,445.91,71
574659,2011-11-06,16942,97,209.74,32
574660,2011-11-06,15407,229,315.71,91
574661,2011-11-06,13447,166,430.3,22
574662,2011-11-06,16676,224,493.62,25
574663,2011-11-06,13527,178,426.37,44
574664,2011-11-06,14482,376,349.7,12
574665,2011-11-06,16168,102,156.54,3
574666,2011-11-06,16168,144,257.76,1
574667,2011-11-06,15514,371,555.39,33
574668,2011-11-06,15514,6,29.7,1
574669,2011-11-06,13727,120,223.08,14
574670,2011-11-06,12838,131,292.34,64
574671,2011-11-06,16744,46,113.03,28
574672,2011-11-06,13532,129,210.31,66
574673,2011-11-06,15555,584,420.42,102
574674,2011-11-06,14404,58,126.799999999999,13
574675,2011-11-06,17289,248,438.17,56
574676,2011-11-06,16243,65,194.15,34
574677,2011-11-06,16445,111,230.51,63
574678,2011-11-06,13365,843,1524.77,89
574679,2011-11-06,12645,259,464.32,14
574680,2011-11-06,15078,304,553.1,24
574681,2011-11-06,15156,268,317.8,20
574682,2011-11-06,14963,196,310.39,67
574683,2011-11-06,16372,162,344.13,95
574684,2011-11-06,17581,822,1349.69,55
574685,2011-11-06,17581,86,174.9,8
574686,2011-11-06,17608,228,187.62,58
574687,2011-11-06,17581,90,157.7,3
574688,2011-11-06,17608,4,5.8,1
574689,2011-11-06,16372,4,23.7999999999999,2
574690,2011-11-06,12638,577,671.69,39
574691,2011-11-06,14174,94,134.46,26
574692,2011-11-06,16771,81,144.3,15
574693,2011-11-06,14553,103,211.07,30
574694,2011-11-06,12381,146,419.06,16
574695,2011-11-06,17114,22,114.14,14
574696,2011-11-06,13634,122,202.88,32
574697,2011-11-06,16488,109,144.23,7
574698,2011-11-06,14039,92,152.2,6
574699,2011-11-06,13040,167,303.25,21
574700,2011-11-06,16033,611,1193.34,160
574701,2011-11-06,15426,163,293.86,64
574702,2011-11-06,15839,135,258.13,13
574703,2011-11-06,15426,20,44.39,14
574704,2011-11-06,15696,233,719.61,49
574705,2011-11-06,14553,21,194.4,10
574706,2011-11-06,16790,232,294.24,15
574707,2011-11-06,17107,1296,2227.86,78
574708,2011-11-06,17107,10,70.8,1
574709,2011-11-06,17768,682,1000.0,58
574710,2011-11-06,15427,253,506.51,70
574711,2011-11-06,14517,18,78.0,4
574713,2011-11-06,12628,106,237.57,11
574714,2011-11-06,15427,458,605.6,151
574715,2011-11-06,14135,93,346.35,6
574716,2011-11-06,14502,28,89.27,22
574717,2011-11-06,18170,160,324.8,8
574718,2011-11-06,15513,428,885.8,15
574719,2011-11-06,14511,260,365.159999999999,17
574720,2011-11-06,14547,292,478.1,73
574721,2011-11-06,17920,192,324.64,75
574722,2011-11-06,14502,378,386.31,98
574723,2011-11-06,15150,34,102.84,5
574724,2011-11-06,13759,20,99.0,1
574725,2011-11-06,15883,72,143.76,20
574726,2011-11-06,14664,302,389.04,66
574727,2011-11-06,15526,22,128.54,3
574728,2011-11-06,13719,264,330.79,20
574729,2011-11-06,15526,2,19.9,1
574730,2011-11-06,14824,24,55.5,2
574731,2011-11-06,17831,12,35.4,2
574732,2011-11-06,13523,528,978.84,47
574733,2011-11-06,17082,733,1366.91,57
574734,2011-11-06,15025,189,377.01,72
574735,2011-11-06,13155,52,89.2599999999999,6
574736,2011-11-06,17131,36,113.399999999999,2
574737,2011-11-06,14868,259,558.59,27
574738,2011-11-06,12748,139,249.64,29
574739,2011-11-06,16357,191,400.93,22
574740,2011-11-06,12357,2708,6207.67,131
574741,2011-11-06,15993,274,439.88,110
574743,2011-11-06,15351,79,253.019999999999,29
574744,2011-11-07,16612,112,317.36,15
574745,2011-11-07,14911,325,220.64,15
574746,2011-11-07,16523,198,676.8,8
574747,2011-11-07,15618,239,357.81,21
574749,2011-11-07,15150,373,550.55,34
574750,2011-11-07,17164,218,381.28,20
574751,2011-11-07,17164,27,44.85,2
574752,2011-11-07,17164,12,24.96,1
574754,2011-11-07,17430,130,153.16,9
574755,2011-11-07,13078,118,372.24,7
574756,2011-11-07,13534,128,306.2,11
574777,2011-11-07,17761,398,712.78,19
574824,2011-11-07,13097,184,531.14,25
574826,2011-11-07,15870,335,354.09,76
574827,2011-11-07,14080,48,45.5999999999999,4
574829,2011-11-07,17389,192,403.2,1
574830,2011-11-07,16053,790,387.76,22
574831,2011-11-07,15522,257,138.94,15
574832,2011-11-07,17183,226,630.06,9
574833,2011-11-07,12827,33,100.95,5
574834,2011-11-07,13139,266,718.9,23
574835,2011-11-07,13139,136,407.96,17
574836,2011-11-07,17623,265,527.05,33
574837,2011-11-07,15785,601,663.14,28
574838,2011-11-07,12484,5,140.0,1
574839,2011-11-07,15493,107,419.9,61
574840,2011-11-07,12748,168,248.59,48
574841,2011-11-07,14156,30,397.43,5
574842,2011-11-07,13890,61,114.75,7
574844,2011-11-07,12783,89,222.26,13
574846,2011-11-07,14702,112,156.96,16
574852,2011-11-07,15493,91,263.15,41
574860,2011-11-07,17857,500,180.0,1
574861,2011-11-07,17368,65,166.92,14
574862,2011-11-07,12408,365,754.5,23
574863,2011-11-07,15719,373,616.83,91
574864,2011-11-07,14387,388,840.82,58
574866,2011-11-07,12748,289,252.27,49
574867,2011-11-07,16817,95,207.99,11
574868,2011-11-07,13824,108,269.1,10
574869,2011-11-07,12708,140,280.77,16
574870,2011-11-07,17811,145,152.67,12
574871,2011-11-07,14527,29,148.82,16
574873,2011-11-07,16362,115,215.09,15
574874,2011-11-07,14911,335,332.36,13
574877,2011-11-07,16637,358,291.54,17
574878,2011-11-07,14653,21,131.79,6
574879,2011-11-07,13014,8,76.5,3
574880,2011-11-07,18016,341,370.25,17
574881,2011-11-07,12832,63,115.23,9
574882,2011-11-07,13599,218,490.79,58
574883,2011-11-07,14623,131,162.34,22
574884,2011-11-07,15291,48,204.0,1
574885,2011-11-07,12472,137,268.08,10
574887,2011-11-07,13717,212,187.48,14
574888,2011-11-07,16353,174,637.5,6
574889,2011-11-07,16353,63,213.45,3
574890,2011-11-07,18229,176,414.6,8
574891,2011-11-07,14606,52,106.44,24
574892,2011-11-07,14700,484,677.699999999999,38
574893,2011-11-07,18036,80,151.079999999999,36
574895,2011-11-07,16570,112,435.82,9
574896,2011-11-07,17014,63,167.01,44
574898,2011-11-07,16242,528,848.22,57
574899,2011-11-07,14426,119,324.7,12
574901,2011-11-07,17158,317,568.42,28
574903,2011-11-07,17302,189,335.47,16
574907,2011-11-07,17043,246,641.36,31
574908,2011-11-07,16009,28,82.7599999999999,3
574909,2011-11-07,13673,55,213.6,41
574910,2011-11-07,16348,158,206.72,11
574911,2011-11-07,14073,130,151.04,13
574913,2011-11-07,13323,22,97.7,3
574914,2011-11-07,17109,142,182.83,48
574915,2011-11-07,16779,258,743.58,17
574916,2011-11-07,16790,68,177.3,10
574917,2011-11-07,14135,136,386.74,5
574919,2011-11-07,16241,52,102.3,6
574920,2011-11-07,13985,162,418.26,22
574921,2011-11-07,16070,251,686.85,19
574923,2011-11-07,17757,119,195.0,37
574933,2011-11-07,18150,96,153.3,11
574934,2011-11-07,16717,180,303.16,17
574935,2011-11-07,13199,284,301.04,4
574936,2011-11-07,13066,136,151.81,28
574937,2011-11-07,15344,15,151.95,6
574938,2011-11-07,14911,78,206.9,3
574939,2011-11-07,17109,8,19.59,5
574940,2011-11-07,14929,136,223.88,11
574942,2011-11-07,15330,568,394.56,5
574943,2011-11-08,13026,228,170.64,9
574944,2011-11-08,13710,176,180.48,8
574945,2011-11-08,15434,122,303.3,15
574947,2011-11-08,16422,664,750.24,10
574948,2011-11-08,15805,56,192.0,8
574949,2011-11-08,14360,139,210.95,16
574951,2011-11-08,15763,84,564.43,28
574952,2011-11-08,13924,123,172.33,10
574953,2011-11-08,16187,220,316.36,15
574956,2011-11-08,16732,317,603.75,28
574958,2011-11-08,14050,242,260.38,17
574959,2011-11-08,17886,256,503.35,62
574960,2011-11-08,17091,276,684.96,24
574961,2011-11-08,12971,150,94.74,9
574962,2011-11-08,15194,989,1421.67,37
574963,2011-11-08,12919,178,336.12,18
574964,2011-11-08,13329,288,484.799999999999,10
574965,2011-11-08,17964,106,209.94,69
574966,2011-11-08,14901,48,132.64,8
574994,2011-11-08,17870,62,143.11,16
575003,2011-11-08,15950,161,418.29,21
575007,2011-11-08,14140,517,540.99,40
575017,2011-11-08,17219,89,114.23,25
575027,2011-11-08,13199,80,125.92,2
575034,2011-11-08,15573,143,196.75,48
575036,2011-11-08,15249,199,407.55,20
575037,2011-11-08,16066,233,390.85,19
575038,2011-11-08,18135,96,171.84,1
575039,2011-11-08,15005,245,327.22,48
575040,2011-11-08,13381,388,657.08,33
575041,2011-11-08,17289,138,338.88,21
575043,2011-11-08,13047,1,4.95,1
575045,2011-11-08,14910,54,101.64,6
575046,2011-11-08,15039,163,246.209999999999,20
575049,2011-11-08,12721,409,614.319999999999,35
575050,2011-11-08,16505,576,777.6,4
575051,2011-11-08,15957,211,428.89,42
575053,2011-11-08,16945,24,56.6,3
575054,2011-11-08,16945,164,350.64,22
575059,2011-11-08,14071,115,152.53,47
575060,2011-11-08,13089,387,1095.29,45
575061,2011-11-08,14524,26,111.9,2
575062,2011-11-08,17651,190,303.28,15
575063,2011-11-08,16764,143,355.77,73
575066,2011-11-08,13668,106,150.92,13
575067,2011-11-08,12583,461,774.45,24
575068,2011-11-08,14282,170,249.7,15
575069,2011-11-08,17637,65,208.11,11
575070,2011-11-08,17841,450,796.64,130
575071,2011-11-08,12990,70,145.6,6
575072,2011-11-08,14560,44,60.5999999999999,3
575073,2011-11-08,13975,552,741.22,98
575074,2011-11-08,15356,94,150.04,28
575075,2011-11-08,13975,213,287.35,26
575076,2011-11-08,16639,351,786.36,30
575077,2011-11-08,15406,124,258.42,10
575078,2011-11-08,17633,146,320.34,17
575080,2011-11-08,14676,408,377.28,5
575083,2011-11-08,18123,392,323.479999999999,15
575085,2011-11-08,12849,109,346.39,15
575086,2011-11-08,16618,592,1206.3,42
575087,2011-11-08,16549,106,279.74,82
575088,2011-11-08,13272,24,135.6,7
575089,2011-11-08,13437,264,422.04,24
575090,2011-11-08,17515,23,67.65,10
575091,2011-11-08,17160,439,516.85,38
575117,2011-11-08,12748,187,242.6,140
575125,2011-11-08,15043,300,537.0,3
575127,2011-11-08,13695,168,296.78,15
575128,2011-11-08,16837,414,521.54,33
575129,2011-11-08,13110,63,241.73,18
575131,2011-11-08,15208,50,166.7,7
575132,2011-11-08,18177,166,303.6,14
575133,2011-11-08,14667,147,159.38,6
575134,2011-11-08,14667,26,97.7,3
575135,2011-11-08,13928,24,131.22,8
575136,2011-11-08,15103,181,411.68,22
575137,2011-11-08,13090,495,1833.69,32
575139,2011-11-08,16863,304,338.55,17
575140,2011-11-08,18198,216,303.08,9
575141,2011-11-08,15615,435,787.29,35
575143,2011-11-08,13643,147,260.04,14
575144,2011-11-08,12540,239,573.71,24
575145,2011-11-08,14116,78,213.5,12
575146,2011-11-08,17313,1402,2328.84,24
575147,2011-11-08,17937,84,326.4,4
575148,2011-11-08,13867,185,422.45,23
575149,2011-11-08,16626,26,110.5,6
575151,2011-11-08,12395,129,263.08,15
575152,2011-11-08,16284,298,424.57,57
575154,2011-11-08,12395,117,243.47,13
575163,2011-11-08,17961,2,9.9,2
575164,2011-11-08,18216,200,481.75,26
575165,2011-11-08,14342,46,91.0399999999999,5
575166,2011-11-08,17022,108,71.0,7
575167,2011-11-08,15153,198,329.25,22
575168,2011-11-08,15290,246,435.28,9
575169,2011-11-08,14367,287,598.46,22
575170,2011-11-08,17006,23,108.85,4
575178,2011-11-09,13798,110,345.8,2
575179,2011-11-09,14284,91,343.15,19
575180,2011-11-09,15187,24,306.0,1
575181,2011-11-09,14709,150,312.0,15
575182,2011-11-09,14709,20,33.0,2
575183,2011-11-09,13046,188,431.59,21
575184,2011-11-09,16839,404,450.4,5
575185,2011-11-09,14051,136,725.7,10
575186,2011-11-09,17611,187,242.45,17
575187,2011-11-09,16759,175,107.95,8
575188,2011-11-09,16759,120,310.9,15
575189,2011-11-09,13029,42,474.299999999999,3
575190,2011-11-09,15189,300,742.2,6
575191,2011-11-09,18144,72,315.0,5
575192,2011-11-09,16205,120,214.8,4
575193,2011-11-09,12681,346,718.99,38
575194,2011-11-09,16767,222,359.46,15
575195,2011-11-09,16767,202,271.36,15
575196,2011-11-09,16767,40,83.2,1
575197,2011-11-09,16767,46,41.08,3
575198,2011-11-09,12921,19,71.25,3
575199,2011-11-09,12921,439,725.22,31
575200,2011-11-09,12921,6,12.48,1
575201,2011-11-09,13629,450,821.0,3
575202,2011-11-09,13018,270,359.7,23
575203,2011-11-09,13018,24,42.96,1
575204,2011-11-09,15027,42,99.18,4
575205,2011-11-09,13147,48,237.6,1
575206,2011-11-09,14298,788,1296.56,31
575207,2011-11-09,18172,224,339.719999999999,14
575208,2011-11-09,18172,24,15.6,1
575209,2011-11-09,14214,48,49.8,4
575210,2011-11-09,14732,121,311.19,16
575211,2011-11-09,17377,137,287.51,39
575212,2011-11-09,14108,172,306.58,18
575213,2011-11-09,16210,560,1809.6,3
575214,2011-11-09,16751,1031,1764.72,25
575215,2011-11-09,18109,40,285.0,13
575216,2011-11-09,13384,547,722.2,23
575217,2011-11-09,14794,50,147.15,8
575218,2011-11-09,16592,121,285.85,13
575219,2011-11-09,17511,4675,7059.54,66
575220,2011-11-09,17511,1400,2506.0,14
575221,2011-11-09,12949,333,717.8,36
575222,2011-11-09,16880,146,410.06,38
575255,2011-11-09,15769,788,1975.0,5
575256,2011-11-09,13408,252,550.439999999999,8
575258,2011-11-09,13623,144,195.86,17
575269,2011-11-09,17865,730,1130.74,40
575291,2011-11-09,16656,144,103.679999999999,2
575296,2011-11-09,16041,540,426.6,1
575297,2011-11-09,15134,50,172.14,8
575298,2011-11-09,17841,480,438.08,76
575299,2011-11-09,14691,100,345.26,9
575300,2011-11-09,13804,170,304.02,11
575301,2011-11-09,13804,13,48.79,3
575302,2011-11-09,17086,236,307.96,5
575303,2011-11-09,12893,96,188.14,34
575304,2011-11-09,17841,6,8.9,3
575305,2011-11-09,14188,178,336.4,10
575312,2011-11-09,13588,196,222.0,13
575317,2011-11-09,17402,106,312.9,4
575318,2011-11-09,14921,322,413.06,25
575319,2011-11-09,14836,31,76.05,4
575320,2011-11-09,17011,186,270.9,15
575321,2011-11-09,15311,175,275.409999999999,18
575322,2011-11-09,14543,68,312.78,5
575323,2011-11-09,15392,354,565.66,25
575324,2011-11-09,14240,339,663.49,32
575325,2011-11-09,17293,155,327.3,44
575326,2011-11-09,12532,153,349.83,16
575328,2011-11-09,17857,2400,2640.0,5
575329,2011-11-09,17038,28,112.4,22
575330,2011-11-09,15152,268,309.08,17
575331,2011-11-09,13209,593,1049.66,60
575332,2011-11-09,13209,48,85.92,1
575333,2011-11-09,13209,357,599.95,22
575334,2011-11-09,14493,256,475.62,23
575335,2011-11-09,12931,3684,4961.2,9
575336,2011-11-09,14968,127,147.59,37
575337,2011-11-09,17867,167,224.67,70
575338,2011-11-09,17867,1,14.95,1
575339,2011-11-09,15555,94,312.12,27
575340,2011-11-09,15485,703,1296.37,43
575342,2011-11-09,17528,103,373.27,15
575352,2011-11-09,12504,87,449.4,6
575356,2011-11-09,13882,10,49.5,2
575360,2011-11-09,16516,58,101.699999999999,6
575366,2011-11-09,14621,329,482.59,29
575367,2011-11-09,15114,564,508.28,35
575368,2011-11-09,14482,110,249.72,59
575369,2011-11-09,16655,364,613.68,22
575370,2011-11-09,13522,44,125.8,5
575371,2011-11-09,14132,340,305.6,11
575383,2011-11-09,15986,268,168.12,14
575384,2011-11-09,17690,181,504.53,21
575387,2011-11-09,13992,64,76.8,5
575388,2011-11-09,12971,156,188.04,2
575389,2011-11-09,12971,101,97.63,7
575390,2011-11-09,12971,60,55.3199999999999,5
575391,2011-11-09,14354,90,87.78,6
575392,2011-11-09,14234,215,209.48,15
575410,2011-11-09,17705,172,413.6,17
575415,2011-11-09,16168,50,207.5,1
575418,2011-11-09,16986,40,83.2,2
575433,2011-11-09,16953,10,20.8,1
575475,2011-11-09,17702,302,485.6,19
575476,2011-11-09,15046,469,453.23,9
575480,2011-11-09,15594,53,182.55,8
575481,2011-11-09,15679,682,474.4,84
575482,2011-11-09,15916,181,372.28,42
575483,2011-11-09,16996,154,415.18,11
575484,2011-11-09,16670,199,484.15,26
575485,2011-11-09,18274,88,175.92,11
575486,2011-11-09,14911,580,826.04,21
575487,2011-11-09,15450,376,429.84,30
575490,2011-11-09,15031,230,230.82,35
575491,2011-11-09,15531,840,1522.31,189
575492,2011-11-10,18236,64,108.5,6
575493,2011-11-10,18210,271,321.37,15
575494,2011-11-10,17500,7,288.0,3
575495,2011-11-10,14944,266,754.66,12
575496,2011-11-10,14944,72,188.4,3
575497,2011-11-10,14944,12,34.68,1
575498,2011-11-10,12708,13,33.0,2
575499,2011-11-10,16003,262,525.92,17
575500,2011-11-10,16003,328,415.55,28
575501,2011-11-10,16218,336,449.2,12
575502,2011-11-10,16700,264,369.12,21
575504,2011-11-10,14895,305,770.92,34
575507,2011-11-10,17197,191,1013.01,29
575508,2011-11-10,14646,6712,8111.2,53
575509,2011-11-10,17101,256,471.0,8
575510,2011-11-10,14646,1040,1549.12,10
575512,2011-11-10,14121,786,1247.41,68
575514,2011-11-10,12541,261,445.039999999999,24
575515,2011-11-10,17315,159,420.749999999999,9
575516,2011-11-10,17340,1690,3893.79,116
575517,2011-11-10,14562,122,372.42,31
575519,2011-11-10,12682,185,319.23,15
575520,2011-11-10,17537,330,266.92,14
575525,2011-11-10,13983,72,128.88,1
575563,2011-11-10,17521,186,225.46,14
575574,2011-11-10,14606,63,111.39,29
575576,2011-11-10,16025,338,439.659999999999,28
575579,2011-11-10,13081,144,72.0,3
575581,2011-11-10,12659,105,91.68,5
575582,2011-11-10,16986,1000,1790.0,1
575583,2011-11-10,14456,181,263.11,86
575584,2011-11-10,12682,101,245.4,13
575586,2011-11-10,12981,108,185.04,9
575587,2011-11-10,17461,435,382.56,47
575589,2011-11-10,14262,274,514.16,27
575591,2011-11-10,17791,46,106.1,10
575593,2011-11-10,14226,133,320.07,12
575595,2011-11-10,15452,60,125.4,6
575602,2011-11-10,17059,572,844.94,147
575603,2011-11-10,18125,109,197.85,24
575604,2011-11-10,16011,120,256.2,7
575605,2011-11-10,17188,217,350.02,15
575607,2011-11-10,14096,1014,4358.0,377
575609,2011-11-10,17243,268,448.5,22
575610,2011-11-10,16628,361,568.21,30
575611,2011-11-10,17861,260,113.5,11
575612,2011-11-10,17416,699,1014.61,52
575618,2011-11-10,15463,106,126.14,7
575619,2011-11-10,14712,120,495.6,5
575620,2011-11-10,17573,125,198.39,13
575621,2011-11-10,16892,54,137.04,18
575622,2011-11-10,16743,369,352.23,24
575623,2011-11-10,14064,275,256.06,22
575624,2011-11-10,18217,223,303.85,12
575627,2011-11-10,17977,342,288.14,21
575628,2011-11-10,12844,48,151.08,24
575629,2011-11-10,12599,207,175.54,14
575631,2011-11-10,15184,150,171.53,43
575632,2011-11-10,12473,3,1013.86,3
575633,2011-11-10,15355,24,150.8,6
575634,2011-11-10,13266,412,301.06,18
575636,2011-11-10,12473,1,40.46,1
575637,2011-11-10,16904,143,356.18,60
575639,2011-11-10,15289,240,241.8,10
575640,2011-11-10,13148,110,240.16,32
575642,2011-11-10,14466,177,486.75,14
575643,2011-11-10,13267,184,384.88,16
575647,2011-11-10,16440,392,856.41,46
575652,2011-11-10,12748,43,469.65,8
575654,2011-11-10,15238,115,299.21,13
575655,2011-11-10,16434,61,185.18,19
575656,2011-11-10,13319,777,1855.99,47
575657,2011-11-10,13319,58,112.039999999999,5
575658,2011-11-10,13319,12,24.96,1
575659,2011-11-10,13576,236,543.36,10
575660,2011-11-10,15297,76,149.8,9
575661,2011-11-10,12617,213,355.53,42
575668,2011-11-10,18283,64,112.35,59
575671,2011-11-10,12670,333,665.46,20
575673,2011-11-10,14863,132,266.76,11
575674,2011-11-10,13468,54,125.38,7
575675,2011-11-10,18283,1,1.95,1
575676,2011-11-10,13499,578,323.62,8
575678,2011-11-10,16169,449,579.15,29
575680,2011-11-10,13148,485,677.09,41
575681,2011-11-10,16903,262,373.24,60
575682,2011-11-10,12826,141,279.5,15
575683,2011-11-10,17389,954,3782.52,18
575684,2011-11-10,14397,266,300.38,6
575685,2011-11-10,15694,162,600.18,9
575686,2011-11-10,17716,174,347.68,13
575687,2011-11-10,16126,1041,2581.07,44
575688,2011-11-10,18230,154,343.8,11
575689,2011-11-10,14829,88,165.92,8
575690,2011-11-10,14189,208,314.659999999999,19
575691,2011-11-10,14180,34,179.55,9
575692,2011-11-10,12508,203,275.19,52
575693,2011-11-10,16979,174,302.64,12
575694,2011-11-10,12748,129,171.85,46
575695,2011-11-10,17502,94,226.6,11
575697,2011-11-10,16094,60,77.64,6
575698,2011-11-10,16094,314,431.56,28
575700,2011-11-10,15111,148,329.68,16
575701,2011-11-10,13396,461,973.72,28
575702,2011-11-10,17109,92,108.86,5
575703,2011-11-10,13767,902,1735.3,11
575705,2011-11-10,15159,392,826.7,27
575706,2011-11-10,14713,250,365.0,50
575707,2011-11-10,12538,191,363.95,21
575708,2011-11-10,13460,89,75.98,6
575709,2011-11-10,14646,34,162.8,2
575710,2011-11-10,17901,24,110.38,19
575711,2011-11-10,14560,48,65.28,3
575712,2011-11-10,13606,36,30.1199999999999,3
575713,2011-11-10,13817,148,254.28,15
575718,2011-11-10,16907,69,269.77,31
575723,2011-11-10,14748,162,296.98,14
575724,2011-11-10,14608,119,486.65,6
575725,2011-11-10,13098,1103,1955.68,32
575726,2011-11-10,16791,247,486.96,87
575727,2011-11-10,18135,60,129.6,3
575728,2011-11-10,14911,496,1003.03,48
575729,2011-11-10,17932,196,397.06,26
575730,2011-11-10,14765,113,158.61,31
575731,2011-11-10,13230,84,175.53,39
575732,2011-11-11,12712,50,232.65,9
575733,2011-11-11,13810,132,246.01,14
575734,2011-11-11,12384,64,292.58,13
575735,2011-11-11,14156,153,370.8,17
575736,2011-11-11,12697,149,223.68,12
575737,2011-11-11,14789,116,197.64,6
575738,2011-11-11,16790,120,138.92,12
575740,2011-11-11,18130,386,455.909999999999,31
575741,2011-11-11,13727,42,110.4,6
575742,2011-11-11,14309,180,328.96,16
575743,2011-11-11,12757,166,305.3,7
575744,2011-11-11,14035,120,300.32,12
575745,2011-11-11,16458,110,203.6,10
575747,2011-11-11,12589,223,515.18,25
575750,2011-11-11,12600,161,379.58,9
575751,2011-11-11,14911,840,1674.65,47
575753,2011-11-11,17841,156,224.43,80
575754,2011-11-11,17295,53,130.49,18
575755,2011-11-11,17015,279,272.58,22
575756,2011-11-11,18118,94,159.57,37
575757,2011-11-11,17295,71,147.1,22
575760,2011-11-11,15965,266,506.4,91
575764,2011-11-11,15965,26,32.5,2
575765,2011-11-11,17730,211,325.01,15
575766,2011-11-11,12856,133,264.12,30
575767,2011-11-11,17348,163,209.73,58
575787,2011-11-11,12518,324,486.96,30
575828,2011-11-11,17162,136,251.8,15
575830,2011-11-11,14226,1,16.95,1
575837,2011-11-11,12748,336,349.73,50
575838,2011-11-11,13999,151,328.43,21
575840,2011-11-11,13137,407,682.17,65
575842,2011-11-11,15024,191,289.19,28
575843,2011-11-11,14446,124,157.27,36
575845,2011-11-11,12598,337,336.8,14
575846,2011-11-11,17364,622,904.6,80
575847,2011-11-11,18209,58,139.1,8
575848,2011-11-11,14178,232,246.86,55
575849,2011-11-11,14790,217,216.74,13
575850,2011-11-11,17512,512,451.68,5
575851,2011-11-11,14662,262,246.31,76
575852,2011-11-11,17238,154,345.99,35
575853,2011-11-11,16912,31,156.43,7
575854,2011-11-11,14125,486,1111.08,60
575855,2011-11-11,14527,76,198.29,33
575856,2011-11-11,16386,198,256.1,84
575866,2011-11-11,16107,168,504.24,5
575867,2011-11-11,15034,595,813.75,100
575868,2011-11-11,12985,841,754.38,52
575869,2011-11-11,14543,4,15.8,1
575870,2011-11-11,15557,219,473.65,20
575871,2011-11-11,14911,259,461.32,20
575873,2011-11-11,17677,396,640.84,4
575874,2011-11-11,17054,65,149.01,10
575876,2011-11-11,15608,108,122.4,2
575877,2011-11-11,14907,116,416.56,13
575878,2011-11-11,13588,13,5.43,2
575880,2011-11-11,12726,763,784.46,36
575882,2011-11-11,16671,144,152.64,1
575884,2011-11-11,12685,203,413.12,22
575885,2011-11-11,16460,140,302.62,17
575886,2011-11-11,12517,317,492.94,76
575887,2011-11-11,17243,124,424.2,7
575888,2011-11-11,12517,3,54.0,1
575889,2011-11-11,16433,106,184.26,17
575890,2011-11-11,15602,136,125.039999999999,7
575891,2011-11-11,15692,138,191.04,12
575892,2011-11-11,16332,131,202.31,19
575893,2011-11-11,17088,121,239.28,16
575894,2011-11-11,12748,787,220.7,3
575895,2011-11-11,17052,261,413.75,92
575896,2011-11-11,12480,611,1136.67999999999,40
575897,2011-11-11,15492,156,171.72,7
575898,2011-11-11,16368,124,302.48,26
575899,2011-11-11,16133,191,359.9,16
575902,2011-11-11,15544,491,446.02,37
575903,2011-11-11,13557,322,343.38,18
575904,2011-11-11,18014,68,166.42,32
575905,2011-11-11,13732,498,491.86,33
575908,2011-11-11,13091,466,345.82,21
575910,2011-11-11,14836,2,3.0,1
575911,2011-11-11,17314,234,315.72,17
575914,2011-11-11,17071,316,432.16,20
575915,2011-11-11,15903,456,1405.2,9
575916,2011-11-11,12691,97,176.399999999999,2
575917,2011-11-11,13895,418,681.96,35
575918,2011-11-11,17191,307,532.17,55
575919,2011-11-11,15311,2683,4041.18,83
575920,2011-11-11,15473,120,306.0,1
575922,2011-11-11,15681,260,479.8,14
575923,2011-11-11,17069,361,501.56,31
575924,2011-11-11,17069,89,149.23,8
575929,2011-11-11,13310,192,314.38,20
575931,2011-11-13,16560,331,509.23,36
575932,2011-11-13,16923,257,449.87,46
575933,2011-11-13,14911,1200,1285.43999999999,8
575935,2011-11-13,17838,458,466.6,16
575936,2011-11-13,17041,412,330.68,24
575937,2011-11-13,12935,255,281.58,18
575938,2011-11-13,17790,112,273.51,29
575939,2011-11-13,13004,178,316.54,19
575941,2011-11-13,16438,93,180.51,25
575942,2011-11-13,15599,357,312.909999999999,23
575943,2011-11-13,17920,131,255.54,52
575944,2011-11-13,16571,348,524.9,28
575945,2011-11-13,15864,288,305.28,2
575946,2011-11-13,13892,24,61.1999999999999,1
575948,2011-11-13,14661,35,107.95,4
575949,2011-11-13,16711,236,445.56,7
575950,2011-11-13,16983,356,433.039999999999,24
575951,2011-11-13,13450,364,316.44,9
575952,2011-11-13,16015,240,201.519999999999,60
575954,2011-11-13,17211,356,433.0,41
575955,2011-11-13,14044,57,110.71,24
575956,2011-11-13,14487,91,152.19,19
575957,2011-11-13,13170,147,116.009999999999,32
575958,2011-11-13,15021,10,32.17,7
575959,2011-11-13,14547,700,1117.08,90
575960,2011-11-13,15429,71,154.29,35
575961,2011-11-13,16794,36,125.48,13
575964,2011-11-13,15021,69,212.27,51
575965,2011-11-13,13426,325,342.95,28
575966,2011-11-13,13984,32,101.18,4
575967,2011-11-13,16794,1,2.95,1
575968,2011-11-13,14882,92,341.8,5
575969,2011-11-13,13571,191,228.97,28
575970,2011-11-13,16416,127,372.68,20
575971,2011-11-13,13700,138,308.1,9
575972,2011-11-13,14499,310,444.36,106
575975,2011-11-13,13536,473,672.99,40
575976,2011-11-13,15271,80,183.14,16
575977,2011-11-13,17287,88,183.81,23
575978,2011-11-13,15903,138,471.6,6
575979,2011-11-13,14784,181,175.31,11
575981,2011-11-13,15500,198,312.24,22
575982,2011-11-13,13798,407,718.71,21
575983,2011-11-13,13379,126,136.74,39
575984,2011-11-13,17068,68,141.44,8
575985,2011-11-13,17841,241,515.55,84
575986,2011-11-13,13018,121,240.05,15
575987,2011-11-13,13018,12,29.82,2
575988,2011-11-13,13018,54,108.3,6
575989,2011-11-13,14698,159,339.18,65
576014,2011-11-13,17218,149,272.47,46
576019,2011-11-13,12865,375,586.85,37
576025,2011-11-13,13232,72,121.4,21
576045,2011-11-13,15022,112,288.3,31
576050,2011-11-13,15022,1,39.95,1
576051,2011-11-13,14911,945,2068.49,69
576052,2011-11-13,15787,195,368.79,71
576053,2011-11-13,16726,436,586.83,83
576054,2011-11-13,15787,59,87.21,51
576055,2011-11-13,15449,296,326.82,20
576056,2011-11-13,17720,158,308.34,13
576057,2011-11-13,15861,203,219.79,43
576058,2011-11-13,15654,329,595.02,9
576059,2011-11-13,15411,124,367.62,44
576060,2011-11-13,13681,68,179.67,14
576061,2011-11-13,13146,154,228.91,17
576062,2011-11-13,12867,924,1011.08,105
576063,2011-11-13,15502,115,330.45,11
576064,2011-11-13,12508,69,123.08,17
576065,2011-11-13,15005,237,340.409999999999,48
576066,2011-11-13,16898,169,189.34,59
576067,2011-11-13,14227,187,319.06,15
576068,2011-11-13,14788,193,368.45,15
576069,2011-11-13,13603,164,164.34,27
576070,2011-11-13,13451,385,512.76,70
576071,2011-11-13,18069,206,254.7,88
576073,2011-11-13,16930,152,173.44,23
576074,2011-11-13,13178,168,306.48,11
576075,2011-11-13,15861,406,487.21,93
576076,2011-11-13,14382,1237,626.069999999999,131
576077,2011-11-13,16720,182,155.24,27
576078,2011-11-13,14432,451,581.07,96
576079,2011-11-13,16877,69,134.77,24
576080,2011-11-14,18211,24,49.2,3
576081,2011-11-14,15203,289,310.08,24
576082,2011-11-14,12428,150,408.34,15
576083,2011-11-14,17404,1060,1238.48,11
576084,2011-11-14,15365,12,15.0,1
576085,2011-11-14,15365,146,218.72,11
576086,2011-11-14,15365,51,135.45,8
576087,2011-11-14,12689,347,736.579999999999,38
576088,2011-11-14,17450,340,1314.94,8
576089,2011-11-14,17663,99,303.63,13
576090,2011-11-14,17450,1376,3174.39999999999,9
576091,2011-11-14,16779,158,319.3,16
576092,2011-11-14,18263,420,401.76,16
576093,2011-11-14,17744,574,303.06,25
576094,2011-11-14,16401,316,309.479999999999,10
576095,2011-11-14,14904,593,396.96,22
576096,2011-11-14,13549,26,86.0,4
576097,2011-11-14,14494,92,139.56,7
576098,2011-11-14,14862,342,537.1,27
576099,2011-11-14,13021,405,392.57,27
576111,2011-11-14,15113,24,78.0,1
576112,2011-11-14,14902,218,332.66,20
576121,2011-11-14,14530,344,379.79,27
576137,2011-11-14,15482,680,1617.56,13
576141,2011-11-14,14911,206,348.21,23
576147,2011-11-14,16303,634,1324.3,33
576148,2011-11-14,15671,249,321.48,9
576172,2011-11-14,15482,448,1355.56,15
576175,2011-11-14,15291,366,318.12,7
576176,2011-11-14,16936,173,262.68,57
576179,2011-11-14,13694,2244,3419.64,18
576180,2011-11-14,13694,946,1419.58,9
576181,2011-11-14,15572,301,545.83,42
576182,2011-11-14,12938,140,114.14,9
576184,2011-11-14,14735,40,93.5,5
576186,2011-11-14,14735,66,276.3,10
576187,2011-11-14,17228,152,229.04,19
576188,2011-11-14,15168,52,106.56,5
576189,2011-11-14,14684,247,313.13,82
576190,2011-11-14,15039,61,137.58,19
576191,2011-11-14,17377,105,213.61,22
576196,2011-11-14,17658,400,277.82,10
576198,2011-11-14,17538,134,98.42,9
576200,2011-11-14,15572,145,256.76,31
576201,2011-11-14,14606,46,109.65,29
576202,2011-11-14,13767,404,915.4,9
576212,2011-11-14,18082,621,703.37,73
576213,2011-11-14,18117,618,320.72,74
576214,2011-11-14,15863,17,59.64,16
576215,2011-11-14,17652,141,284.12,13
576217,2011-11-14,17081,53,178.26,41
576219,2011-11-14,15838,1600,3134.96,16
576220,2011-11-14,15838,322,1023.42,3
576221,2011-11-14,15838,100,179.0,1
576222,2011-11-14,12490,322,411.72,19
576224,2011-11-14,15458,156,161.64,7
576225,2011-11-14,13277,30,49.5,1
576228,2011-11-14,15033,269,281.43,68
576236,2011-11-14,13755,189,374.25,80
576237,2011-11-14,12971,12,65.4,2
576238,2011-11-14,17769,3,6.24,1
576239,2011-11-14,15694,94,291.5,8
576245,2011-11-14,12553,225,518.12,23
576246,2011-11-14,17566,292,414.26,65
576249,2011-11-14,17811,253,390.93,77
576251,2011-11-14,16207,140,394.38,19
576252,2011-11-14,14418,774,889.46,44
576253,2011-11-14,15125,200,358.0,2
576254,2011-11-14,16422,886,933.14,16
576255,2011-11-14,15993,328,419.72,90
576256,2011-11-14,15953,110,261.32,19
576257,2011-11-14,12757,30,49.5,1
576259,2011-11-14,12957,162,407.92,18
576269,2011-11-14,12762,195,461.59,21
576274,2011-11-14,17793,232,323.04,58
576275,2011-11-14,17044,504,948.48,6
576300,2011-11-14,15058,77,231.8,61
576301,2011-11-14,14667,213,260.7,19
576303,2011-11-14,15532,146,355.14,53
576317,2011-11-14,15781,114,134.16,9
576318,2011-11-14,15058,124,249.15,15
576321,2011-11-14,14953,225,289.82,55
576322,2011-11-14,12642,167,354.85,12
576323,2011-11-14,16161,141,271.95,39
576326,2011-11-14,16504,524,484.38,86
576327,2011-11-14,12476,72,243.53,10
576328,2011-11-14,13577,194,493.8,16
576339,2011-11-14,14096,2175,8425.53999999999,542
576345,2011-11-14,12374,342,742.93,33
576346,2011-11-14,13835,46,91.66,6
576347,2011-11-14,13268,2,8.2,2
576349,2011-11-14,16519,30,111.38,8
576351,2011-11-14,17235,98,208.16,19
576352,2011-11-14,16478,50,95.1,5
576353,2011-11-14,15050,299,458.909999999999,20
576354,2011-11-14,13881,656,938.4,7
576355,2011-11-14,13089,596,1364.74,30
576356,2011-11-14,15681,106,243.14,7
576357,2011-11-14,15660,172,327.02,18
576358,2011-11-14,15660,6,17.34,1
576359,2011-11-14,14680,469,1167.6,7
576361,2011-11-14,14910,6,7.5,1
576362,2011-11-14,14755,315,657.29,25
576364,2011-11-14,15009,279,592.56,87
576370,2011-11-15,15981,336,558.6,15
576371,2011-11-15,14911,534,405.07,18
576372,2011-11-15,15144,314,696.24,20
576373,2011-11-15,12640,40,332.23,9
576374,2011-11-15,13777,3154,6260.9,19
576376,2011-11-15,16341,278,383.48,11
576377,2011-11-15,16341,34,56.5,3
576378,2011-11-15,15628,186,303.93,15
576379,2011-11-15,16423,230,346.12,18
576380,2011-11-15,15419,230,135.86,8
576381,2011-11-15,12839,380,508.42,31
576382,2011-11-15,12883,9,32.55,2
576383,2011-11-15,12883,65,216.47,13
576384,2011-11-15,12883,54,162.82,8
576385,2011-11-15,17314,7,34.65,1
576386,2011-11-15,13777,106,224.66,2
576387,2011-11-15,15582,46,141.4,8
576388,2011-11-15,17510,214,308.48,20
576389,2011-11-15,12748,1,850.5,1
576390,2011-11-15,12569,56,130.85,7
576392,2011-11-15,15105,114,332.46,6
576394,2011-11-15,12415,2890,4925.8,26
576395,2011-11-15,16168,12,61.2,2
576396,2011-11-15,16164,103,242.22,8
576398,2011-11-15,15758,47,205.25,9
576399,2011-11-15,12684,441,476.99,30
576400,2011-11-15,13632,288,452.14,17
576403,2011-11-15,15214,103,108.43,6
576405,2011-11-15,13735,166,483.99,25
576406,2011-11-15,13692,491,616.74,21
576412,2011-11-15,13455,164,365.4,16
576447,2011-11-15,13949,260,304.84,18
576463,2011-11-15,17974,318,432.47,124
576503,2011-11-15,17540,130,310.1,17
576508,2011-11-15,17777,180,214.91,62
576510,2011-11-15,14533,110,152.66,5
576511,2011-11-15,13846,43,201.13,12
576512,2011-11-15,15524,4,440.0,1
576513,2011-11-15,14715,224,272.63,22
576514,2011-11-15,13950,52,140.94,8
576516,2011-11-15,16746,204,315.68,12
576518,2011-11-15,16361,74,176.89,28
576519,2011-11-15,12676,67,181.66,8
576520,2011-11-15,14467,92,172.65,30
576521,2011-11-15,18259,336,1070.4,14
576538,2011-11-15,14725,593,718.08,52
576539,2011-11-15,13058,26,133.7,2
576540,2011-11-15,18043,36,107.7,22
576543,2011-11-15,13236,248,305.62,15
576553,2011-11-15,14666,161,195.25,14
576554,2011-11-15,13066,186,318.99,20
576555,2011-11-15,17861,223,247.15,13
576556,2011-11-15,14640,201,317.95,18
576557,2011-11-15,14714,229,160.19,10
576558,2011-11-15,17086,228,338.159999999999,5
576559,2011-11-15,14711,100,263.67,46
576560,2011-11-15,12877,218,275.74,60
576562,2011-11-15,14522,96,143.04,1
576563,2011-11-15,17564,73,210.55,21
576564,2011-11-15,15311,90,273.52,15
576567,2011-11-15,17220,79,114.0,12
576568,2011-11-15,17153,104,213.78,14
576570,2011-11-15,17220,90,179.78,24
576571,2011-11-15,12950,164,311.6,7
576572,2011-11-15,15514,199,355.23,2
576573,2011-11-15,16600,146,104.1,8
576574,2011-11-15,13078,299,832.01,15
576575,2011-11-15,16295,124,333.69,19
576577,2011-11-15,16557,98,180.7,5
576581,2011-11-15,15955,286,570.98,27
576586,2011-11-15,12415,240,429.6,1
576587,2011-11-15,18123,202,265.96,21
576589,2011-11-15,17659,367,437.79,26
576590,2011-11-15,16240,706,1894.01,60
576591,2011-11-15,16422,120,136.32,2
576592,2011-11-15,13614,256,513.33,94
576593,2011-11-15,15720,281,598.73,128
576595,2011-11-15,14911,199,376.58,8
576596,2011-11-15,14911,52,107.799999999999,5
576597,2011-11-15,14194,682,1025.35,46
576598,2011-11-15,13437,104,352.6,10
576599,2011-11-15,14544,700,902.53,57
576600,2011-11-15,18181,146,382.8,44
576601,2011-11-15,14595,22,81.54,6
576602,2011-11-15,14156,226,832.58,13
576603,2011-11-15,14911,195,524.28,29
576604,2011-11-15,13435,460,835.97,19
576605,2011-11-15,14562,66,215.84,13
576606,2011-11-15,13410,112,274.4,5
576607,2011-11-15,12474,540,762.56,43
576608,2011-11-15,17381,1152,595.44,3
576609,2011-11-15,15556,236,279.77,31
576610,2011-11-15,15679,90,46.62,4
576611,2011-11-15,17357,151,382.24,44
576612,2011-11-15,17357,2,5.9,1
576613,2011-11-15,13854,60,310.04,4
576614,2011-11-15,12933,121,250.04,57
576615,2011-11-15,17231,222,389.76,79
576616,2011-11-15,14853,48,261.3,6
576622,2011-11-15,14217,43,105.76,7
576623,2011-11-15,12748,1082,1301.0,7
576624,2011-11-15,16156,178,396.0,15
576625,2011-11-15,15571,34,121.6,7
576626,2011-11-15,12890,259,380.469999999999,82
576627,2011-11-16,14426,216,361.8,8
576628,2011-11-16,13449,222,291.88,19
576629,2011-11-16,12621,253,610.28,17
576630,2011-11-16,13816,91,199.98,11
576631,2011-11-16,16626,184,226.399999999999,5
576633,2011-11-16,13297,177,356.39,8
576634,2011-11-16,13297,44,94.56,3
576635,2011-11-16,15269,26,408.8,2
576636,2011-11-16,12912,72,139.92,2
576637,2011-11-16,16079,210,313.62,5
576638,2011-11-16,13890,117,219.35,13
576639,2011-11-16,13894,141,282.45,15
576640,2011-11-16,13894,108,121.32,2
576641,2011-11-16,17549,150,120.66,4
576642,2011-11-16,12963,55,138.21,9
576645,2011-11-16,16245,584,643.96,39
576648,2011-11-16,14057,490,639.16,14
576649,2011-11-16,16008,125,148.07,16
576650,2011-11-16,14286,1505,1935.9,92
576651,2011-11-16,14626,209,609.07,27
576652,2011-11-16,17198,115,170.56,19
576653,2011-11-16,14156,2900,4391.16,26
576654,2011-11-16,15584,67,144.06,29
576655,2011-11-16,15687,165,470.33,24
576656,2011-11-16,15687,24,30.0,2
576657,2011-11-16,12720,262,409.02,25
576658,2011-11-16,14534,160,296.76,23
576659,2011-11-16,15373,1,21.0,1
576660,2011-11-16,15110,66,315.7,8
576661,2011-11-16,17377,44,106.95,14
576663,2011-11-16,16157,102,247.98,7
576664,2011-11-16,14646,147,232.5,3
576665,2011-11-16,17841,460,890.19,145
576666,2011-11-16,17841,2,4.2,1
576667,2011-11-16,12963,262,498.06,22
576668,2011-11-16,18246,96,363.2,2
576669,2011-11-16,12640,25,77.76,2
576671,2011-11-16,14385,54,55.16,4
576672,2011-11-16,12731,662,1497.52,22
576676,2011-11-16,16855,84,177.2,10
576677,2011-11-16,16393,143,319.86,29
576684,2011-11-16,14092,234,625.86,24
576686,2011-11-16,16916,337,378.18,93
576687,2011-11-16,13558,82,159.13,48
576688,2011-11-16,16717,930,1995.56,92
576689,2011-11-16,16657,254,258.24,42
576690,2011-11-16,15900,221,351.11,51
576691,2011-11-16,14507,48,237.6,1
576692,2011-11-16,17412,178,201.44,12
576693,2011-11-16,13199,300,443.4,4
576694,2011-11-16,14426,231,309.37,16
576695,2011-11-16,16469,106,187.71,64
576696,2011-11-16,16669,402,645.38,82
576704,2011-11-16,14527,34,167.61,23
576734,2011-11-16,17680,96,184.4,11
576736,2011-11-16,13089,174,356.1,4
576758,2011-11-16,16814,112,273.04,9
576768,2011-11-16,13408,460,1145.32,11
576769,2011-11-16,13575,67,107.45,7
576770,2011-11-16,13926,104,223.85,11
576771,2011-11-16,13285,597,739.02,50
576772,2011-11-16,16839,170,434.5,3
576774,2011-11-16,13131,166,301.1,13
576775,2011-11-16,13629,400,716.0,3
576778,2011-11-16,16085,165,241.53,41
576779,2011-11-16,14554,756,1219.25,133
576780,2011-11-16,13258,155,370.36,19
576781,2011-11-16,13939,190,178.34,11
576782,2011-11-16,17500,4,340.0,1
576783,2011-11-16,13447,235,475.13,21
576784,2011-11-16,16204,231,405.71,57
576786,2011-11-16,16999,153,238.99,6
576787,2011-11-16,13815,499,946.41,36
576789,2011-11-16,12569,109,60.12,5
576790,2011-11-16,12569,6,67.75,2
576791,2011-11-16,17896,288,256.32,2
576792,2011-11-16,17596,459,295.17,11
576809,2011-11-16,14851,186,305.22,14
576824,2011-11-16,12910,150,408.66,6
576826,2011-11-16,12910,36,49.8,2
576827,2011-11-16,12901,720,612.0,1
576830,2011-11-16,14898,156,292.22,45
576832,2011-11-16,13102,161,263.0,9
576833,2011-11-16,17434,397,226.17,17
576834,2011-11-16,13458,193,389.41,18
576836,2011-11-16,16191,322,462.28,14
576838,2011-11-16,18075,170,353.98,20
576841,2011-11-16,17368,34,110.08,28
576842,2011-11-16,13599,226,295.8,14
576844,2011-11-16,16713,794,1115.52,27
576845,2011-11-16,12991,44,200.2,9
576846,2011-11-16,13500,289,497.97,27
576847,2011-11-16,17017,412,456.599999999999,11
576848,2011-11-16,15051,124,245.68,34
576849,2011-11-16,13924,7,23.55,3
576851,2011-11-16,15967,149,245.03,49
576852,2011-11-16,16809,194,294.32,37
576853,2011-11-16,12971,57,93.39,3
576854,2011-11-16,12993,36,42.36,3
576855,2011-11-16,17757,200,238.92,28
576857,2011-11-16,12748,142,228.58,92
576859,2011-11-16,18167,152,495.78,15
576860,2011-11-16,17602,639,769.36,83
576861,2011-11-16,18041,340,220.94,17
576862,2011-11-16,14825,125,290.81,12
576863,2011-11-16,12626,123,251.97,13
576864,2011-11-16,12748,181,206.28,61
576865,2011-11-16,12748,45,103.69,28
576867,2011-11-16,13012,122,285.3,16
576869,2011-11-16,12500,577,617.04,5
576872,2011-11-16,13238,111,277.88,14
576873,2011-11-16,17835,161,109.84,19
576874,2011-11-16,15432,65,171.19,10
576875,2011-11-16,15805,160,370.4,10
576876,2011-11-16,16804,188,411.98,40
576877,2011-11-16,16804,24,6.95999999999999,1
576878,2011-11-16,18059,52,86.6,5
576879,2011-11-16,18006,220,444.68,22
576880,2011-11-16,14911,148,350.62,18
576881,2011-11-16,14673,233,389.13,14
576888,2011-11-16,14948,104,267.7,12
576889,2011-11-16,12748,149,293.92,35
576890,2011-11-16,12662,223,328.65,23
576891,2011-11-16,12662,42,120.9,6
576892,2011-11-17,15737,37,67.0099999999999,4
576893,2011-11-17,12481,153,186.799999999999,12
576894,2011-11-17,12681,110,291.86,16
576895,2011-11-17,12356,5,58.3499999999999,2
576896,2011-11-17,14735,80,181.6,3
576897,2011-11-17,17828,186,743.43,12
576899,2011-11-17,14911,248,759.48,32
576900,2011-11-17,15489,210,343.38,9
576901,2011-11-17,16929,119,207.99,10
576902,2011-11-17,17330,20,99.0,1
576904,2011-11-17,14931,78,211.63,9
576905,2011-11-17,13308,164,285.88,17
576906,2011-11-17,18225,575,616.48,33
576907,2011-11-17,12610,169,248.2,9
576909,2011-11-17,12471,519,1072.12,32
576910,2011-11-17,12477,473,2037.69,45
576911,2011-11-17,17461,342,349.2,61
576912,2011-11-17,13756,228,411.96,7
576913,2011-11-17,13756,60,55.08,3
576914,2011-11-17,15124,144,93.44,6
576915,2011-11-17,17461,22,25.6999999999999,3
576916,2011-11-17,14655,175,358.15,12
576917,2011-11-17,17613,143,289.1,15
576920,2011-11-17,13871,266,532.76,23
576922,2011-11-17,17613,20,7.8,1
576923,2011-11-17,12753,2210,4808.48,31
576924,2011-11-17,17419,201,477.67,23
576926,2011-11-17,14113,188,442.14,14
576927,2011-11-17,12567,772,1551.3,81
576928,2011-11-17,14102,131,175.95,9
576929,2011-11-17,16638,56,129.78,7
576930,2011-11-17,14834,122,311.44,8
576931,2011-11-17,13028,418,305.38,21
576932,2011-11-17,15443,209,492.51,55
576933,2011-11-17,15529,316,351.54,79
576941,2011-11-17,12562,215,619.9,19
576948,2011-11-17,14515,217,533.69,23
576958,2011-11-17,14515,9,13.0499999999999,1
576971,2011-11-17,14032,200,312.92,16
576984,2011-11-17,14332,191,280.97,10
576995,2011-11-17,16298,64,244.66,7
577000,2011-11-17,17716,120,306.0,3
577008,2011-11-17,16869,134,133.02,29
577009,2011-11-17,12749,164,572.59,32
577010,2011-11-17,15506,475,464.85,72
577011,2011-11-17,15657,24,30.0,1
577016,2011-11-17,17095,384,780.199999999999,40
577018,2011-11-17,12971,82,163.74,3
577019,2011-11-17,14112,88,211.1,6
577020,2011-11-17,17147,193,365.29,16
577021,2011-11-17,12931,906,2209.74,3
577022,2011-11-17,13668,195,331.55,38
577023,2011-11-17,16186,240,412.8,19
577024,2011-11-17,14704,107,159.65,46
577025,2011-11-17,16161,174,363.62,23
577026,2011-11-17,17237,79,243.6,12
577027,2011-11-17,12647,132,321.15,7
577028,2011-11-17,17080,94,211.299999999999,7
577029,2011-11-17,15563,729,655.819999999999,50
577030,2011-11-17,14060,336,412.56,8
577031,2011-11-17,15298,170,301.64,15
577032,2011-11-17,13160,56,91.8,4
577033,2011-11-17,17797,231,453.45,55
577034,2011-11-17,12847,909,871.54,91
577035,2011-11-17,15187,126,341.159999999999,10
577036,2011-11-17,17797,18,54.57,12
577038,2011-11-17,14796,346,401.78,62
577039,2011-11-17,12539,446,1050.66,43
577041,2011-11-17,15864,144,152.64,1
577043,2011-11-17,14282,90,174.9,7
577044,2011-11-17,17428,240,460.8,2
577045,2011-11-17,17428,100,145.0,1
577046,2011-11-17,12449,524,1342.71,59
577047,2011-11-17,13014,42,315.9,4
577048,2011-11-17,13247,38,65.7,4
577049,2011-11-17,17397,104,298.78,41
577050,2011-11-17,14191,798,738.67,36
577051,2011-11-17,14034,116,177.91,64
577052,2011-11-17,17397,150,397.63,51
577053,2011-11-17,13001,321,612.39,23
577054,2011-11-17,13815,96,103.2,4
577055,2011-11-17,15189,228,599.16,7
577056,2011-11-17,17985,183,634.95,23
577057,2011-11-17,12748,528,539.97,154
577058,2011-11-17,18122,357,421.969999999999,112
577059,2011-11-17,13704,102,237.359999999999,12
577060,2011-11-17,14397,92,131.8,4
577061,2011-11-17,14911,383,842.94,45
577062,2011-11-17,18221,197,162.95,11
577063,2011-11-17,17183,195,447.93,7
577064,2011-11-17,16656,562,295.14,3
577065,2011-11-17,13890,53,146.35,8
577067,2011-11-17,12704,170,164.72,4
577068,2011-11-17,15563,30,9.0,1
577069,2011-11-17,12704,13,69.61,4
577071,2011-11-17,13969,481,1166.7,53
577072,2011-11-17,15089,22,99.7,4
577074,2011-11-17,15399,284,243.96,17
577076,2011-11-17,14362,100,161.2,41
577077,2011-11-17,17799,409,524.18,65
577079,2011-11-17,14416,64,129.22,3
577080,2011-11-17,17001,172,357.6,13
577082,2011-11-17,15811,311,444.82,28
577083,2011-11-17,15287,257,145.71,5
577084,2011-11-17,16626,43,282.25,6
577085,2011-11-17,12997,194,310.5,10
577086,2011-11-17,16070,206,165.3,14
577087,2011-11-17,12464,10,149.6,3
577088,2011-11-17,15267,96,129.6,2
577089,2011-11-17,12841,73,166.15,13
577090,2011-11-17,13828,311,209.49,15
577091,2011-11-17,16531,43,131.95,7
577092,2011-11-17,15136,238,446.9,23
577093,2011-11-17,13089,150,426.06,18
577094,2011-11-17,15435,54,149.29,29
577095,2011-11-17,15867,191,219.44,36
577097,2011-11-17,17243,144,616.8,3
577098,2011-11-17,16839,130,472.0,5
577099,2011-11-17,13313,190,312.68,14
577100,2011-11-17,16009,20,59.0,1
577101,2011-11-17,13138,66,130.7,8
577103,2011-11-17,15081,25,88.25,6
577104,2011-11-17,12747,83,312.73,11
577105,2011-11-17,16076,118,186.179999999999,9
577106,2011-11-17,14456,272,336.54,122
577107,2011-11-17,16558,348,851.06,35
577108,2011-11-17,15983,192,326.75,32
577109,2011-11-17,16042,209,304.47,20
577110,2011-11-17,14234,126,113.64,7
577121,2011-11-17,12681,514,800.96,32
577125,2011-11-17,12445,62,133.4,4
577126,2011-11-17,12406,1025,1794.05,56
577127,2011-11-17,16871,192,445.08,17
577128,2011-11-17,14508,61,138.86,33
577129,2011-11-17,15602,28,46.8,2
577130,2011-11-17,15861,1,165.0,1
577132,2011-11-18,13599,30,184.26,3
577133,2011-11-18,13962,57,51.95,4
577134,2011-11-18,14434,68,340.8,2
577135,2011-11-18,12427,340,239.72,6
577136,2011-11-18,17163,40,170.0,2
577137,2011-11-18,14110,96,325.44,1
577138,2011-11-18,13079,6,17.7,1
577139,2011-11-18,16500,22,42.9,3
577140,2011-11-18,13269,18,55.6,3
577141,2011-11-18,13269,315,553.14,27
577142,2011-11-18,13985,171,344.51,18
577143,2011-11-18,13200,70,142.88,9
577146,2011-11-18,16414,11,75.45,4
577148,2011-11-18,13941,586,1253.66,9
577152,2011-11-18,14277,300,499.4,24
577155,2011-11-18,13050,192,349.4,17
577156,2011-11-18,13471,423,604.73,34
577157,2011-11-18,12451,669,925.64,44
577158,2011-11-18,16293,135,342.83,20
577160,2011-11-18,16134,213,334.56,19
577161,2011-11-18,18210,120,280.3,15
577162,2011-11-18,13323,30,137.3,4
577165,2011-11-18,13171,116,195.52,10
577166,2011-11-18,12936,40,102.0,1
577167,2011-11-18,16511,142,367.56,66
577168,2011-11-18,12603,64,739.199999999999,3
577169,2011-11-18,14641,90,110.46,7
577170,2011-11-18,13456,55,200.45,7
577171,2011-11-18,17159,565,612.21,46
577172,2011-11-18,17760,74,115.05,16
577173,2011-11-18,14849,488,579.86,20
577174,2011-11-18,17841,135,314.08,87
577175,2011-11-18,14849,156,223.06,11
577176,2011-11-18,13305,141,316.45,14
577177,2011-11-18,12748,2,4.16,1
577178,2011-11-18,12618,96,177.31,11
577179,2011-11-18,18061,16,92.4,2
577180,2011-11-18,12380,315,1040.39,17
577182,2011-11-18,16945,186,304.7,17
577202,2011-11-18,12989,78,354.96,3
577209,2011-11-18,15621,200,563.28,3
577217,2011-11-18,17324,206,247.36,31
577218,2011-11-18,13117,242,143.14,10
577228,2011-11-18,12391,300,460.89,100
577230,2011-11-18,18034,177,158.53,44
577235,2011-11-18,14367,148,314.85,14
577252,2011-11-18,18034,384,264.35,68
577256,2011-11-18,15530,284,333.62,14
577258,2011-11-18,16764,108,222.43,64
577286,2011-11-18,14606,63,129.14,32
577289,2011-11-18,12931,516,444.96,2
577295,2011-11-18,12682,157,374.68,10
577296,2011-11-18,17286,118,153.92,45
577297,2011-11-18,14593,214,278.4,88
577298,2011-11-18,14299,497,525.55,18
577299,2011-11-18,12498,81,126.0,8
577300,2011-11-18,16924,312,323.1,35
577301,2011-11-18,12498,9,30.45,2
577302,2011-11-18,17904,63,191.67,38
577303,2011-11-18,14390,413,974.81,40
577308,2011-11-18,15088,120,295.88,17
577309,2011-11-18,15933,269,379.19,27
577310,2011-11-18,13516,665,769.0,6
577311,2011-11-18,18225,38,110.22,21
577312,2011-11-18,17049,422,738.18,37
577313,2011-11-18,14342,125,157.78,5
577314,2011-11-18,12444,242,936.64,35
577315,2011-11-18,17811,154,219.92,43
577316,2011-11-18,12578,448,1185.85,44
577317,2011-11-18,16426,95,197.74,52
577318,2011-11-18,17675,457,1072.73,24
577319,2011-11-18,17301,149,197.63,66
577320,2011-11-18,13880,259,396.65,25
577321,2011-11-18,15311,214,266.91,10
577322,2011-11-18,17888,200,72.0,1
577324,2011-11-18,16463,379,303.01,22
577325,2011-11-18,13094,144,152.64,2
577326,2011-11-18,14646,34,166.0,2
577328,2011-11-18,14088,58,188.7,2
577329,2011-11-18,17779,47,169.06,16
577331,2011-11-18,14667,370,467.57,45
577332,2011-11-18,13013,151,297.65,12
577333,2011-11-18,14868,130,370.14,17
577334,2011-11-18,15368,230,446.94,4
577335,2011-11-18,14285,106,355.98,5
577336,2011-11-18,14793,91,228.99,14
577337,2011-11-18,15494,71,171.85,37
577338,2011-11-18,17650,150,166.08,8
577341,2011-11-18,16279,584,778.6,44
577344,2011-11-18,12437,93,198.6,10
577347,2011-11-18,13960,102,102.12,8
577352,2011-11-18,14820,50,126.0,6
577355,2011-11-18,14911,296,785.56,44
577356,2011-11-18,16350,60,114.6,4
577357,2011-11-18,13098,356,867.64,13
577359,2011-11-18,14903,202,398.81,61
577361,2011-11-18,13012,4,15.0,1
577365,2011-11-18,17063,219,366.17,16
577382,2011-11-18,17961,16,12.4,3
577387,2011-11-18,17961,1,4.25,1
577393,2011-11-18,14031,806,2068.09,22
577396,2011-11-18,17621,204,478.12,11
577400,2011-11-18,16201,328,571.24,31
577402,2011-11-20,15465,248,786.439999999999,9
577403,2011-11-20,13988,392,462.44,27
577404,2011-11-20,17243,279,450.12,19
577405,2011-11-20,14116,98,212.92,8
577406,2011-11-20,12702,53,219.0,12
577407,2011-11-20,14739,332,509.96,10
577408,2011-11-20,14805,15,110.95,9
577409,2011-11-20,16779,276,882.86,17
577410,2011-11-20,14664,164,248.85,33
577411,2011-11-20,17387,298,437.67,58
577429,2011-11-20,14881,316,255.4,17
577438,2011-11-20,18118,87,209.31,49
577440,2011-11-20,14477,180,345.4,3
577443,2011-11-20,12971,144,172.799999999999,3
577469,2011-11-20,15009,198,320.38,67
577472,2011-11-20,14503,484,1051.84,36
577473,2011-11-20,15919,303,369.17,94
577474,2011-11-20,12778,155,158.24,8
577475,2011-11-20,15152,263,439.8,30
577476,2011-11-20,12540,400,888.27,27
577477,2011-11-20,14157,85,155.71,9
577478,2011-11-20,15963,126,190.72,10
577479,2011-11-20,14911,440,917.54,41
577480,2011-11-20,14525,539,996.62,66
577482,2011-11-20,16762,282,613.78,55
577483,2011-11-20,14502,245,351.13,84
577484,2011-11-20,13536,463,492.94,23
577485,2011-11-20,16360,423,735.84,147
577487,2011-11-20,15061,396,333.36,5
577488,2011-11-20,13090,188,575.76,11
577490,2011-11-20,16464,272,316.43,56
577491,2011-11-20,14595,49,125.99,6
577492,2011-11-20,16900,236,125.48,8
577493,2011-11-20,17323,159,220.049999999999,50
577494,2011-11-20,16506,18,35.1,1
577495,2011-11-20,14704,121,237.4,65
577496,2011-11-20,16784,24,107.6,3
577497,2011-11-20,17555,193,287.81,57
577498,2011-11-20,15906,70,155.38,17
577499,2011-11-20,15906,15,24.11,9
577500,2011-11-20,14052,89,225.36,56
577501,2011-11-20,14075,282,317.56,17
577502,2011-11-20,12598,221,576.29,26
577503,2011-11-20,18110,86,236.3,46
577504,2011-11-20,14159,725,847.819999999999,198
577505,2011-11-20,13118,124,378.31,30
577506,2011-11-20,13212,215,496.61,86
577507,2011-11-20,14710,132,232.09,58
577508,2011-11-20,18127,109,185.34,34
577510,2011-11-20,13118,12,19.7999999999999,1
577511,2011-11-20,17561,146,167.62,46
577512,2011-11-20,12523,77,262.42,13
577514,2011-11-20,16212,93,192.19,11
577515,2011-11-20,13427,114,117.74,6
577516,2011-11-20,16533,75,107.7,33
577517,2011-11-20,16710,158,360.05,52
577518,2011-11-20,14359,50,126.7,8
577519,2011-11-20,15044,726,866.97,66
577520,2011-11-20,14553,187,141.48,34
577521,2011-11-20,16411,62,83.15,24
577522,2011-11-20,15988,181,158.03,27
577523,2011-11-20,12597,77,205.96,12
577524,2011-11-20,16905,320,546.64,51
577525,2011-11-20,16905,133,161.35,7
577526,2011-11-20,16513,318,554.34,30
577527,2011-11-20,17523,97,188.73,22
577528,2011-11-20,15745,63,177.31,9
577529,2011-11-20,17523,288,60.48,1
577530,2011-11-20,14950,136,371.2,19
577532,2011-11-20,16666,233,118.98,32
577533,2011-11-20,16877,71,135.11,23
577534,2011-11-20,18127,51,23.79,5
577535,2011-11-20,14071,261,341.24,78
577536,2011-11-20,15850,60,119.97,50
577537,2011-11-20,14860,232,170.32,11
577538,2011-11-20,18040,52,118.2,7
577539,2011-11-20,14547,502,507.68,24
577540,2011-11-20,14984,39,103.09,24
577541,2011-11-20,16899,196,381.7,21
577542,2011-11-20,13565,94,130.04,25
577543,2011-11-20,17636,182,285.56,20
577544,2011-11-20,17758,353,673.21,71
577545,2011-11-20,16931,240,299.09,55
577546,2011-11-20,17758,25,10.5,1
577548,2011-11-20,16710,70,29.4,6
577549,2011-11-20,17841,368,444.47,93
577550,2011-11-20,17738,318,307.56,20
577551,2011-11-20,12395,125,265.83,15
577552,2011-11-20,14282,90,150.3,9
577553,2011-11-20,17425,36,70.2,1
577554,2011-11-20,15533,106,252.829999999999,39
577555,2011-11-20,13200,36,100.2,2
577556,2011-11-20,13832,28,52.1999999999999,3
577557,2011-11-20,15426,226,446.159999999999,94
577572,2011-11-20,17384,45,108.75,12
577579,2011-11-20,14415,38,111.18,7
577594,2011-11-20,13142,258,307.09,23
577595,2011-11-20,16399,105,230.16,42
577596,2011-11-21,18080,312,390.0,1
577597,2011-11-21,16366,256,327.3,18
577598,2011-11-21,13430,318,343.14,20
577599,2011-11-21,15738,202,316.9,12
577600,2011-11-21,14447,126,290.76,14
577601,2011-11-21,17675,444,978.58,40
577602,2011-11-21,16139,175,329.04,16
577603,2011-11-21,15500,100,147.04,12
577604,2011-11-21,14300,32,43.2,3
577605,2011-11-21,13199,408,400.08,5
577606,2011-11-21,12462,249,427.48,22
577607,2011-11-21,14911,12,95.4,1
577609,2011-11-21,12349,631,1757.55,73
577610,2011-11-21,15373,82,362.48,18
577613,2011-11-21,14911,614,805.2,50
577615,2011-11-21,12658,320,686.05,36
577616,2011-11-21,13823,114,307.24,14
577617,2011-11-21,14883,90,95.52,6
577618,2011-11-21,12795,68,430.48,14
577633,2011-11-21,14194,403,1120.11,48
577646,2011-11-21,13189,316,133.68,11
577669,2011-11-21,15567,223,186.01,7
577680,2011-11-21,17227,129,219.01,7
577687,2011-11-21,12583,271,397.72,16
577689,2011-11-21,17664,195,278.45,20
577690,2011-11-21,12856,145,349.39,43
577691,2011-11-21,14587,33,127.61,20
577694,2011-11-21,14702,66,129.4,12
577695,2011-11-21,15645,256,612.01,52
577696,2011-11-21,16406,123,163.07,63
577697,2011-11-21,15804,122,135.06,11
577698,2011-11-21,14963,318,320.89,34
577699,2011-11-21,13971,234,400.7,19
577700,2011-11-21,14449,110,192.4,47
577701,2011-11-21,13673,64,183.32,24
577711,2011-11-21,15527,94,180.34,40
577716,2011-11-21,15857,308,297.0,14
577718,2011-11-21,16013,224,523.2,2
577719,2011-11-21,16013,414,1100.22,9
577720,2011-11-21,16013,530,1809.7,8
577721,2011-11-21,13167,92,131.66,11
577723,2011-11-21,16713,299,505.6,79
577724,2011-11-21,12984,26,97.5,4
577725,2011-11-21,14607,14,45.3,3
577726,2011-11-21,15676,70,167.92,6
577727,2011-11-21,15671,265,362.76,5
577728,2011-11-21,17811,274,375.27,46
577729,2011-11-21,15179,422,563.28,34
577730,2011-11-21,17253,43,178.26,18
577732,2011-11-21,15093,481,569.92,12
577733,2011-11-21,15163,138,149.47,19
577734,2011-11-21,17502,54,132.0,4
577735,2011-11-21,14482,428,388.8,11
577736,2011-11-21,14606,67,110.92,24
577738,2011-11-21,13739,54,216.9,3
577739,2011-11-21,14551,40,60.8,3
577740,2011-11-21,17625,200,427.8,60
577741,2011-11-21,12921,201,467.11,22
577742,2011-11-21,13755,224,456.12,72
577743,2011-11-21,17006,64,145.11,17
577744,2011-11-21,18229,104,368.6,10
577745,2011-11-21,18139,404,461.4,18
577746,2011-11-21,15274,377,383.99,25
577747,2011-11-21,17450,1182,5490.24,14
577748,2011-11-21,15159,828,1437.5,49
577749,2011-11-21,16242,299,534.2,41
577751,2011-11-21,12904,137,264.89,40
577754,2011-11-21,18139,1524,2675.28,34
577755,2011-11-21,17010,118,195.36,11
577756,2011-11-21,15115,157,340.11,21
577757,2011-11-21,13755,14,43.62,8
577769,2011-11-21,16379,272,453.08,22
577770,2011-11-21,13282,135,359.04,15
577771,2011-11-21,16168,20,41.6,2
577772,2011-11-21,18139,536,689.52,22
577773,2011-11-21,16712,354,510.4,93
577774,2011-11-21,16712,209,385.57,56
577776,2011-11-21,12504,3,32.65,3
577778,2011-11-21,16549,78,153.38,65
577782,2011-11-21,16549,132,271.59,85
577783,2011-11-21,18139,1644,2786.4,35
577784,2011-11-21,13862,147,119.66,8
577785,2011-11-21,16369,532,701.97,53
577790,2011-11-21,14198,44,172.6,10
577791,2011-11-21,17100,793,939.89,63
577792,2011-11-21,17100,7,31.85,2
577793,2011-11-21,13468,69,135.43,9
577794,2011-11-21,14030,449,543.28,58
577795,2011-11-21,13246,56,126.31,26
577796,2011-11-21,15105,66,233.9,11
577797,2011-11-21,15105,12,15.0,1
577798,2011-11-21,17757,209,298.34,21
577800,2011-11-21,15484,670,889.38,36
577801,2011-11-21,17629,298,82.5,9
577802,2011-11-21,15132,10,29.5,1
577804,2011-11-21,17432,92,189.87,33
577805,2011-11-22,13881,658,1459.75999999999,7
577806,2011-11-22,12963,26,82.0,5
577807,2011-11-22,15699,113,309.65,18
577808,2011-11-22,13403,44,75.0,3
577809,2011-11-22,12584,63,414.25,13
577810,2011-11-22,17949,1000,720.0,1
577811,2011-11-22,16311,179,214.71,14
577812,2011-11-22,16956,114,308.74,16
577813,2011-11-22,14297,458,580.38,26
577814,2011-11-22,15106,122,120.06,9
577816,2011-11-22,18139,864,1090.92,28
577818,2011-11-22,13456,195,256.45,10
577820,2011-11-22,13408,344,604.0,7
577822,2011-11-22,14607,1600,2000.0,10
577823,2011-11-22,16107,216,392.4,2
577824,2011-11-22,15845,97,301.29,11
577825,2011-11-22,17453,59,144.72,10
577826,2011-11-22,17600,144,161.67,13
577827,2011-11-22,16782,83,276.85,11
577830,2011-11-22,15187,124,174.6,4
577831,2011-11-22,16748,190,266.7,19
577833,2011-11-22,17315,58,145.649999999999,9
577834,2011-11-22,17528,325,542.99,28
577835,2011-11-22,16607,165,284.02,12
577837,2011-11-22,14834,120,213.72,5
577838,2011-11-22,16352,156,289.52,14
577840,2011-11-22,17324,32,40.64,2
577841,2011-11-22,14262,86,205.62,6
577842,2011-11-22,16353,177,787.55,8
577843,2011-11-22,16353,48,237.6,1
577845,2011-11-22,18139,585,734.819999999999,22
577848,2011-11-22,13247,9,44.55,1
577850,2011-11-22,14911,870,1136.96,63
577851,2011-11-22,13267,154,348.38,12
577852,2011-11-22,16532,480,2232.0,1
577853,2011-11-22,13681,44,117.08,10
577854,2011-11-22,16128,88,189.64,5
577855,2011-11-22,15877,175,242.26,109
577856,2011-11-22,12490,186,357.88,13
577857,2011-11-22,13499,336,221.64,6
577858,2011-11-22,16365,63,396.65,2
577859,2011-11-22,14534,111,238.41,21
577860,2011-11-22,16655,200,269.64,11
577861,2011-11-22,13924,236,351.64,21
577869,2011-11-22,13268,318,302.219999999999,37
577880,2011-11-22,14515,138,206.28,12
577893,2011-11-22,17073,159,279.37,36
577897,2011-11-22,14424,48,322.08,1
577905,2011-11-22,15497,96,291.6,5
577906,2011-11-22,13268,76,22.04,1
577919,2011-11-22,17075,51,138.05,15
577938,2011-11-22,15525,164,197.299999999999,40
577950,2011-11-22,14129,151,245.05,10
577951,2011-11-22,17238,192,247.68,34
577973,2011-11-22,13798,248,394.14,6
577980,2011-11-22,16330,124,202.95,22
577985,2011-11-22,15116,117,150.0,9
578004,2011-11-22,17155,88,108.399999999999,11
578005,2011-11-22,16985,146,522.98,11
578006,2011-11-22,13363,267,388.68,21
578008,2011-11-22,14657,127,209.28,33
578009,2011-11-22,14467,58,114.14,19
578010,2011-11-22,15971,100,204.0,1
578011,2011-11-22,15150,204,292.59,20
578012,2011-11-22,14768,12,59.4,1
578013,2011-11-22,17360,113,111.91,32
578014,2011-11-22,13199,36,149.4,1
578015,2011-11-22,12971,408,291.359999999999,10
578016,2011-11-22,14506,257,496.92,72
578017,2011-11-22,13569,120,255.43,61
578018,2011-11-22,15311,431,714.09,34
578019,2011-11-22,17360,55,142.93,40
578020,2011-11-22,16979,206,418.03,31
578021,2011-11-22,12748,9,30.3499999999999,9
578022,2011-11-22,17371,85,270.45,62
578023,2011-11-22,17502,24,30.0,1
578024,2011-11-22,12705,341,639.2,36
578025,2011-11-22,16722,548,309.36,15
578026,2011-11-22,17659,177,599.78,33
578027,2011-11-22,15977,706,699.1,37
578028,2011-11-22,17371,27,55.81,17
578029,2011-11-22,16985,285,860.699999999999,24
578030,2011-11-22,15498,254,662.66,20
578031,2011-11-22,15796,80,376.2,18
578032,2011-11-22,16633,261,647.94,40
578033,2011-11-22,12656,175,585.75,28
578034,2011-11-22,14646,377,588.24,5
578035,2011-11-22,16422,396,284.04,6
578036,2011-11-22,16474,226,351.9,78
578038,2011-11-22,14251,186,346.14,9
578040,2011-11-22,13322,117,199.48,25
578041,2011-11-22,17338,777,1436.91,184
578042,2011-11-22,17500,6,510.0,1
578043,2011-11-22,12474,221,416.17,23
578044,2011-11-22,13488,394,722.14,28
578045,2011-11-22,17297,67,131.78,51
578053,2011-11-22,14422,307,330.55,20
578054,2011-11-22,14911,239,616.0,10
578055,2011-11-22,13986,430,320.46,13
578056,2011-11-22,16164,194,334.9,12
578057,2011-11-22,12920,129,164.23,28
578058,2011-11-22,18249,128,95.34,8
578059,2011-11-22,13940,140,222.84,8
578060,2011-11-22,17857,3200,976.0,3
578063,2011-11-22,16929,132,235.96,14
578064,2011-11-22,13238,50,104.0,1
578068,2011-11-22,14505,329,695.19,119
578069,2011-11-22,14329,327,351.95,16
578070,2011-11-22,14329,10,16.5,1
578071,2011-11-22,13599,128,272.36,6
578072,2011-11-22,17759,631,667.84,77
578074,2011-11-22,17590,479,808.91,128
578075,2011-11-22,15039,63,118.789999999999,24
578078,2011-11-22,12586,79,196.94,11
578079,2011-11-22,13985,198,466.18,23
578080,2011-11-22,15634,99,243.55,15
578081,2011-11-22,14051,240,958.2,10
578082,2011-11-22,12775,137,221.36,14
578084,2011-11-22,12465,185,301.25,21
578085,2011-11-22,13319,189,294.88,12
578086,2011-11-22,17519,194,356.02,16
578087,2011-11-22,15965,87,150.55,13
578088,2011-11-22,16376,658,874.25,106
578089,2011-11-22,12483,120,406.72,6
578091,2011-11-22,14554,49,82.91,4
578092,2011-11-22,16811,393,314.77,18
578093,2011-11-22,14911,376,302.24,17
578094,2011-11-22,16261,64,184.4,23
578096,2011-11-22,12936,32,83.96,2
578098,2011-11-22,12936,53,79.48,26
578099,2011-11-23,12452,183,350.57,21
578100,2011-11-23,15814,236,368.14,18
578101,2011-11-23,13089,60,105.0,3
578102,2011-11-23,13089,126,409.0,12
578103,2011-11-23,17554,156,254.12,9
578104,2011-11-23,13969,90,308.46,15
578105,2011-11-23,14911,60,177.33,8
578106,2011-11-23,16133,174,312.5,6
578107,2011-11-23,15949,116,127.68,7
578108,2011-11-23,14912,526,385.06,13
578109,2011-11-23,14020,261,311.66,21
578111,2011-11-23,14790,98,164.28,5
578112,2011-11-23,16670,24,30.0,1
578113,2011-11-23,14560,168,92.4,4
578114,2011-11-23,16185,107,194.41,12
578115,2011-11-23,16600,146,115.9,8
578116,2011-11-23,13078,285,314.81,7
578117,2011-11-23,14334,134,223.5,14
578118,2011-11-23,12955,620,842.02,29
578119,2011-11-23,17769,32,72.0,4
578120,2011-11-23,14493,252,381.2,21
578121,2011-11-23,14547,247,400.4,21
578123,2011-11-23,12452,2,80.0,1
578125,2011-11-23,17511,3806,3956.68,45
578126,2011-11-23,16900,101,8.95,2
578127,2011-11-23,13408,268,472.6,6
578128,2011-11-23,12919,156,269.52,8
578129,2011-11-23,13502,154,102.84,9
578130,2011-11-23,15611,28,104.2,4
578133,2011-11-23,14205,78,243.8,10
578140,2011-11-23,14646,5760,7952.68,42
578141,2011-11-23,14646,200,290.0,1
578143,2011-11-23,14646,1284,1835.96,11
578146,2011-11-23,13742,123,339.4,49
578147,2011-11-23,12748,136,193.51,47
578150,2011-11-23,16020,10,16.5,1
578151,2011-11-23,16020,187,315.71,19
578152,2011-11-23,16954,12,131.399999999999,1
578153,2011-11-23,12748,191,193.29,51
578154,2011-11-23,15117,1,1.65,1
578155,2011-11-23,12748,73,176.94,51
578171,2011-11-23,17685,207,392.4,16
578174,2011-11-23,13576,111,219.23,11
578187,2011-11-23,14336,770,500.52,31
578192,2011-11-23,16954,12,102.0,1
578196,2011-11-23,16168,12,83.4,1
578211,2011-11-23,12748,343,319.71,59
578220,2011-11-23,16525,214,341.54,5
578225,2011-11-23,17700,441,852.81,48
578229,2011-11-23,16066,109,273.35,21
578230,2011-11-23,15189,144,354.0,2
578231,2011-11-23,14527,66,286.8,24
578232,2011-11-23,17135,1,85.0,1
578233,2011-11-23,14049,1699,2396.33,212
578234,2011-11-23,13650,130,298.24,17
578243,2011-11-23,13448,452,1050.32,33
578244,2011-11-23,15727,438,569.67,39
578246,2011-11-23,13991,162,116.46,6
578247,2011-11-23,14581,217,138.6,17
578248,2011-11-23,16255,306,437.12,38
578249,2011-11-23,16660,120,457.2,1
578250,2011-11-23,15901,56,130.53,50
578251,2011-11-23,15993,361,417.05,78
578252,2011-11-23,16079,228,530.16,5
578253,2011-11-23,14744,73,88.2,4
578254,2011-11-23,17809,180,366.8,7
578255,2011-11-23,14675,341,604.75,102
578256,2011-11-23,17809,48,69.6,1
578258,2011-11-23,13263,261,338.63,60
578260,2011-11-23,17469,172,378.9,17
578261,2011-11-23,14216,210,792.94,10
578262,2011-11-23,18283,251,313.65,107
578263,2011-11-23,17422,504,280.4,16
578264,2011-11-23,12748,99,123.64,33
578265,2011-11-23,13018,169,406.53,19
578266,2011-11-23,12748,66,141.68,41
578267,2011-11-23,12748,3,12.75,1
578268,2011-11-23,12748,1,5.45,1
578270,2011-11-23,14096,1801,6936.51999999999,442
578271,2011-11-23,13899,34,90.02,4
578272,2011-11-23,17463,126,198.31,13
578273,2011-11-23,14335,39,109.01,21
578275,2011-11-23,15916,155,188.38,34
578277,2011-11-23,12723,212,329.12,25
578278,2011-11-23,12748,437,488.25,46
578279,2011-11-23,14735,190,446.58,7
578281,2011-11-23,14099,74,213.8,15
578283,2011-11-23,13139,224,353.52,7
578284,2011-11-23,14385,66,71.6,5
578285,2011-11-23,12748,31,81.06,28
578286,2011-11-23,18084,312,90.4799999999999,1
578287,2011-11-23,12723,7,19.2599999999999,3
578288,2011-11-23,12748,7,49.0,7
578289,2011-11-23,17841,400,904.52,136
578290,2011-11-23,13644,481,778.92,37
578291,2011-11-23,16500,22,54.9,2
578292,2011-11-23,13174,425,708.76,72
578293,2011-11-23,15640,364,886.86,33
578294,2011-11-23,16790,31,91.45,5
578295,2011-11-23,12569,74,204.3,7
578296,2011-11-23,16653,24,94.8,2
578297,2011-11-23,17017,228,446.28,9
578298,2011-11-23,12619,461,398.7,17
578299,2011-11-23,16660,223,426.09,10
578300,2011-11-23,12664,73,310.0,2
578301,2011-11-23,17034,188,380.64,14
578302,2011-11-23,16057,243,718.89,38
578303,2011-11-23,14733,119,541.71,12
578304,2011-11-23,13831,124,407.4,5
578305,2011-11-23,14088,2111,10584.77,132
578306,2011-11-23,17410,150,236.34,11
578307,2011-11-23,17290,276,353.03,53
578308,2011-11-23,12748,27,34.29,14
578309,2011-11-23,15253,256,256.8,14
578310,2011-11-23,17434,160,313.52,21
578311,2011-11-23,15253,10,20.8,1
578312,2011-11-23,14032,90,229.26,8
578313,2011-11-23,17757,51,130.13,7
578314,2011-11-23,13350,132,332.55,8
578315,2011-11-23,17725,167,319.33,19
578316,2011-11-23,14189,241,302.44,18
578317,2011-11-23,15398,394,710.68,38
578318,2011-11-23,17135,120,164.7,9
578319,2011-11-23,15393,56,107.76,4
578321,2011-11-23,12557,920,2990.0,4
578322,2011-11-23,12948,60,209.94,10
578323,2011-11-23,15743,50,212.85,23
578324,2011-11-23,17530,103,178.7,27
578325,2011-11-23,16343,93,178.47,27
578326,2011-11-23,16343,102,192.01,20
578330,2011-11-24,17523,438,277.98,2
578331,2011-11-24,14911,143,207.14,10
578333,2011-11-24,12471,202,332.96,12
578334,2011-11-24,15594,64,82.8,6
578335,2011-11-24,17481,244,417.56,26
578339,2011-11-24,12421,77,178.48,9
578341,2011-11-24,16966,384,279.359999999999,2
578343,2011-11-24,13277,60,83.0,3
578345,2011-11-24,15270,252,264.6,3
578346,2011-11-24,15270,252,264.6,3
578348,2011-11-24,12494,134,162.5,11
578349,2011-11-24,14539,375,465.35,25
578350,2011-11-24,15632,205,306.35,14
578351,2011-11-24,14987,64,163.2,2
578352,2011-11-24,16596,50,129.5,6
578353,2011-11-24,14825,108,184.2,7
578354,2011-11-24,17139,232,468.52,23
578356,2011-11-24,14866,132,197.28,3
578357,2011-11-24,17228,258,188.49,18
578358,2011-11-24,15482,948,2210.64,12
578359,2011-11-24,14607,600,1074.0,6
578361,2011-11-24,13638,93,122.64,8
578362,2011-11-24,12913,551,1082.14,22
578364,2011-11-24,13588,187,220.2,12
578365,2011-11-24,15482,794,1092.1,12
578366,2011-11-24,16173,135,298.85,19
578369,2011-11-24,14698,59,136.65,20
578370,2011-11-24,17346,83,166.0,31
578372,2011-11-24,17451,8,37.2399999999999,2
578373,2011-11-24,17451,286,339.73,21
578375,2011-11-24,16157,201,240.39,5
578384,2011-11-24,16189,32,71.0,5
578400,2011-11-24,12748,110,168.13,46
578420,2011-11-24,16326,41,277.85,19
578425,2011-11-24,12705,4,72.0,1
578427,2011-11-24,15034,156,196.0,8
578429,2011-11-24,16271,351,521.21,54
578433,2011-11-24,17671,248,474.16,9
578441,2011-11-24,17133,103,285.35,3
578445,2011-11-24,15005,191,188.76,30
578451,2011-11-24,17133,48,69.6,1
578459,2011-11-24,12388,224,286.4,8
578461,2011-11-24,12748,43,193.75,11
578463,2011-11-24,12757,160,340.7,16
578468,2011-11-24,16482,346,220.62,18
578469,2011-11-24,12471,260,590.32,13
578470,2011-11-24,16824,102,237.74,13
578472,2011-11-24,12476,591,1750.46,59
578479,2011-11-24,15858,95,191.01,38
578480,2011-11-24,15502,242,317.5,12
578485,2011-11-24,12921,516,810.76,33
578488,2011-11-24,12784,298,518.42,58
578506,2011-11-24,17458,170,316.5,54
578508,2011-11-24,16892,69,150.6,40
578509,2011-11-24,12705,131,183.5,11
578510,2011-11-24,14056,206,534.73,66
578511,2011-11-24,17975,104,247.62,27
578512,2011-11-24,15187,232,435.88,5
578513,2011-11-24,16609,551,1463.64,55
578514,2011-11-24,14785,36,39.48,2
578515,2011-11-24,16885,102,153.76,40
578516,2011-11-24,14591,796,619.84,38
578517,2011-11-24,16523,318,772.54,22
578518,2011-11-24,14606,73,110.57,29
578519,2011-11-24,14591,220,373.5,91
578520,2011-11-24,14591,176,203.58,23
578521,2011-11-24,17812,85,203.38,43
578522,2011-11-24,17254,151,170.31,55
578523,2011-11-24,15311,150,150.76,16
578526,2011-11-24,13995,98,215.76,13
578530,2011-11-24,14251,138,301.14,10
578531,2011-11-24,17364,205,250.26,67
578532,2011-11-24,18130,180,289.62,18
578533,2011-11-24,17767,128,271.2,21
578534,2011-11-24,15725,221,415.25,32
578535,2011-11-24,13207,58,52.7399999999999,3
578541,2011-11-24,14277,825,2079.37,126
578544,2011-11-24,17096,94,314.58,16
578547,2011-11-24,12720,361,324.74,16
578548,2011-11-24,17345,168,253.609999999999,52
578550,2011-11-24,12720,59,111.34,6
578551,2011-11-24,12937,486,677.83,60
578620,2011-11-24,17247,106,282.19,55
578621,2011-11-24,13719,82,121.66,6
578622,2011-11-24,18184,60,49.8,1
578623,2011-11-24,15953,90,158.42,7
578626,2011-11-24,12709,322,879.1,18
578627,2011-11-24,14709,150,312.0,10
578630,2011-11-24,12748,120,170.52,3
578631,2011-11-24,14805,30,189.8,8
578633,2011-11-24,16616,260,290.32,22
578634,2011-11-24,16566,98,112.38,7
578653,2011-11-24,18161,248,462.0,24
578661,2011-11-24,18188,268,392.76,13
578662,2011-11-24,17516,41,159.23,23
578663,2011-11-24,15428,102,93.78,6
578664,2011-11-24,15910,214,247.06,47
578665,2011-11-24,16570,208,427.08,11
578666,2011-11-24,17727,645,1060.25,66
578667,2011-11-24,15514,91,137.97,26
578668,2011-11-24,12971,300,195.0,5
578670,2011-11-24,17323,3,4.94999999999999,1
578671,2011-11-24,16989,40,66.0,1
578672,2011-11-24,16668,60,40.1999999999999,3
578674,2011-11-24,14088,12,39.48,1
578675,2011-11-24,14756,416,738.96,38
578676,2011-11-24,16016,66,154.48,30
578677,2011-11-24,15750,121,187.14,25
578678,2011-11-24,17841,399,462.76,97
578679,2011-11-25,15117,568,348.1,10
578680,2011-11-25,16458,146,239.66,13
578681,2011-11-25,13579,130,302.34,14
578682,2011-11-25,17173,295,963.18,20
578683,2011-11-25,15134,70,151.38,5
578684,2011-11-25,16856,12,35.4,2
578685,2011-11-25,16779,216,440.64,7
578686,2011-11-25,13050,235,362.95,20
578687,2011-11-25,14703,183,318.17,22
578688,2011-11-25,16719,235,292.67,40
578689,2011-11-25,15793,177,353.61,4
578690,2011-11-25,17302,41,138.55,9
578694,2011-11-25,13199,126,234.24,2
578695,2011-11-25,13199,86,36.8,3
578696,2011-11-25,13985,336,721.34,32
578697,2011-11-25,14132,281,337.4,22
578698,2011-11-25,12620,441,400.09,35
578699,2011-11-25,13113,104,336.96,5
578701,2011-11-25,17624,242,443.18,25
578702,2011-11-25,15382,707,1245.81,56
578703,2011-11-25,17385,201,261.11,47
578704,2011-11-25,18172,160,408.0,2
578705,2011-11-25,12531,45,125.22,17
578707,2011-11-25,17870,231,376.02,70
578708,2011-11-25,15737,21,56.6,2
578719,2011-11-25,17348,175,177.61,38
578736,2011-11-25,12681,318,706.5,15
578745,2011-11-25,13978,18,37.8,1
578757,2011-11-25,12748,256,420.41,125
578781,2011-11-25,15872,211,358.83,127
578782,2011-11-25,15872,1,2.1,1
578783,2011-11-25,12748,380,364.13,37
578785,2011-11-25,13525,186,345.9,4
578786,2011-11-25,13184,125,196.85,21
578787,2011-11-25,13589,86,232.65,12
578789,2011-11-25,16161,86,320.6,15
578790,2011-11-25,14966,187,191.32,38
578791,2011-11-25,12841,102,123.289999999999,15
578792,2011-11-25,14911,92,293.789999999999,6
578793,2011-11-25,16210,528,1909.62,10
578794,2011-11-25,17232,110,208.04,17
578795,2011-11-25,17243,234,308.86,13
578802,2011-11-25,17468,92,107.0,4
578804,2011-11-25,17557,114,102.3,8
578805,2011-11-25,16401,312,396.14,20
578806,2011-11-25,13149,396,543.439999999999,22
578807,2011-11-25,17491,230,331.52,6
578808,2011-11-25,16327,551,671.83,52
578809,2011-11-25,13048,281,460.86,30
578810,2011-11-25,16814,56,208.7,7
578811,2011-11-25,12438,594,2016.78,49
578812,2011-11-25,13332,179,350.9,21
578813,2011-11-25,14946,22,100.9,3
578814,2011-11-25,12748,207,266.1,87
578815,2011-11-25,13860,105,308.64,19
578816,2011-11-25,14111,256,397.35,5
578817,2011-11-25,16764,128,275.62,68
578818,2011-11-25,17920,74,136.04,31
578819,2011-11-25,15311,508,790.06,11
578820,2011-11-25,12912,152,400.08,4
578821,2011-11-25,17389,80,441.0,3
578822,2011-11-25,13437,226,459.82,13
578824,2011-11-25,17883,123,289.1,59
578825,2011-11-25,17562,96,165.7,10
578826,2011-11-25,17329,75,279.75,17
578829,2011-11-25,14710,37,54.81,17
578830,2011-11-25,15186,53,182.15,9
578831,2011-11-25,15473,160,408.0,2
578834,2011-11-25,18109,183,524.74,31
578835,2011-11-25,12682,69,153.72,5
578836,2011-11-25,13069,117,156.09,23
578841,2011-11-25,13256,12540,0.0,1
578843,2011-11-25,17813,57,202.47,33
578846,2011-11-25,17757,299,365.33,49
578848,2011-11-27,17988,3,14.11,2
578849,2011-11-27,13232,52,187.9,17
578850,2011-11-27,13571,172,223.79,31
578851,2011-11-27,16407,215,332.169999999999,21
578852,2011-11-27,17841,271,400.62,107
578853,2011-11-27,17864,47,116.78,11
578854,2011-11-27,14859,186,388.42,13
578855,2011-11-27,14878,66,148.85,9
578856,2011-11-27,17769,290,707.81,40
578857,2011-11-27,14859,22,38.2,2
578858,2011-11-27,18145,790,758.3,82
578901,2011-11-27,17812,104,267.76,52
578914,2011-11-27,13782,96,170.06,15
578921,2011-11-27,13596,214,411.6,148
578922,2011-11-27,17236,74,218.4,32
578923,2011-11-27,14527,50,253.13,21
578924,2011-11-27,16983,291,307.909999999999,19
578925,2011-11-27,17365,359,426.37,39
578926,2011-11-27,18156,228,528.71,85
578927,2011-11-27,15747,187,424.57,48
578928,2011-11-27,15443,437,687.86,75
578929,2011-11-27,13064,150,277.16,21
578931,2011-11-27,16942,117,261.71,52
578933,2011-11-27,16923,20,181.6,9
578934,2011-11-27,14577,73,213.07,33
578935,2011-11-27,15351,142,316.14,69
578936,2011-11-27,16923,278,506.61,65
578937,2011-11-27,16592,225,440.98,22
578938,2011-11-27,16592,12,25.2,1
578939,2011-11-27,17068,82,168.34,14
578941,2011-11-27,16024,398,251.24,64
578942,2011-11-27,17288,301,555.99,109
578943,2011-11-27,15009,165,348.84,28
578944,2011-11-27,16005,102,171.48,77
578945,2011-11-27,16877,71,125.83,19
578946,2011-11-27,16005,71,145.83,48
578947,2011-11-27,14547,438,534.58,51
578948,2011-11-27,17411,66,209.5,9
578949,2011-11-27,14954,127,336.17,85
578950,2011-11-27,17885,167,190.19,64
578951,2011-11-27,15514,277,499.23,8
578952,2011-11-27,18112,145,156.05,14
578953,2011-11-27,13546,144,208.71,38
578954,2011-11-27,15054,87,133.68,47
578977,2011-11-27,17231,283,464.77,59
578992,2011-11-27,13610,36,118.24,20
578993,2011-11-27,15987,182,244.86,54
578994,2011-11-27,14911,225,829.91,22
578995,2011-11-27,15861,589,599.62,100
578996,2011-11-27,13991,173,167.96,25
578997,2011-11-27,18001,78,165.0,16
578998,2011-11-27,15436,135,263.21,92
578999,2011-11-27,17595,144,230.89,49
579000,2011-11-27,13991,14,31.3,3
579001,2011-11-27,15555,460,470.9,100
579002,2011-11-27,14093,406,442.85,105
579003,2011-11-28,14741,166,231.95,10
579005,2011-11-28,16191,204,391.32,3
579006,2011-11-28,17924,72,128.88,1
579007,2011-11-28,17924,96,163.68,2
579008,2011-11-28,17739,166,389.28,4
579009,2011-11-28,16678,12,39.0,1
579010,2011-11-28,13258,50,103.6,4
579011,2011-11-28,15078,152,307.56,10
579012,2011-11-28,15511,44,164.93,26
579013,2011-11-28,18229,82,317.1,8
579014,2011-11-28,12906,364,552.48,8
579015,2011-11-28,12906,24,42.96,1
579016,2011-11-28,12906,198,387.78,7
579017,2011-11-28,15571,51,130.05,3
579027,2011-11-28,14102,223,295.43,9
579037,2011-11-28,13418,397,688.62,15
579039,2011-11-28,17031,110,154.4,9
579062,2011-11-28,17651,151,291.95,16
579067,2011-11-28,14470,55,163.55,8
579069,2011-11-28,14911,605,1073.23,59
579087,2011-11-28,13914,255,305.38,17
579089,2011-11-28,17920,58,111.11,32
579091,2011-11-28,14893,576,809.12,51
579093,2011-11-28,13081,1322,2123.92,63
579094,2011-11-28,12668,300,882.68,38
579095,2011-11-28,17988,13,41.01,10
579096,2011-11-28,15561,172,350.92,11
579097,2011-11-28,13758,193,512.81,11
579098,2011-11-28,14606,109,192.2,55
579099,2011-11-28,15714,121,198.4,30
579100,2011-11-28,13004,352,345.44,25
579101,2011-11-28,16364,165,359.49,24
579102,2011-11-28,14911,340,805.6,43
579103,2011-11-28,18041,221,267.4,53
579106,2011-11-28,16705,424,1080.48,26
579107,2011-11-28,16705,10,16.5,1
579108,2011-11-28,16705,24,69.36,1
579109,2011-11-28,16705,24,34.8,2
579116,2011-11-28,17346,128,193.03,33
579121,2011-11-28,17299,69,91.06,4
579122,2011-11-28,12971,366,309.82,6
579123,2011-11-28,14217,128,139.6,4
579124,2011-11-28,15721,409,507.08,91
579125,2011-11-28,14215,511,445.81,28
579126,2011-11-28,13798,265,348.32,4
579128,2011-11-28,14397,102,161.399999999999,5
579129,2011-11-28,17852,15,44.35,8
579130,2011-11-28,14735,62,163.019999999999,4
579131,2011-11-28,12839,422,566.76,27
579132,2011-11-28,15022,193,223.56,52
579133,2011-11-28,17852,38,69.99,16
579134,2011-11-28,13115,330,499.56,22
579135,2011-11-28,18096,218,288.44,51
579136,2011-11-28,16094,109,316.93,13
579137,2011-11-28,14704,1,15.0,1
579138,2011-11-28,13590,544,313.14,15
579139,2011-11-28,18102,192,286.08,1
579141,2011-11-28,17019,169,276.68,76
579142,2011-11-28,16744,210,283.0,36
579143,2011-11-28,13882,152,265.24,15
579144,2011-11-28,13269,342,485.96,21
579145,2011-11-28,14597,459,718.05,52
579146,2011-11-28,16347,191,443.36,40
579147,2011-11-28,13263,176,187.1,44
579148,2011-11-28,17523,49,125.55,8
579149,2011-11-28,13844,196,361.62,20
579150,2011-11-28,13408,340,605.4,10
579151,2011-11-28,13408,96,139.92,2
579152,2011-11-28,12479,385,527.2,31
579153,2011-11-28,12660,127,245.1,13
579154,2011-11-28,17218,116,218.96,32
579155,2011-11-28,18101,63,113.42,28
579156,2011-11-28,17419,86,304.94,13
579157,2011-11-28,15540,200,213.3,15
579158,2011-11-28,17188,140,309.12,13
579159,2011-11-28,13196,105,152.43,9
579160,2011-11-28,13196,60,58.4,4
579161,2011-11-28,17379,663,404.66,83
579162,2011-11-28,16393,136,300.02,30
579163,2011-11-28,15838,432,730.08,4
579164,2011-11-28,15838,132,242.04,2
579165,2011-11-28,13389,110,217.81,13
579166,2011-11-28,14290,97,264.53,16
579167,2011-11-28,16800,540,1201.49,164
579168,2011-11-28,17806,727,546.04,43
579170,2011-11-28,17811,63,188.54,32
579171,2011-11-28,13030,190,371.74,39
579173,2011-11-28,17359,161,127.86,15
579174,2011-11-28,13266,315,309.51,15
579175,2011-11-28,14562,110,321.19,26
579176,2011-11-28,13950,121,280.46,12
579177,2011-11-28,13089,250,705.9,8
579179,2011-11-28,17237,26,71.09,7
579180,2011-11-28,13881,344,621.6,4
579181,2011-11-28,13881,144,208.799999999999,1
579182,2011-11-28,15601,172,178.4,9
579183,2011-11-28,15621,168,481.68,4
579184,2011-11-28,16746,93,301.2,11
579185,2011-11-28,13188,25,114.6,2
579188,2011-11-28,12748,290,466.719999999999,39
579189,2011-11-28,16684,528,976.8,2
579190,2011-11-28,12657,390,491.12,9
579191,2011-11-28,16684,600,216.0,1
579193,2011-11-28,12657,390,491.12,9
579194,2011-11-28,15804,153,206.329999999999,11
579196,2011-11-28,14096,2106,8107.72,533
579245,2011-11-28,17929,16,136.0,1
579249,2011-11-28,17450,480,1147.2,2
579250,2011-11-28,14480,143,279.05,13
579251,2011-11-28,17450,1456,3821.36,3
579252,2011-11-28,17450,432,1034.4,2
579253,2011-11-28,17450,96,230.399999999999,1
579254,2011-11-28,14511,209,301.32,19
579255,2011-11-28,14901,91,194.82,14
579256,2011-11-29,13349,225,247.32,16
579257,2011-11-29,15619,136,336.4,3
579258,2011-11-29,15148,187,301.29,20
579259,2011-11-29,12451,151,262.5,15
579260,2011-11-29,14618,143,257.4,8
579261,2011-11-29,13429,286,313.8,19
579262,2011-11-29,13599,60,93.84,2
579263,2011-11-29,13599,18,29.88,2
579264,2011-11-29,13599,70,44.2,3
579265,2011-11-29,13599,48,58.56,2
579267,2011-11-29,14961,457,1144.75,38
579268,2011-11-29,14321,368,300.16,19
579269,2011-11-29,14601,168,213.96,7
579270,2011-11-29,15783,212,246.3,14
579271,2011-11-29,17450,649,2586.68999999999,10
579273,2011-11-29,15197,267,306.36,17
579274,2011-11-29,13467,158,301.25,20
579276,2011-11-29,12654,49,93.0,5
579278,2011-11-29,14209,34,197.1,6
579279,2011-11-29,15298,158,351.52,9
579280,2011-11-29,13928,18,107.9,6
579281,2011-11-29,12375,91,227.2,6
579282,2011-11-29,16818,58,127.76,7
579283,2011-11-29,13883,532,931.7,48
579284,2011-11-29,15061,1619,3337.44,21
579285,2011-11-29,14180,24,160.35,8
579286,2011-11-29,17772,53,156.47,48
579287,2011-11-29,13496,112,152.32,9
579288,2011-11-29,17772,5,26.3,5
579293,2011-11-29,14419,86,216.75,49
579300,2011-11-29,14667,308,374.9,13
579301,2011-11-29,18118,167,293.15,88
579307,2011-11-29,17655,158,447.74,14
579328,2011-11-29,17711,139,164.57,10
579332,2011-11-29,14408,162,308.22,8
579339,2011-11-29,14866,148,337.28,5
579345,2011-11-29,12727,342,643.0,23
579350,2011-11-29,15218,515,807.68,17
579358,2011-11-29,16992,81,214.45,11
579364,2011-11-29,14173,73,194.549999999999,5
579365,2011-11-29,14173,6,12.48,1
579387,2011-11-29,14452,73,137.07,32
579391,2011-11-29,14251,380,490.68,13
579393,2011-11-29,12627,309,566.98,29
579399,2011-11-29,13137,262,460.83,105
579400,2011-11-29,17306,1024,696.8,7
579401,2011-11-29,14550,187,424.83,22
579402,2011-11-29,17306,167,348.35,3
579403,2011-11-29,14503,180,436.1,9
579404,2011-11-29,14126,120,275.85,12
579405,2011-11-29,14126,338,367.78,2
579406,2011-11-29,13014,54,304.9,7
579407,2011-11-29,13657,77,229.8,7
579408,2011-11-29,14701,258,584.14,96
579409,2011-11-29,14701,1,6.95,1
579410,2011-11-29,16168,36,64.56,3
579411,2011-11-29,16794,96,160.93,23
579412,2011-11-29,14125,182,333.92,23
579413,2011-11-29,13668,218,424.29,47
579414,2011-11-29,14719,213,390.37,50
579416,2011-11-29,12471,233,604.86,12
579419,2011-11-29,12471,48,94.02,6
579427,2011-11-29,16479,67,231.18,21
579430,2011-11-29,12748,132,198.33,45
579432,2011-11-29,15311,168,282.18,18
579433,2011-11-29,17466,173,302.87,18
579434,2011-11-29,16678,287,308.55,16
579435,2011-11-29,16782,6,43.5,2
579436,2011-11-29,14785,48,37.92,1
579437,2011-11-29,16852,5,31.85,2
579439,2011-11-29,13426,120,298.48,7
579440,2011-11-29,14388,202,471.98,23
579441,2011-11-29,12464,21,281.9,5
579442,2011-11-29,15152,88,262.8,15
579443,2011-11-29,16479,35,69.65,14
579444,2011-11-29,13999,217,395.97,20
579445,2011-11-29,15206,72,183.6,3
579446,2011-11-29,14121,368,528.48,32
579447,2011-11-29,14390,281,636.46,29
579448,2011-11-29,14390,12,4.68,1
579449,2011-11-29,17101,200,251.0,2
579450,2011-11-29,12901,774,967.5,1
579451,2011-11-29,13147,48,237.6,1
579452,2011-11-29,13199,36,225.0,1
579453,2011-11-29,12748,90,108.74,9
579454,2011-11-29,12901,157,70.81,7
579455,2011-11-29,15239,221,318.8,19
579456,2011-11-29,13428,156,218.47,74
579457,2011-11-29,14824,152,316.7,7
579458,2011-11-29,16549,168,339.21,126
579459,2011-11-29,17173,99,321.9,4
579461,2011-11-29,15615,453,1039.09,32
579462,2011-11-29,13211,255,310.78,10
579464,2011-11-29,15214,104,179.7,10
579465,2011-11-29,15790,114,220.85,35
579466,2011-11-29,15189,72,306.0,2
579467,2011-11-29,15755,109,287.51,15
579468,2011-11-29,14711,77,239.71,34
579469,2011-11-29,13068,100,179.0,1
579470,2011-11-29,16549,588,1079.27,194
579472,2011-11-29,13521,180,287.88,126
579473,2011-11-29,13198,279,392.06,24
579489,2011-11-29,16775,27,129.15,10
579491,2011-11-29,14723,184,322.07,64
579492,2011-11-29,12670,303,696.12,14
579493,2011-11-29,15570,220,344.62,18
579494,2011-11-29,17468,24,30.0,1
579495,2011-11-29,13576,180,327.48,8
579497,2011-11-29,14349,86,133.5,31
579498,2011-11-29,12798,2040,3651.6,1
579499,2011-11-29,17682,378,574.98,29
579501,2011-11-29,14088,625,2075.81,29
579503,2011-11-29,17097,117,170.74,31
579505,2011-11-29,13078,407,444.87,7
579506,2011-11-29,15089,119,138.21,11
579507,2011-11-29,15297,120,261.68,16
579509,2011-11-29,12963,47,148.78,9
579510,2011-11-29,14554,445,727.05,27
579511,2011-11-29,14836,12,23.4,1
579513,2011-11-29,12971,127,123.15,3
579514,2011-11-29,16688,64,283.64,12
579515,2011-11-29,14191,238,370.13,19
579516,2011-11-29,17841,357,775.22,158
579517,2011-11-29,12748,16,34.12,7
579518,2011-11-29,12748,46,78.22,15
579520,2011-11-29,12748,68,186.68,47
579522,2011-11-30,14432,160,284.38,15
579523,2011-11-30,15903,204,729.6,7
579524,2011-11-30,16295,134,302.56,17
579525,2011-11-30,15113,950,1288.63999999999,24
579526,2011-11-30,18058,88,170.16,3
579527,2011-11-30,18210,270,441.04,18
579528,2011-11-30,12787,51,119.0,4
579529,2011-11-30,12488,270,531.21,27
579530,2011-11-30,14794,154,288.36,19
579531,2011-11-30,17017,418,588.42,12
579533,2011-11-30,12953,84,329.85,17
579534,2011-11-30,13784,36,38.16,1
579535,2011-11-30,15414,193,353.4,18
579536,2011-11-30,12957,674,968.9,60
579538,2011-11-30,14062,1390,1239.38,14
579539,2011-11-30,14911,100,350.97,18
579540,2011-11-30,13658,172,434.8,22
579541,2011-11-30,14653,134,287.64,46
579542,2011-11-30,13658,36,107.6,4
579543,2011-11-30,14653,3,16.66,2
579544,2011-11-30,14540,111,314.73,15
579545,2011-11-30,13098,515,931.46,18
579548,2011-11-30,15073,63,181.45,10
579549,2011-11-30,13203,196,163.22,12
579550,2011-11-30,12630,264,569.09,29
579551,2011-11-30,15782,144,450.4,9
579552,2011-11-30,16210,440,788.46,17
579553,2011-11-30,14156,354,760.71,31
579555,2011-11-30,16241,357,609.4,112
579556,2011-11-30,17835,122,126.66,23
579558,2011-11-30,14755,368,737.8,30
579559,2011-11-30,16764,100,169.2,57
579560,2011-11-30,15039,71,171.63,33
579561,2011-11-30,16115,83,149.01,24
579571,2011-11-30,16657,307,229.27,30
579572,2011-11-30,15394,138,329.4,14
579600,2011-11-30,13647,236,402.22,19
579605,2011-11-30,15024,148,295.909999999999,28
579612,2011-11-30,15024,1,8.5,1
579619,2011-11-30,18241,70,117.54,5
579623,2011-11-30,16062,150,375.48,16
579629,2011-11-30,14963,227,248.17,28
579634,2011-11-30,12598,147,163.85,11
579666,2011-11-30,14893,223,428.73,22
579667,2011-11-30,16361,52,115.47,17
579668,2011-11-30,15152,255,405.47,26
579669,2011-11-30,14673,135,302.33,12
579670,2011-11-30,15611,66,146.91,7
579671,2011-11-30,12966,75,160.18,10
579672,2011-11-30,14005,1386,1897.04,30
579673,2011-11-30,18283,134,223.609999999999,52
579674,2011-11-30,13012,92,155.7,10
579675,2011-11-30,15654,146,327.51,12
579676,2011-11-30,17502,204,300.5,12
579677,2011-11-30,13255,67,173.81,7
579678,2011-11-30,18230,132,320.04,6
579679,2011-11-30,13755,29,105.05,14
579684,2011-11-30,14618,29,84.24,3
579685,2011-11-30,15680,205,311.97,15
579686,2011-11-30,16712,24,249.6,1
579687,2011-11-30,14448,60,273.0,2
579689,2011-11-30,14606,63,143.09,37
579690,2011-11-30,15060,93,141.72,44
579692,2011-11-30,12433,2299,2843.29,68
579693,2011-11-30,15712,91,206.45,11
579708,2011-11-30,12682,240,506.96,19
579711,2011-11-30,15060,125,141.88,68
579712,2011-11-30,15467,75,122.32,13
579725,2011-11-30,15060,24,2.88,1
579741,2011-11-30,16910,95,163.59,68
579747,2011-11-30,12528,151,371.6,12
579749,2011-11-30,13362,366,753.1,34
579750,2011-11-30,13536,184,448.45,28
579754,2011-11-30,17911,223,366.23,39
579759,2011-11-30,15251,244,363.88,3
579768,2011-11-30,14911,133,482.96,9
579779,2011-11-30,17737,51,80.85,4
579784,2011-11-30,14258,936,1371.6,8
579786,2011-11-30,12524,110,307.799999999999,4
579788,2011-11-30,17736,24,30.0,1
579789,2011-11-30,14385,39,75.35,5
579790,2011-11-30,12784,2,56.0,1
579792,2011-11-30,12714,811,1319.16,68
579807,2011-11-30,15046,183,315.66,13
579832,2011-11-30,17434,274,371.56,20
579834,2011-11-30,17288,240,200.04,7
579837,2011-11-30,12882,140,991.199999999999,8
579840,2011-11-30,18158,100,109.6,10
579843,2011-11-30,12921,640,1348.58,27
579846,2011-11-30,12921,194,427.64,18
579848,2011-11-30,18179,404,220.579999999999,10
579854,2011-11-30,14713,129,271.75,16
579865,2011-11-30,16915,42,109.68,8
579867,2011-11-30,16265,454,789.9,33
579868,2011-11-30,15544,406,328.32,22
579870,2011-11-30,12437,99,292.409999999999,14
579872,2011-11-30,14085,239,278.82,17
579881,2011-11-30,12429,512,905.52,27
579885,2011-11-30,15444,572,1075.36,147
579899,2011-12-01,15687,137,251.59,12
579900,2011-12-01,15951,139,333.05,19
579901,2011-12-01,12569,88,208.19,10
579910,2011-12-01,14911,132,367.75,15
579916,2011-12-01,15187,72,402.96,3
579917,2011-12-01,15187,24,99.6,1
579920,2011-12-01,16839,384,352.56,4
579921,2011-12-01,16839,216,487.919999999999,7
579922,2011-12-01,13854,204,302.28,5
579927,2011-12-01,12572,159,487.68,24
579936,2011-12-01,12901,1200,780.0,1
579937,2011-12-01,13509,135,98.1,5
579938,2011-12-01,14146,660,1225.16,73
579939,2011-12-01,15101,207,215.25,4
579940,2011-12-01,16938,215,325.63,21
579941,2011-12-01,16496,327,414.48,24
579942,2011-12-01,16145,180,367.39,21
579943,2011-12-01,13040,188,373.74,22
579946,2011-12-01,15993,165,218.94,34
579947,2011-12-01,15993,2,16.5,1
579949,2011-12-01,16700,207,283.81,14
579954,2011-12-01,16701,705,498.439999999999,16
579962,2011-12-01,14243,66,107.42,6
579980,2011-12-01,13263,76,136.85,27
579986,2011-12-01,13777,1167,2251.51,14
579990,2011-12-01,14804,121,353.27,12
579991,2011-12-01,13159,252,282.56,23
580005,2011-12-01,16376,36,112.759999999999,19
580021,2011-12-01,14047,109,351.15,11
580022,2011-12-01,14289,14,78.48,5
580023,2011-12-01,17937,254,360.3,6
580024,2011-12-01,15172,386,376.1,26
580025,2011-12-01,15021,110,241.97,49
580026,2011-12-01,17381,360,308.159999999999,2
580027,2011-12-01,14178,508,420.12,69
580028,2011-12-01,13890,93,154.45,11
580029,2011-12-01,15380,54,385.3,6
580030,2011-12-01,12951,172,312.29,18
580031,2011-12-01,13199,90,151.02,2
580032,2011-12-01,14659,76,149.4,23
580033,2011-12-01,14282,130,270.4,8
580043,2011-12-01,14527,63,270.61,26
580044,2011-12-01,14869,195,334.39,21
580045,2011-12-01,13090,78,355.38,5
580046,2011-12-01,16156,85,315.61,10
580047,2011-12-01,12989,49,67.9299999999999,23
580048,2011-12-01,12748,99,139.03,51
580049,2011-12-01,13599,134,204.22,14
580050,2011-12-01,14960,201,132.97,25
580051,2011-12-01,12963,97,264.65,12
580052,2011-12-01,16513,24,90.0,1
580053,2011-12-01,12912,232,616.319999999999,9
580054,2011-12-01,18122,351,441.76,83
580055,2011-12-01,14298,360,637.6,14
580057,2011-12-01,12955,250,460.3,8
580058,2011-12-01,14367,333,633.53,23
580059,2011-12-01,17768,379,861.85,24
580060,2011-12-01,14287,45,93.35,5
580061,2011-12-01,14051,246,759.3,9
580062,2011-12-01,15862,86,173.15,47
580063,2011-12-01,17450,720,1562.4,5
580064,2011-12-01,18077,194,255.34,23
580065,2011-12-01,15434,46,150.9,8
580066,2011-12-01,14309,253,389.87,18
580067,2011-12-01,16966,276,385.799999999999,3
580068,2011-12-01,17321,5,41.25,1
580069,2011-12-01,15060,21,16.61,8
580070,2011-12-01,12919,136,287.9,8
580071,2011-12-01,15500,120,266.26,16
580073,2011-12-01,16813,79,148.54,18
580074,2011-12-01,15028,62,114.7,5
580075,2011-12-01,17014,127,231.27,17
580076,2011-12-01,15602,204,180.84,5
580077,2011-12-01,14262,248,304.7,20
580088,2011-12-01,17115,112,224.68,7
580089,2011-12-01,14732,149,464.11,18
580090,2011-12-01,13323,33,157.75,5
580091,2011-12-01,17293,126,194.13,10
580092,2011-12-01,13969,586,1121.79,61
580093,2011-12-01,12971,18,59.1,2
580094,2011-12-01,15904,84,164.68,30
580095,2011-12-01,14135,68,303.0,4
580096,2011-12-01,13408,497,545.78,15
580097,2011-12-01,14216,70,448.31,13
580098,2011-12-01,15373,63,345.53,13
580100,2011-12-01,16119,68,113.88,5
580101,2011-12-01,15144,202,525.9,21
580102,2011-12-01,16789,32,80.8,5
580103,2011-12-01,16242,306,548.91,42
580104,2011-12-01,15189,224,441.84,5
580105,2011-12-01,17675,198,520.66,15
580106,2011-12-01,16169,210,339.02,15
580107,2011-12-01,15948,128,311.0,20
580108,2011-12-01,14440,117,617.25,9
580109,2011-12-01,17350,110,322.74,6
580110,2011-12-01,17350,42,72.24,4
580111,2011-12-01,12950,716,1171.4,12
580112,2011-12-01,13089,124,300.84,6
580113,2011-12-01,14766,150,422.52,21
580114,2011-12-01,14299,240,289.52,14
580116,2011-12-01,15290,1101,1274.69,19
580117,2011-12-01,14655,153,362.91,10
580118,2011-12-01,16011,228,393.919999999999,14
580119,2011-12-01,17920,66,187.78,40
580120,2011-12-01,12553,169,277.02,10
580123,2011-12-01,12664,218,890.0,4
580125,2011-12-01,13089,116,313.5,10
580126,2011-12-01,12562,323,654.37,22
580127,2011-12-01,14911,257,309.2,19
580128,2011-12-01,17576,152,395.0,43
580129,2011-12-01,17426,447,634.21,37
580130,2011-12-01,17426,106,122.46,8
580132,2011-12-01,15694,136,464.88,6
580133,2011-12-01,15531,265,485.13,39
580134,2011-12-01,13102,194,308.06,15
580135,2011-12-01,14702,73,130.29,16
580136,2011-12-01,17841,336,633.38,125
580137,2011-12-01,17566,226,486.95,87
580138,2011-12-02,13199,60,188.76,3
580139,2011-12-02,17157,70,157.54,5
580140,2011-12-02,14895,421,849.24,42
580141,2011-12-02,14895,12,25.2,1
580142,2011-12-02,14895,22,51.18,3
580143,2011-12-02,13297,124,323.52,10
580144,2011-12-02,12684,85,179.399999999999,6
580147,2011-12-02,17183,192,713.78,12
580149,2011-12-02,12748,1,5.45,1
580151,2011-12-02,17811,77,168.48,12
580152,2011-12-02,12364,502,310.32,27
580153,2011-12-02,12762,1032,1436.93,48
580154,2011-12-02,12569,9,67.0,4
580155,2011-12-02,13183,214,429.06,6
580156,2011-12-02,14897,146,620.06,18
580157,2011-12-02,14083,10,22.9399999999999,7
580158,2011-12-02,12558,196,269.96,11
580159,2011-12-02,17942,38,77.5,2
580160,2011-12-02,12700,701,1314.75,57
580162,2011-12-02,12856,126,213.1,49
580163,2011-12-02,12828,118,273.78,13
580164,2011-12-02,18097,268,686.4,24
580166,2011-12-02,13495,76,312.64,5
580167,2011-12-02,17386,880,989.08,17
580169,2011-12-02,17949,24,81.36,1
580170,2011-12-02,17949,1000,720.0,1
580172,2011-12-02,17949,24,129.359999999999,1
580173,2011-12-02,18282,28,77.84,5
580175,2011-12-02,14126,50,62.5,1
580176,2011-12-02,14292,184,388.36,6
580177,2011-12-02,14292,12,24.96,1
580178,2011-12-02,16013,988,1852.68,16
580188,2011-12-02,16440,510,975.43,80
580189,2011-12-02,16353,48,237.6,1
580193,2011-12-02,16899,71,311.58,25
580208,2011-12-02,13468,48,156.4,9
580213,2011-12-02,17495,79,154.97,7
580214,2011-12-02,14092,24,42.36,2
580221,2011-12-02,14092,160,312.1,15
580235,2011-12-02,16333,288,360.0,1
580243,2011-12-02,16333,1120,1187.2,1
580256,2011-12-02,14688,254,567.37,46
580257,2011-12-02,14688,50,92.5,1
580258,2011-12-02,13798,514,672.8,6
580259,2011-12-02,13705,126,189.18,7
580260,2011-12-02,14085,212,386.34,47
580261,2011-12-02,16038,15,78.45,3
580262,2011-12-02,16759,314,370.94,19
580264,2011-12-02,18144,160,232.0,1
580265,2011-12-02,12587,51,144.0,4
580272,2011-12-02,15547,392,522.41,95
580276,2011-12-02,16426,157,230.02,53
580277,2011-12-02,16474,47,121.11,5
580278,2011-12-02,13560,64,174.37,33
580279,2011-12-02,15123,686,1129.84,53
580280,2011-12-02,16133,110,318.06,8
580281,2011-12-02,12704,81,198.76,5
580282,2011-12-02,14428,76,201.859999999999,13
580283,2011-12-02,16133,292,309.84,21
580284,2011-12-02,15311,59,252.109999999999,19
580285,2011-12-02,12695,14,85.1,3
580286,2011-12-02,17611,74,176.88,11
580287,2011-12-02,14594,39,124.83,22
580288,2011-12-02,17611,57,129.17,8
580289,2011-12-02,15856,457,844.78,32
580290,2011-12-02,17221,173,202.85,33
580291,2011-12-02,15539,410,538.46,41
580292,2011-12-02,15856,109,264.99,5
580293,2011-12-02,16426,73,79.56,23
580294,2011-12-02,17364,137,271.99,21
580295,2011-12-02,17841,52,113.789999999999,29
580296,2011-12-02,13780,145,243.73,48
580297,2011-12-02,15769,1744,3404.0,8
580298,2011-12-02,17086,469,459.86,31
580299,2011-12-02,14023,183,310.93,15
580300,2011-12-02,14085,9,13.95,1
580301,2011-12-02,15271,124,192.079999999999,11
580302,2011-12-02,16103,2,16.5,1
580303,2011-12-02,16626,84,135.0,4
580304,2011-12-02,18055,369,863.77,47
580305,2011-12-02,12970,250,385.56,127
580306,2011-12-02,14250,196,435.0,22
580307,2011-12-02,12970,52,42.8799999999999,16
580308,2011-12-02,14250,138,240.22,15
580309,2011-12-02,14503,172,433.12,13
580310,2011-12-02,15570,12,35.4,2
580311,2011-12-02,18245,460,894.25,55
580314,2011-12-02,13969,55,20.11,6
580315,2011-12-02,14560,48,40.8,1
580316,2011-12-02,18109,168,660.839999999999,21
580317,2011-12-02,13458,278,584.52,25
580318,2011-12-02,17686,295,629.37,34
580319,2011-12-02,15078,338,310.18,14
580320,2011-12-02,15078,252,462.5,20
580321,2011-12-02,15078,24,50.4,2
580322,2011-12-02,17567,304,418.0,11
580331,2011-12-02,13017,48,204.0,1
580351,2011-12-02,12962,51,95.85,5
580355,2011-12-02,13953,276,411.32,7
580356,2011-12-02,18109,2,15.0,1
580357,2011-12-02,15856,544,945.13,26
580358,2011-12-02,17238,182,501.8,50
580360,2011-12-02,14493,278,515.7,27
580361,2011-12-02,14865,12,15.0,1
580362,2011-12-02,13884,86,247.1,13
580363,2011-12-02,13868,1500,2685.0,1
580364,2011-12-02,13309,316,234.88,16
580368,2011-12-02,16989,24,39.5999999999999,1
580370,2011-12-02,16954,120,209.52,3
580371,2011-12-02,18174,50,104.0,1
580372,2011-12-02,16359,91,110.73,10
580373,2011-12-02,14788,228,310.99,15
580374,2011-12-02,17584,213,492.85,19
580375,2011-12-02,14031,146,507.12,9
580384,2011-12-04,17243,229,331.28,15
580385,2011-12-04,16326,65,283.54,24
580386,2011-12-04,18065,50,188.9,10
580387,2011-12-04,18065,41,116.39,6
580388,2011-12-04,18065,73,138.35,7
580389,2011-12-04,12952,119,297.73,18
580393,2011-12-04,16438,95,149.81,20
580394,2011-12-04,14397,152,207.76,6
580395,2011-12-04,17629,294,339.45,18
580396,2011-12-04,13838,94,212.14,55
580397,2011-12-04,13558,69,122.679999999999,36
580398,2011-12-04,14354,120,75.84,3
580399,2011-12-04,13471,532,892.94,139
580400,2011-12-04,16561,86,246.16,15
580401,2011-12-04,17618,84,304.8,12
580402,2011-12-04,13536,336,659.65,38
580403,2011-12-04,17858,143,763.72,43
580404,2011-12-04,13596,192,285.44,18
580405,2011-12-04,14720,72,262.68,15
580419,2011-12-04,16283,149,240.67,17
580431,2011-12-04,13822,111,163.62,5
580432,2011-12-04,13153,418,486.22,15
580434,2011-12-04,17114,40,90.89,24
580436,2011-12-04,13318,44,186.96,3
580438,2011-12-04,12827,47,111.45,5
580441,2011-12-04,13808,114,229.16,13
580460,2011-12-04,12748,44,52.09,9
580468,2011-12-04,12748,84,118.539999999999,38
580469,2011-12-04,14583,220,264.91,100
580482,2011-12-04,16033,206,421.87,73
580490,2011-12-04,15773,311,635.68,10
580500,2011-12-04,17131,418,1067.33,60
580501,2011-12-04,14546,235,499.99,73
580502,2011-12-04,16931,333,411.44,82
580503,2011-12-04,13956,51,156.5,21
580504,2011-12-04,17936,262,389.84,77
580505,2011-12-04,15867,258,285.58,37
580506,2011-12-04,13319,128,309.1,9
580509,2011-12-04,12719,212,361.35,21
580511,2011-12-04,12560,290,697.7,28
580512,2011-12-04,12673,180,389.62,19
580513,2011-12-04,14456,534,382.96,117
580514,2011-12-04,16905,159,334.7,26
580515,2011-12-04,17750,268,113.32,13
580516,2011-12-04,17954,280,292.96,65
580517,2011-12-04,17173,200,557.2,15
580518,2011-12-04,13435,298,442.3,14
580520,2011-12-04,13521,253,436.82,127
580523,2011-12-04,17827,286,411.65,64
580524,2011-12-04,13704,90,164.68,11
580525,2011-12-04,13630,120,231.999999999999,4
580526,2011-12-04,16535,356,593.75,31
580527,2011-12-04,13736,269,374.37,115
580528,2011-12-04,14911,534,773.54,30
580529,2011-12-04,14658,24,124.01,15
580530,2011-12-04,14102,90,118.5,5
580531,2011-12-04,12569,34,92.55,4
580532,2011-12-04,13098,248,587.92,6
580533,2011-12-04,13098,18,96.3,1
580534,2011-12-04,12724,75,208.24,8
580535,2011-12-04,16988,43,126.12,7
580536,2011-12-04,12490,255,462.3,26
580538,2011-12-05,14075,202,316.78,8
580539,2011-12-05,18180,267,310.73,22
580540,2011-12-05,13417,90,404.83,18
580541,2011-12-05,15358,632,778.04,53
580542,2011-12-05,15358,18,52.0199999999999,3
580543,2011-12-05,18223,286,578.72,23
580544,2011-12-05,15156,238,391.46,25
580545,2011-12-05,12782,128,252.25,14
580548,2011-12-05,12569,7,69.0,4
580550,2011-12-05,13126,448,369.44,30
580552,2011-12-05,15572,94,194.98,10
580553,2011-12-05,12646,408,615.28,21
580554,2011-12-05,17402,88,286.8,2
580555,2011-12-05,14911,185,512.0,13
580556,2011-12-05,16513,44,121.8,2
580557,2011-12-05,14911,34,75.4,4
580558,2011-12-05,14931,60,198.4,5
580559,2011-12-05,15628,96,202.95,9
580595,2011-12-05,14194,224,484.1,22
580596,2011-12-05,15392,207,304.409999999999,15
580598,2011-12-05,17526,170,323.1,9
580599,2011-12-05,12925,283,325.74,22
580600,2011-12-05,12841,147,146.01,28
580601,2011-12-05,12841,4,5.0,1
580602,2011-12-05,16149,140,116.84,7
580603,2011-12-05,16642,348,380.6,19
580606,2011-12-05,15290,32,60.4,2
580607,2011-12-05,15290,156,202.62,7
580608,2011-12-05,16811,84,232.3,10
580611,2011-12-05,12748,284,363.79,108
580613,2011-12-05,14759,322,755.12,50
580614,2011-12-05,16500,18,52.74,2
580615,2011-12-05,16873,1005,1854.83,78
580619,2011-12-05,15053,472,219.19,31
580622,2011-12-05,17006,85,247.06,10
580630,2011-12-05,12913,523,535.1,13
580631,2011-12-05,16682,170,110.86,6
580632,2011-12-05,16360,497,764.34,143
580633,2011-12-05,17579,128,178.04,33
580634,2011-12-05,14060,192,297.48,9
580635,2011-12-05,14649,353,513.99,88
580636,2011-12-05,16746,654,449.92,36
580637,2011-12-05,15033,138,167.8,43
580638,2011-12-05,12381,92,147.01,7
580639,2011-12-05,17254,101,102.13,57
580640,2011-12-05,16910,147,186.8,92
580642,2011-12-05,13311,34,108.46,2
580643,2011-12-05,14547,161,326.05,17
580644,2011-12-05,16904,239,349.02,42
580645,2011-12-05,17857,879,1931.6,3
580646,2011-12-05,17857,1600,1048.0,2
580647,2011-12-05,14083,321,446.57,72
580648,2011-12-05,12628,147,215.25,13
580650,2011-12-05,14401,458,353.78,25
580651,2011-12-05,16851,81,102.99,6
580652,2011-12-05,17511,3920,2430.08,33
580653,2011-12-05,17706,322,775.84,21
580654,2011-12-05,15854,95,112.66,35
580655,2011-12-05,15854,25,22.0499999999999,4
580656,2011-12-05,15621,123,235.57,8
580657,2011-12-05,14696,191,300.54,20
580658,2011-12-05,17090,122,224.04,5
580659,2011-12-05,17811,81,156.1,22
580660,2011-12-05,16592,608,918.16,38
580661,2011-12-05,17218,53,108.69,17
580662,2011-12-05,15856,334,479.58,7
580663,2011-12-05,15621,10,12.5,1
580664,2011-12-05,15097,170,248.08,25
580665,2011-12-05,16684,4732,5401.98,29
580666,2011-12-05,15856,32,81.6,1
580667,2011-12-05,15031,56,175.53,33
580668,2011-12-05,13685,4,5.48,4
580669,2011-12-05,15159,618,1352.48,39
580670,2011-12-05,18044,97,210.9,9
580671,2011-12-05,15159,444,378.36,19
580672,2011-12-05,17920,236,303.29,83
580673,2011-12-05,13089,1892,3705.48,71
580675,2011-12-05,15640,598,1186.48,41
580676,2011-12-05,17817,41,117.979999999999,20
580677,2011-12-05,16200,292,530.05,121
580678,2011-12-05,18015,157,120.03,46
580679,2011-12-05,18198,191,318.45,14
580680,2011-12-05,13001,305,591.01,15
580681,2011-12-05,13083,44,111.36,4
580682,2011-12-05,16968,228,186.12,16
580684,2011-12-05,13305,156,213.16,9
580685,2011-12-05,17676,216,347.6,16
580687,2011-12-05,16379,226,401.64,17
580688,2011-12-05,15550,43,142.35,12
580689,2011-12-05,12994,156,328.95,20
580690,2011-12-05,16597,184,90.04,7
580691,2011-12-05,13790,748,348.8,45
580692,2011-12-05,13173,163,187.71,20
580693,2011-12-05,15690,204,128.76,11
580694,2011-12-05,16600,283,240.32,18
580695,2011-12-05,13230,228,397.26,115
580696,2011-12-05,17757,93,189.3,20
580697,2011-12-05,15984,397,541.33,44
580700,2011-12-05,14219,78,89.94,7
580704,2011-12-05,17404,40,238.0,1
580705,2011-12-05,12683,472,712.48,34
580706,2011-12-05,12683,5,85.0,1
580712,2011-12-05,13021,134,305.43,15
580713,2011-12-05,18030,21,109.55,5
580716,2011-12-05,12367,173,168.9,11
580717,2011-12-05,14608,125,507.55,6
580718,2011-12-05,13079,24,30.0,1
580719,2011-12-05,14739,264,534.96,6
580720,2011-12-05,14629,165,354.18,68
580721,2011-12-05,15274,242,332.58,22
580722,2011-12-05,13985,74,147.56,5
580723,2011-12-05,15856,407,494.62,33
580725,2011-12-05,15932,394,300.219999999999,20
580727,2011-12-05,14096,2193,8935.98,529
580728,2011-12-05,15145,128,158.36,8
580731,2011-12-05,17383,150,199.29,51
580733,2011-12-06,16929,206,205.94,12
580734,2011-12-06,12766,267,718.43,22
580735,2011-12-06,17728,321,587.85,32
580736,2011-12-06,12716,205,375.59,24
580737,2011-12-06,14140,294,394.06,26
580738,2011-12-06,17666,240,319.08,6
580742,2011-12-06,13694,700,1225.0,5
580744,2011-12-06,13694,1640,1761.16,17
580745,2011-12-06,13694,100,145.0,1
580746,2011-12-06,12584,45,200.45,8
580750,2011-12-06,12749,227,763.06,39
580752,2011-12-06,12478,236,680.99,36
580753,2011-12-06,12682,303,636.63,30
580755,2011-12-06,14737,42,82.8,2
580756,2011-12-06,12723,25,77.28,5
580757,2011-12-06,13709,209,497.11,26
580758,2011-12-06,13709,16,31.2,2
580759,2011-12-06,17593,840,678.2,48
580760,2011-12-06,12877,138,99.66,8
580763,2011-12-06,16013,192,791.04,2
580765,2011-12-06,14562,24,61.1999999999999,1
580771,2011-12-06,16015,276,203.1,41
580772,2011-12-06,15992,17,41.9899999999999,3
580774,2011-12-06,13994,26,116.1,5
580775,2011-12-06,16523,20,33.0,1
580776,2011-12-06,14562,96,262.12,25
580777,2011-12-06,14547,95,153.45,11
580778,2011-12-06,16949,92,82.04,7
580808,2011-12-06,16133,626,309.22,22
580816,2011-12-06,15157,482,430.7,36
580819,2011-12-06,15318,642,312.62,33
580820,2011-12-06,13685,2,3.2,2
580822,2011-12-06,17884,299,114.61,24
580830,2011-12-06,14825,79,101.09,6
580831,2011-12-06,14418,789,897.35,61
580833,2011-12-06,16764,96,202.87,45
580848,2011-12-06,18005,44,109.75,37
580852,2011-12-06,16790,126,179.5,11
580865,2011-12-06,17914,473,336.43,80
580872,2011-12-06,18283,142,208.0,50
580873,2011-12-06,15061,1410,3895.85999999999,15
580874,2011-12-06,14735,234,557.44,16
580875,2011-12-06,17744,1152,730.38,49
580876,2011-12-06,14071,116,125.16,64
580877,2011-12-06,17250,98,221.87,34
580878,2011-12-06,14113,231,471.9,11
580879,2011-12-06,17346,66,137.09,31
580880,2011-12-06,14121,694,771.16,39
580881,2011-12-06,16620,40,83.2,4
580882,2011-12-06,12971,38,102.8,3
580883,2011-12-06,16979,58,231.74,14
580884,2011-12-06,15907,253,437.93,126
580885,2011-12-06,16353,72,356.4,1
580887,2011-12-06,13755,80,156.9,25
580888,2011-12-06,14110,96,325.44,1
580889,2011-12-06,14071,12,29.4199999999999,9
580890,2011-12-06,15189,176,348.72,3
580891,2011-12-06,17481,158,172.4,14
580892,2011-12-06,13199,180,302.04,3
580893,2011-12-06,17290,128,172.21,49
580894,2011-12-06,13408,188,417.0,4
580901,2011-12-06,16528,171,244.41,17
580902,2011-12-06,13881,336,569.12,5
580903,2011-12-06,14606,107,230.06,68
580904,2011-12-06,15311,180,429.36,31
580905,2011-12-06,16313,99,106.53,6
580906,2011-12-06,13104,108,339.48,4
580907,2011-12-06,13507,385,456.37,34
580908,2011-12-06,16495,171,437.9,64
580909,2011-12-06,18225,160,330.28,16
580910,2011-12-06,13225,864,1363.2,7
580911,2011-12-06,14503,227,337.75,21
580914,2011-12-06,14871,71,167.63,36
580915,2011-12-06,17705,74,218.0,9
580916,2011-12-06,13685,9,6.31,9
580937,2011-12-06,16143,204,475.58,23
580939,2011-12-06,14907,268,476.36,21
580955,2011-12-06,12442,182,172.06,12
580956,2011-12-06,17841,702,974.01,184
580958,2011-12-06,17266,121,176.17,55
580959,2011-12-06,14673,217,366.77,15
580960,2011-12-06,16016,76,140.6,33
580961,2011-12-06,14572,15,135.05,4
580962,2011-12-06,17119,28,59.66,4
580963,2011-12-06,14868,145,390.09,13
580964,2011-12-06,15822,215,445.27,17
580965,2011-12-06,12417,175,369.73,20
580967,2011-12-06,14216,72,138.25,6
580969,2011-12-06,16076,82,160.98,7
580972,2011-12-06,15194,758,706.64,26
580973,2011-12-06,12820,115,210.35,12
580974,2011-12-06,14293,282,307.15,21
580975,2011-12-06,12989,24,61.1999999999999,1
580977,2011-12-06,16569,93,124.2,5
580978,2011-12-06,13078,552,839.08,9
580979,2011-12-06,12362,221,529.04,30
580980,2011-12-06,17730,461,662.7,24
580981,2011-12-06,16201,336,509.4,30
580982,2011-12-06,17861,452,438.58,61
580984,2011-12-06,16711,344,295.6,5
580985,2011-12-06,17389,1160,4414.88,17
580986,2011-12-06,12650,254,314.44,20
580987,2011-12-06,17389,96,720.0,1
580988,2011-12-06,18154,102,178.7,10
580992,2011-12-06,14282,60,87.3,6
580993,2011-12-06,13323,64,274.8,4
580996,2011-12-06,14578,240,168.63,24
580997,2011-12-06,15023,325,691.64,71
580998,2011-12-06,16987,75,231.93,22
580999,2011-12-06,17883,177,184.87,47
581000,2011-12-07,12720,168,382.47,19
581001,2011-12-07,12583,312,694.77,19
581002,2011-12-07,14708,211,425.19,14
581003,2011-12-07,14911,817,1273.15,63
581004,2011-12-07,16539,56,335.2,7
581005,2011-12-07,12828,67,83.62,5
581006,2011-12-07,14911,609,1186.78,52
581007,2011-12-07,12912,88,187.92,2
581008,2011-12-07,13089,156,361.799999999999,2
581010,2011-12-07,17503,273,218.53,15
581011,2011-12-07,14397,176,221.44,6
581013,2011-12-07,17017,424,630.6,13
581014,2011-12-07,16458,86,175.5,6
581015,2011-12-07,13949,673,518.23,43
581016,2011-12-07,14141,77,226.35,10
581017,2011-12-07,14910,80,110.8,8
581018,2011-12-07,13743,360,275.76,7
581019,2011-12-07,14794,158,204.86,13
581020,2011-12-07,17511,3295,4949.24,40
581021,2011-12-07,14769,201,341.969999999999,24
581022,2011-12-07,12826,63,142.6,7
581027,2011-12-07,17091,180,450.8,22
581034,2011-12-07,17049,234,396.0,20
581057,2011-12-07,16817,153,217.33,15
581058,2011-12-07,15969,32,135.0,4
581059,2011-12-07,13267,114,301.2,15
581064,2011-12-07,13882,324,193.08,14
581068,2011-12-07,16191,177,244.66,5
581074,2011-12-07,15568,180,335.77,17
581095,2011-12-07,17238,78,138.67,12
581096,2011-12-07,17412,86,186.4,10
581097,2011-12-07,13685,600,1170.0,1
581098,2011-12-07,14911,572,1396.96,51
581099,2011-12-07,18219,139,242.37,12
581101,2011-12-07,17835,65,114.14,19
581104,2011-12-07,13668,174,333.02,20
581105,2011-12-07,16000,4340,8345.2,7
581107,2011-12-07,16000,620,2046.0,1
581108,2011-12-07,15984,342,204.38,9
581110,2011-12-07,16000,150,2002.5,1
581112,2011-12-07,16678,210,323.94,14
581113,2011-12-07,14534,83,130.82,15
581114,2011-12-07,14527,60,361.34,31
581115,2011-12-07,15195,1404,3861.0,1
581116,2011-12-07,17232,93,213.48,19
581118,2011-12-07,15136,126,212.4,13
581119,2011-12-07,15136,38,44.5,3
581120,2011-12-07,17042,102,121.56,9
581122,2011-12-07,12839,487,752.39,31
581123,2011-12-07,15750,205,340.39,19
581125,2011-12-07,14087,251,194.42,69
581126,2011-12-07,18272,254,367.88,23
581127,2011-12-07,16271,1,15.0,1
581129,2011-12-07,15498,450,864.939999999999,36
581130,2011-12-07,18237,85,125.75,8
581131,2011-12-07,16393,140,306.7,22
581132,2011-12-07,17590,144,320.93,16
581133,2011-12-07,14904,1392,628.48,47
581134,2011-12-07,16368,136,194.95,50
581135,2011-12-07,18092,152,561.84,7
581136,2011-12-07,18273,20,51.0,1
581137,2011-12-07,17434,246,321.34,15
581138,2011-12-07,12950,500,360.0,4
581139,2011-12-07,13798,516,822.68,7
581140,2011-12-07,13870,57,152.75,4
581141,2011-12-07,14132,315,315.13,20
581142,2011-12-07,14204,82,161.03,44
581143,2011-12-07,17490,32,40.4,2
581144,2011-12-07,14085,275,230.7,15
581146,2011-12-07,17602,902,1088.69,120
581147,2011-12-07,16426,175,245.02,42
581149,2011-12-07,15471,266,469.48,77
581150,2011-12-07,17266,13,21.41,8
581163,2011-12-07,12747,122,438.5,7
581164,2011-12-07,14395,248,558.99,57
581165,2011-12-07,15701,264,318.94,29
581166,2011-12-07,15525,128,314.69,81
581167,2011-12-07,13534,180,357.2,14
581168,2011-12-07,16779,154,344.66,12
581169,2011-12-07,16779,238,612.4,10
581170,2011-12-07,13767,418,885.98,9
581171,2011-12-07,12615,249,422.85,20
581172,2011-12-07,16525,284,321.72,6
581173,2011-12-07,17870,279,264.91,50
581174,2011-12-07,13769,148,317.92,16
581175,2011-12-07,14646,7366,10901.5399999999,77
581176,2011-12-07,14646,452,575.88,8
581177,2011-12-07,14032,88,183.12,2
581179,2011-12-07,12471,890,2238.50999999999,38
581180,2011-12-07,12347,192,224.82,11
581181,2011-12-07,14189,322,301.56,18
581182,2011-12-07,12783,142,400.58,17
581183,2011-12-07,12569,138,151.38,10
581184,2011-12-07,12569,24,106.9,5
581185,2011-12-07,16672,72,270.0,3
581186,2011-12-07,13756,120,247.8,8
581187,2011-12-07,13756,292,598.6,11
581188,2011-12-07,17735,1016,893.6,47
581191,2011-12-07,17449,147,425.69,59
581192,2011-12-07,15883,151,252.72,29
581193,2011-12-07,17097,92,144.15,53
581194,2011-12-07,15298,434,312.22,18
581195,2011-12-07,12935,6,12.48,1
581196,2011-12-07,12935,324,331.3,18
581214,2011-12-08,14251,224,482.28,10
581215,2011-12-08,13408,272,445.84,8
581216,2011-12-08,16523,468,822.62,24
581218,2011-12-08,14191,476,426.12,32
581220,2011-12-08,13924,642,302.4,27
581221,2011-12-08,17856,265,275.4,6
581222,2011-12-08,14520,46,105.6,3
581223,2011-12-08,15237,88,83.6,7
581224,2011-12-08,17631,149,111.83,10
581225,2011-12-08,17677,444,657.12,19
581227,2011-12-08,17677,12,47.04,2
581230,2011-12-08,14291,494,537.89,34
581231,2011-12-08,14291,4,19.8,1
581232,2011-12-08,12358,148,683.2,7
581233,2011-12-08,13436,76,196.89,12
581236,2011-12-08,13468,186,124.54,9
581237,2011-12-08,15443,181,379.51,55
581241,2011-12-08,15520,314,343.5,18
581246,2011-12-08,15453,67,135.28,30
581251,2011-12-08,18210,52,177.9,11
581252,2011-12-08,14129,86,152.579999999999,8
581253,2011-12-08,16891,28,115.95,19
581266,2011-12-08,12621,992,1188.2,57
581279,2011-12-08,12437,21,165.9,3
581281,2011-12-08,18109,191,692.67,13
581285,2011-12-08,13394,174,302.1,12
581291,2011-12-08,14135,109,139.9,8
581310,2011-12-08,16442,92,179.76,72
581324,2011-12-08,14217,28,94.4799999999999,6
581325,2011-12-08,15877,196,251.02,20
581327,2011-12-08,15187,214,329.92,12
581333,2011-12-08,15159,21,103.95,5
581334,2011-12-08,17841,475,835.13,133
581335,2011-12-08,15214,152,128.76,12
581336,2011-12-08,16161,92,318.51,17
581338,2011-12-08,14646,140,250.6,1
581345,2011-12-08,17315,131,190.18,16
581352,2011-12-08,14698,102,157.16,46
581356,2011-12-08,17830,27,111.05,7
581357,2011-12-08,13314,189,186.47,15
581358,2011-12-08,17436,42,93.8999999999999,5
581361,2011-12-08,17522,102,158.459999999999,6
581375,2011-12-08,16210,1056,3599.4,12
581376,2011-12-08,14719,253,406.42,54
581377,2011-12-08,14138,151,344.17,14
581378,2011-12-08,17673,93,112.47,23
581379,2011-12-08,13954,101,212.51,12
581380,2011-12-08,13102,77,194.07,7
581381,2011-12-08,16933,161,338.5,24
581382,2011-12-08,13860,223,319.45,20
581383,2011-12-08,15399,188,266.64,18
581385,2011-12-08,13298,96,360.0,2
581394,2011-12-08,16892,4,11.8,1
581395,2011-12-08,16892,35,123.12,20
581396,2011-12-08,15189,90,404.1,3
581397,2011-12-08,17668,62,185.899999999999,7
581398,2011-12-08,17243,122,604.3,9
581399,2011-12-08,17528,198,200.5,14
581400,2011-12-08,14056,190,425.02,52
581401,2011-12-08,17644,256,332.76,26
581402,2011-12-08,14653,186,403.03,36
581403,2011-12-08,13510,254,341.86,21
581404,2011-12-08,13680,324,638.38,63
581405,2011-12-08,13521,303,368.95,183
581407,2011-12-08,13263,123,207.35,48
581410,2011-12-08,13098,1069,1681.54,25
581411,2011-12-08,17554,78,238.3,6
581412,2011-12-08,14415,694,1095.95,115
581413,2011-12-08,16833,134,435.24,15
581414,2011-12-08,14730,184,244.93,71
581415,2011-12-08,13269,226,333.68,12
581416,2011-12-08,14569,79,227.39,12
581417,2011-12-08,13013,110,295.1,8
581418,2011-12-08,17451,154,294.18,13
581419,2011-12-08,15484,740,674.25,27
581420,2011-12-08,16358,432,433.16,35
581421,2011-12-08,15898,146,385.89,12
581423,2011-12-08,16688,52,145.7,6
581424,2011-12-08,13890,63,154.05,9
581425,2011-12-08,14796,367,427.23,88
581426,2011-12-08,17757,104,227.25,23
581427,2011-12-08,13890,70,207.7,12
581428,2011-12-08,13404,12,34.68,2
581429,2011-12-08,16322,111,113.67,9
581430,2011-12-08,13471,48,92.24,4
581432,2011-12-08,13798,272,341.76,4
581433,2011-12-08,14911,806,1084.14,72
581434,2011-12-08,13599,70,115.46,6
581436,2011-12-08,17491,278,442.9,15
581437,2011-12-08,14621,254,302.86,16
581438,2011-12-08,12955,268,346.919999999999,12
581442,2011-12-08,13536,59,349.35,9
581443,2011-12-08,13026,492,200.52,14
581445,2011-12-08,17405,164,148.4,14
581448,2011-12-08,15208,48,207.6,9
581449,2011-12-08,12748,22,138.82,19
581450,2011-12-08,16794,64,100.66,30
581451,2011-12-08,17144,132,388.68,25
581452,2011-12-08,17675,324,728.92,18
581453,2011-12-08,16401,454,312.74,19
581454,2011-12-08,15156,91,252.23,10
581455,2011-12-08,18102,140,652.28,11
581456,2011-12-08,17530,170,215.81,39
581457,2011-12-08,18102,2414,10363.82,11
581458,2011-12-08,17949,1500,1080.0,1
581459,2011-12-08,17949,1200,864.0,1
581461,2011-12-08,13318,84,150.84,4
581467,2011-12-08,13077,256,151.83,49
581469,2011-12-08,14606,64,125.65,33
581471,2011-12-08,14702,76,199.29,27
581472,2011-12-08,15796,139,447.65,17
581473,2011-12-08,12748,55,96.89,32
581474,2011-12-08,12748,24,61.55,24
581475,2011-12-09,13069,352,280.24,19
581476,2011-12-09,12433,2215,2618.89,65
581477,2011-12-09,13426,144,291.78,10
581478,2011-12-09,17364,226,391.02,18
581479,2011-12-09,17364,10,29.5,1
581480,2011-12-09,14441,84,305.7,9
581481,2011-12-09,17490,234,242.3,16
581482,2011-12-09,17490,228,488.4,6
581483,2011-12-09,16446,80995,168469.6,1
581485,2011-12-09,17389,114,741.9,3
581486,2011-12-09,17001,218,407.68,16
581487,2011-12-09,15694,120,406.8,1
581488,2011-12-09,17428,56,415.6,3
581489,2011-12-09,16954,72,171.6,2
581491,2011-12-09,12433,12,19.7999999999999,1
581493,2011-12-09,12423,203,208.64,17
581494,2011-12-09,12518,188,339.14,18
581495,2011-12-09,14051,276,1203.9,15
581496,2011-12-09,16558,496,598.97,32
581500,2011-12-09,15344,10,103.3,3
581501,2011-12-09,12985,692,485.0,24
581502,2011-12-09,15910,158,133.35,20
581514,2011-12-09,17754,405,200.99,24
581516,2011-12-09,14422,179,382.01,15
581538,2011-12-09,14446,121,197.09,74
581566,2011-12-09,18102,144,469.439999999999,1
581567,2011-12-09,16626,365,389.21,12
581570,2011-12-09,12662,96,224.95,13
581571,2011-12-09,15311,270,494.6,20
581572,2011-12-09,16705,60,250.52,4
581574,2011-12-09,12526,88,277.08,13
581578,2011-12-09,12713,508,848.55,38
581579,2011-12-09,17581,476,903.62,30
581580,2011-12-09,12748,82,94.11,24
581581,2011-12-09,17581,22,51.18,3
581582,2011-12-09,17581,18,29.88,2
581583,2011-12-09,13777,76,124.6,2
581584,2011-12-09,13777,120,140.64,2
581585,2011-12-09,15804,278,329.05,21
581586,2011-12-09,13113,66,339.2,4
581587,2011-12-09,12680,105,249.45,15
